time,alb_KAN_L,lat_KAN_L,lon_KAN_L,cloud_KAN_L
2017-05-01,0.5838,67.095339,-49.952066,0.0619
2017-05-02,0.6142,67.095336,-49.952072,0.5915
2017-05-03,0.622,67.095337,-49.952072,0.5585
2017-05-04,0.5333,67.095335,-49.952081,0.5997
2017-05-05,0.5393,67.095334,-49.952084,0.3008
2017-05-06,0.5401,67.095335,-49.952083,0.3117
2017-05-07,0.5825,67.095337,-49.952092,0.3663
2017-05-08,0.6452,67.095337,-49.952096,0.7755
2017-05-09,0.5958,67.095336,-49.952095,0.9674
2017-05-10,0.5602,67.095335,-49.952108,0.2026
2017-05-11,0.6124,67.095329,-49.95212,0.3989
2017-05-12,0.7429,67.095334,-49.952127,0.9205
2017-05-13,0.6722,67.095332,-49.952135,0.3193
2017-05-14,0.6423,67.09533,-49.952141,0.0519
2017-05-15,0.6039,67.09533,-49.952152,0.0915
2017-05-16,0.5742,67.095333,-49.952156,0.1203
2017-05-17,0.5727,67.09533,-49.952165,0.327
2017-05-18,0.5777,67.095327,-49.952171,0.9405
2017-05-19,0.5463,67.095327,-49.952185,0.7523
2017-05-20,0.5712,67.095327,-49.952191,0.8044
2017-05-21,0.7124,67.095325,-49.952202,0.9273
2017-05-22,0.7986,67.095328,-49.952202,0.9226
2017-05-23,0.697,67.095324,-49.95221,0.7284
2017-05-24,0.6615,67.095322,-49.952227,0.8546
2017-05-25,0.593,67.095319,-49.952233,0.5333
2017-05-26,0.5988,67.09532,-49.952238,0.5728
2017-05-27,0.5722,67.095322,-49.95224,0.1711
2017-05-28,0.6878,67.095319,-49.952259,0.6982
2017-05-29,0.6373,67.095318,-49.952279,0.2952
2017-05-30,0.7281,67.095314,-49.952278,0.6479
2017-05-31,0.6412,67.095315,-49.952289,0.1169
2017-06-01,0.5798,67.095312,-49.952292,0.1251
2017-06-02,0.5746,67.095314,-49.952301,0.1006
2017-06-03,0.5638,67.095318,-49.952309,0.2768
2017-06-04,0.5704,67.095312,-49.95232,0.4791
2017-06-05,0.574,67.09531,-49.952327,0.2372
2017-06-06,0.5843,67.095309,-49.952336,0.5277
2017-06-07,0.5672,67.095307,-49.952351,0.2094
2017-06-08,0.5572,67.095305,-49.952364,0.1417
2017-06-09,0.5712,67.095306,-49.952374,0.3604
2017-06-10,0.5484,67.095303,-49.952386,0.2491
2017-06-11,0.531,67.095301,-49.952398,0.6702
2017-06-12,0.505,67.0953,-49.952416,0.2033
2017-06-13,0.5197,67.095297,-49.952426,0.2065
2017-06-14,0.516,67.095301,-49.952444,0.1096
2017-06-15,0.5088,67.095297,-49.952448,0.0948
2017-06-16,0.5379,67.095295,-49.952456,0.6701
2017-06-17,0.6236,67.095293,-49.952468,0.9594
2017-06-18,0.5585,67.095291,-49.952475,0.5817
2017-06-19,0.6307,67.095292,-49.952486,0.8835
2017-06-20,0.5681,67.095289,-49.952493,0.8069
2017-06-21,0.5698,67.095291,-49.952492,0.4607
2017-06-22,0.5609,67.095291,-49.952504,0.2601
2017-06-23,0.5326,67.095287,-49.952507,0.7487
2017-06-24,0.4957,67.095289,-49.952524,0.368
2017-06-25,0.4445,67.09529,-49.952531,0.221
2017-06-26,0.4331,67.095283,-49.952551,0.1016
2017-06-27,0.4541,67.095284,-49.952562,0.2028
2017-06-28,0.489,67.09528,-49.952586,0.3909
2017-06-29,0.495,67.095278,-49.952597,0.4709
2017-06-30,0.4991,67.095276,-49.952608,0.8229
2017-07-01,0.8901,67.095274,-49.952618,0.9341
2017-07-02,0.895,67.095274,-49.95262,0.8771
2017-07-03,0.8305,67.095276,-49.952624,0.6599
2017-07-04,0.8325,67.095272,-49.95263,0.9829
2017-07-05,0.7651,67.095272,-49.952634,0.5312
2017-07-06,0.7313,67.095272,-49.952636,0.2767
2017-07-07,0.6489,67.09527,-49.952644,0.1701
2017-07-08,0.559,67.095271,-49.952655,0.6639
2017-07-09,0.4791,67.095269,-49.952668,0.6861
2017-07-10,0.4925,67.095266,-49.952686,0.1574
2017-07-11,0.4857,67.095268,-49.952698,0.1596
2017-07-12,0.4683,67.095265,-49.952709,0.2043
2017-07-13,0.459,67.095262,-49.952717,0.2554
2017-07-14,0.4586,67.095263,-49.952731,0.4515
2017-07-15,0.4704,67.09526,-49.952739,0.3737
2017-07-16,0.7121,67.095259,-49.952759,0.8063
2017-07-17,0.6598,67.095254,-49.952764,0.8154
2017-07-18,0.5907,67.095256,-49.952764,0.4754
2017-07-19,0.4895,67.095254,-49.952771,0.847
2017-07-20,0.4429,67.095254,-49.952781,0.3929
2017-07-21,0.4878,67.095251,-49.952785,0.0365
2017-07-22,0.4839,67.095252,-49.952793,0.0733
2017-07-23,0.4935,67.095251,-49.952809,0.2265
2017-07-24,0.4418,67.095253,-49.952819,0.3634
2017-07-25,0.4262,67.095251,-49.952827,0.3318
2017-07-26,0.4294,67.095246,-49.952848,0.3016
2017-07-27,0.4192,67.095239,-49.952868,0.2829
2017-07-28,0.423,67.09524,-49.952878,0.2138
2017-07-29,0.4308,67.095243,-49.952886,0.2807
2017-07-30,0.4324,67.09524,-49.952894,0.2894
2017-07-31,0.433,67.095238,-49.952902,0.2947
2017-08-01,0.4385,67.095234,-49.952904,0.3157
2017-08-02,0.4284,67.095237,-49.952913,0.699
2017-08-03,0.4334,67.095237,-49.952914,0.2932
2017-08-04,0.4554,67.095236,-49.952922,0.1472
2017-08-05,0.4776,67.095233,-49.952922,0.3532
2017-08-06,0.4612,67.095237,-49.952932,0.2131
2017-08-07,0.4697,67.095233,-49.952937,0.5524
2017-08-08,0.4361,67.095232,-49.952953,0.1677
2017-08-09,0.418,67.095231,-49.952953,0.1814
2017-08-10,0.4183,67.095232,-49.952967,0.5086
2017-08-11,0.4231,67.095228,-49.952968,0.5011
2017-08-12,0.4435,67.09523,-49.952988,0.3188
2017-08-13,0.4495,67.095228,-49.952989,0.2668
2017-08-14,0.461,67.095223,-49.952995,0.1256
2017-08-15,0.4797,67.095224,-49.953003,0.1605
2017-08-16,0.4885,67.095221,-49.953006,0.2345
2017-08-17,0.5129,67.095223,-49.953015,0.8462
2017-08-18,0.4864,67.095221,-49.953016,0.9265
2017-08-19,0.48,67.095219,-49.953021,0.6916
2017-08-20,0.7979,67.095219,-49.953028,0.9199
2017-08-21,0.7194,67.095217,-49.953039,0.4154
2017-08-22,0.5421,67.095218,-49.953041,0.9185
2017-08-23,0.5257,67.095218,-49.95305,0.3321
2017-08-24,0.5119,67.095217,-49.953054,0.1377
2017-08-25,0.5331,67.095214,-49.953062,0.2133
2017-08-26,0.5746,67.095216,-49.953077,0.6973
2017-08-27,0.574,67.095214,-49.95308,0.254
2017-08-28,0.5519,67.095215,-49.95308,0.3807
2017-08-29,0.4917,67.095211,-49.953087,0.9471
2017-08-30,0.5245,67.09521,-49.953102,0.7993
2017-08-31,0.5305,67.095212,-49.953121,0.8225
2017-09-01,0.5556,67.095212,-49.953136,0.9415
2017-09-02,0.7859,67.095208,-49.953155,0.9259
2017-09-03,0.7341,67.095205,-49.953165,0.6374
2017-09-04,0.7132,67.095202,-49.953171,0.1101
2017-09-05,0.6973,67.095204,-49.953174,0.0338
2017-09-06,0.6895,67.095201,-49.953174,0.0574
2017-09-07,0.6879,67.095206,-49.953187,0.3225
2017-09-08,0.6692,67.095201,-49.953185,0.3506
2017-09-09,0.6702,67.0952,-49.953192,0.2761
2017-09-10,0.5926,67.095199,-49.953197,0.4752
2017-09-11,0.7779,67.095198,-49.9532,0.8499
2017-09-12,0.6372,67.095204,-49.953203,0.3866
2017-09-13,0.6171,67.095199,-49.953203,0.7439
2017-09-14,0.5147,67.095195,-49.953215,0.91
2017-09-15,0.4864,67.0952,-49.953217,0.6922
2017-09-16,0.5401,67.0952,-49.95324,0.9707
2017-09-17,0.817,67.095196,-49.953245,0.9589
2017-09-18,0.8172,67.095192,-49.953255,0.5881
2017-09-19,0.8287,67.095195,-49.953264,0.1597
2017-09-20,0.8182,67.095195,-49.953264,0.2434
2017-09-21,0.7988,67.095195,-49.953266,0.4652
2017-09-22,0.811,67.095191,-49.953276,0.8092
2017-09-23,0.8158,67.095192,-49.953283,0.2649
2017-09-24,0.7944,67.095193,-49.953282,0.5775
2017-09-25,0.8327,67.095188,-49.953295,0.6883
2017-09-26,0.6017,67.095187,-49.953304,0.5335
2017-09-27,0.5438,67.09519,-49.953303,0.1663
2017-09-28,0.5307,67.095186,-49.953308,0.3311
2017-09-29,0.554,67.095186,-49.953312,0.5039
2017-09-30,0.5479,67.09519,-49.95331,0.3802
2018-05-01,0.6126,67.095042,-49.954595,0.6751
2018-05-02,0.7634,67.09504,-49.9546,0.5224
2018-05-03,0.6958,67.095039,-49.954614,0.33
2018-05-04,0.8151,67.095037,-49.954608,0.7223
2018-05-05,0.8031,67.095038,-49.954611,0.7375
2018-05-06,0.7866,67.095037,-49.954613,0.7835
2018-05-07,0.7568,67.095038,-49.954614,0.4828
2018-05-08,0.7255,67.09504,-49.954628,0.1892
2018-05-09,0.7132,67.095038,-49.954636,0.1339
2018-05-10,0.7149,67.095033,-49.954642,0.2955
2018-05-11,0.7409,67.095035,-49.954648,0.4868
2018-05-12,0.6221,67.095032,-49.954655,0.7248
2018-05-13,0.5851,67.095033,-49.954669,0.5511
2018-05-14,0.5546,67.095032,-49.954668,0.8565
2018-05-15,0.5387,67.095034,-49.954675,0.1817
2018-05-16,0.5282,67.095035,-49.954689,0.2086
2018-05-17,0.5711,67.095032,-49.954696,0.3037
2018-05-18,0.5329,67.095034,-49.954698,0.3098
2018-05-19,0.5141,67.095029,-49.954693,0.0206
2018-05-20,0.6195,67.095019,-49.954714,0.7247
2018-05-21,0.5354,67.095028,-49.954709,0.1539
2018-05-22,0.5261,67.095025,-49.954728,0.131
2018-05-23,0.5603,67.095027,-49.954726,0.4211
2018-05-24,0.7305,67.095024,-49.954725,0.935
2018-05-25,0.6545,67.095019,-49.954749,0.4001
2018-05-26,0.6141,67.095021,-49.954743,0.5058
2018-05-27,0.7504,67.095022,-49.954752,0.7519
2018-05-28,0.704,67.095025,-49.954755,0.2698
2018-05-29,0.6939,67.095024,-49.954765,0.3995
2018-05-30,0.6336,67.09502,-49.954774,0.5992
2018-05-31,0.5941,67.095023,-49.954785,0.5811
2018-06-01,0.6146,67.095022,-49.954791,0.7258
2018-06-02,0.714,67.095014,-49.954792,0.7709
2018-06-03,0.6615,67.095016,-49.954794,0.8423
2018-06-04,0.6421,67.095013,-49.954803,0.9801
2018-06-05,0.5406,67.095014,-49.954817,0.3434
2018-06-06,0.5337,67.095015,-49.954829,0.4773
2018-06-07,0.5633,67.095012,-49.954847,0.7666
2018-06-08,0.5682,67.095012,-49.954871,0.6517
2018-06-09,0.6386,67.095007,-49.954887,0.3908
2018-06-10,0.603,67.095005,-49.954893,0.1232
2018-06-11,0.5768,67.095004,-49.954907,0.1273
2018-06-12,0.5522,67.095002,-49.954922,0.1402
2018-06-13,0.5612,67.094999,-49.954934,0.5071
2018-06-14,0.6566,67.095,-49.954951,0.6471
2018-06-15,0.5779,67.094997,-49.954969,0.1888
2018-06-16,0.579,67.094992,-49.954981,0.2562
2018-06-17,0.5784,67.094992,-49.95499,0.7114
2018-06-18,0.5375,67.094992,-49.955003,0.3642
2018-06-19,0.5376,67.094986,-49.955011,0.136
2018-06-20,0.5486,67.09499,-49.95503,0.2324
2018-06-21,0.5366,67.094991,-49.955037,0.6993
2018-06-22,0.5305,67.094989,-49.955048,0.4946
2018-06-23,0.5983,67.094989,-49.95506,0.8147
2018-06-24,0.552,67.094982,-49.955071,0.3486
2018-06-25,0.6744,67.094981,-49.955075,0.7821
2018-06-26,0.6024,67.094983,-49.955084,0.3694
2018-06-27,0.5674,67.094978,-49.955096,0.049
2018-06-28,0.5649,67.094982,-49.955104,0.5949
2018-06-29,0.5928,67.09498,-49.955113,0.8656
2018-06-30,0.5835,67.094976,-49.955123,0.4677
2018-07-01,0.5439,67.094975,-49.955131,0.7769
2018-07-02,0.576,67.094974,-49.955139,0.6045
2018-07-03,0.554,67.094974,-49.955147,0.18
2018-07-04,0.5393,67.094976,-49.955155,0.4683
2018-07-05,0.5308,67.094974,-49.955173,0.4478
2018-07-06,0.5506,67.09497,-49.955176,0.3315
2018-07-07,0.5372,67.094971,-49.955187,0.2778
2018-07-08,0.5493,67.094965,-49.955199,0.3241
2018-07-09,0.5563,67.09496,-49.955212,0.3906
2018-07-10,0.5444,67.094963,-49.955215,0.069
2018-07-11,0.5444,67.094966,-49.95522,0.5524
2018-07-12,0.5159,67.094964,-49.955227,0.4107
2018-07-13,0.5084,67.094961,-49.955241,0.2701
2018-07-14,0.5258,67.094962,-49.955248,0.8327
2018-07-15,0.4635,67.094963,-49.955261,0.6512
2018-07-16,0.4731,67.094959,-49.955281,0.6699
2018-07-17,0.5019,67.094956,-49.955292,0.8912
2018-07-18,0.4709,67.094957,-49.955296,0.6986
2018-07-19,0.5429,67.094953,-49.955313,0.5573
2018-07-20,0.5078,67.094951,-49.955318,0.9514
2018-07-21,0.5089,67.094951,-49.955332,0.8223
2018-07-22,0.5121,67.094954,-49.955328,0.7018
2018-07-23,0.5036,67.094951,-49.955341,0.4998
2018-07-24,0.5297,67.09495,-49.95535,0.928
2018-07-25,0.5387,67.094948,-49.955357,0.4959
2018-07-26,0.5401,67.094945,-49.95537,0.8072
2018-07-27,0.6518,67.094943,-49.955368,0.9344
2018-07-28,0.5356,67.094943,-49.95538,0.6105
2018-07-29,0.5579,67.094941,-49.955387,0.137
2018-07-30,0.5253,67.094941,-49.955395,0.2499
2018-07-31,0.5338,67.094938,-49.955401,0.4103
2018-08-01,0.5335,67.094943,-49.955407,0.7183
2018-08-02,0.5581,67.09494,-49.955407,0.6817
2018-08-03,0.4976,67.094941,-49.955412,0.5229
2018-08-04,0.487,67.094938,-49.95543,0.5449
2018-08-05,0.4909,67.094934,-49.955445,0.11
2018-08-06,0.511,67.094937,-49.955448,0.1784
2018-08-07,0.4826,67.094935,-49.955452,0.6243
2018-08-08,0.4697,67.094937,-49.95547,0.5366
2018-08-09,0.5177,67.094929,-49.955487,0.6037
2018-08-10,0.5103,67.094927,-49.955497,0.1729
2018-08-11,0.4927,67.094922,-49.95551,0.3867
2018-08-12,0.491,67.094927,-49.955512,0.3125
2018-08-13,0.4814,67.094929,-49.955514,0.4373
2018-08-14,0.4804,67.094924,-49.955526,0.4522
2018-08-15,0.5247,67.09493,-49.955533,0.8347
2018-08-16,0.5199,67.094924,-49.955532,0.8888
2018-08-17,0.5002,67.09492,-49.955536,0.7547
2018-08-18,0.5039,67.094923,-49.955544,0.153
2018-08-19,0.5252,67.094924,-49.955543,0.3914
2018-08-20,0.4996,67.094923,-49.955549,0.4682
2018-08-21,0.5198,67.09492,-49.95556,0.4666
2018-08-22,0.5656,67.094924,-49.95557,0.3781
2018-08-23,0.5407,67.094923,-49.955573,0.5193
2018-08-24,0.5288,67.09492,-49.955579,0.2228
2018-08-25,0.5439,67.094914,-49.95559,0.7813
2018-08-26,0.5299,67.094917,-49.955596,0.2553
2018-08-27,0.6039,67.094914,-49.955601,0.6018
2018-08-28,0.5471,67.094919,-49.955601,0.4024
2018-08-29,0.5752,67.094956,-49.955585,0.4209
2018-08-30,0.8306,67.094956,-49.95559,0.8843
2018-08-31,0.882,67.094957,-49.955582,0.9851
2018-09-01,0.928,67.094954,-49.955584,0.6288
2018-09-02,0.8495,67.094959,-49.955605,0.2964
2018-09-03,0.8661,67.094954,-49.955613,0.9153
2018-09-04,0.8934,67.094957,-49.955614,0.6606
2018-09-05,0.7886,67.094955,-49.955611,0.4248
2018-09-06,0.7534,67.094956,-49.955619,0.3209
2018-09-07,0.7183,67.094951,-49.955619,0.221
2018-09-08,0.6961,67.094953,-49.955632,0.4543
2018-09-09,0.6949,67.094949,-49.955643,0.6576
2018-09-10,0.6833,67.094952,-49.955646,0.707
2018-09-11,0.6855,67.094953,-49.955642,0.3469
2018-09-12,0.6592,67.094953,-49.955652,0.6841
2018-09-13,0.7002,67.094953,-49.955661,0.1511
2018-09-14,0.6876,67.094951,-49.955665,0.7827
2018-09-15,0.6897,67.094952,-49.955663,0.2792
2018-09-16,0.6949,67.09495,-49.955674,0.3562
2018-09-17,0.7111,67.094951,-49.955684,0.1088
2018-09-18,0.7067,67.09495,-49.95569,0.0792
2018-09-19,0.6888,67.094951,-49.955694,0.1892
2018-09-20,0.6902,67.094951,-49.955697,0.626
2018-09-21,0.7064,67.094949,-49.955696,0.2889
2018-09-22,0.6947,67.094946,-49.9557,0.3248
2018-09-23,0.7038,67.094942,-49.95571,0.4282
2018-09-24,0.6766,67.094944,-49.95572,0.1592
2018-09-25,0.7886,67.094945,-49.955727,0.7761
2018-09-26,0.7921,67.094947,-49.955726,0.6117
2018-09-27,0.7917,67.094945,-49.955725,0.7106
2018-09-28,0.8711,67.094946,-49.955731,0.9002
2018-09-29,0.9047,67.094944,-49.955739,0.4637
2018-09-30,0.6874,67.094944,-49.955742,0.566
2019-05-01,0.5425,67.094801,-49.956905,0.002
2019-05-02,0.5448,67.094801,-49.95691,0.0442
2019-05-03,0.5574,67.094801,-49.956921,0.1545
2019-05-04,0.5427,67.094798,-49.956926,0.1151
2019-05-05,0.5311,67.094798,-49.956929,0.1974
2019-05-06,0.5288,67.094795,-49.956944,0.0852
2019-05-07,0.541,67.094797,-49.956955,0.1571
2019-05-08,0.5591,67.094791,-49.956973,0.096
2019-05-09,0.5727,67.094792,-49.956988,0.1892
2019-05-10,0.6553,67.094794,-49.957003,0.7782
2019-05-11,0.6734,67.094792,-49.95701,0.8614
2019-05-12,0.6107,67.094792,-49.95701,0.0507
2019-05-13,0.5881,67.094789,-49.957012,0.0204
2019-05-14,0.5655,67.09479,-49.95702,0.1406
2019-05-15,0.5331,67.094789,-49.957027,0.281
2019-05-16,0.5795,67.094787,-49.957033,0.9222
2019-05-17,0.5842,67.094788,-49.957054,0.4396
2019-05-18,0.5885,67.094784,-49.957064,0.1186
2019-05-19,0.5786,67.094783,-49.95707,0.1869
2019-05-20,0.5743,67.094784,-49.95708,0.169
2019-05-21,0.5774,67.094781,-49.957089,0.068
2019-05-22,0.5648,67.094776,-49.957116,0.051
2019-05-23,0.5397,67.094776,-49.957135,0.064
2019-05-24,0.5396,67.094772,-49.957142,0.1044
2019-05-25,0.5198,67.094773,-49.957148,0.0344
2019-05-26,0.5137,67.09477,-49.957156,0.0997
2019-05-27,0.5287,67.094769,-49.957171,0.0988
2019-05-28,0.5377,67.094765,-49.957181,0.1042
2019-05-29,0.5498,67.094763,-49.957193,0.1082
2019-05-30,0.5578,67.094767,-49.957198,0.1093
2019-05-31,0.5446,67.094764,-49.957212,0.151
2019-06-01,0.5407,67.094764,-49.95722,0.2346
2019-06-02,0.5724,67.094757,-49.957237,0.7474
2019-06-03,0.5684,67.09476,-49.957246,0.7926
2019-06-04,0.5429,67.094758,-49.957249,0.0741
2019-06-05,0.5494,67.094755,-49.957266,0.0154
2019-06-06,0.5493,67.094759,-49.957282,0.5175
2019-06-07,0.553,67.094757,-49.957292,0.833
2019-06-08,0.5113,67.094753,-49.957295,0.2539
2019-06-09,0.4977,67.094753,-49.957312,0.461
2019-06-10,0.5012,67.094751,-49.95733,0.1394
2019-06-11,0.47,67.094747,-49.957344,0.0708
2019-06-12,0.4553,67.094749,-49.957363,0.0301
2019-06-13,0.4626,67.094748,-49.957371,0.331
2019-06-14,0.4809,67.094744,-49.957379,0.6538
2019-06-15,0.5014,67.094743,-49.957392,0.3121
2019-06-16,0.492,67.094746,-49.957413,0.203
2019-06-17,0.4758,67.09474,-49.957419,0.2076
2019-06-18,0.4698,67.094732,-49.957422,0.1983
2019-06-19,0.4714,67.094733,-49.957441,0.211
2019-06-20,0.4675,67.09473,-49.95745,0.2548
2019-06-21,0.4731,67.094729,-49.957458,0.6694
2019-06-22,0.5207,67.094729,-49.957465,0.8615
2019-06-23,0.5028,67.094727,-49.957473,0.9042
2019-06-24,0.4741,67.094727,-49.957482,0.7519
2019-06-25,0.4973,67.094728,-49.957488,0.9041
2019-06-26,0.4598,67.094727,-49.957494,0.5048
2019-06-27,0.4896,67.094725,-49.957496,0.7818
2019-06-28,0.5092,67.09472,-49.957508,0.5166
2019-06-29,0.5278,67.094721,-49.957512,0.5296
2019-06-30,0.5844,67.094722,-49.957518,0.7154
2019-07-01,0.5534,67.094721,-49.957527,0.3035
2019-07-02,0.5437,67.094712,-49.95753,0.1866
2019-07-03,0.5071,67.094713,-49.957538,0.4881
2019-07-04,0.4955,67.094714,-49.95755,0.339
2019-07-05,0.4795,67.094711,-49.957554,0.5642
2019-07-06,0.4456,67.09471,-49.957567,0.3195
2019-07-07,0.4523,67.094707,-49.957578,0.2589
2019-07-08,0.4364,67.094706,-49.957589,0.1221
2019-07-09,0.4424,67.094702,-49.957599,0.2058
2019-07-10,0.4437,67.094704,-49.957609,0.1938
2019-07-11,0.4357,67.094698,-49.957614,0.4209
2019-07-12,0.4312,67.094698,-49.957622,0.1553
2019-07-13,0.434,67.094698,-49.957626,0.4568
2019-07-14,0.4362,67.09469,-49.957631,0.2657
2019-07-15,0.4361,67.094693,-49.957647,0.1278
2019-07-16,0.428,67.094697,-49.95765,0.2179
2019-07-17,0.4311,67.094696,-49.957654,0.4877
2019-07-18,0.4454,67.094689,-49.957662,0.7128
2019-07-19,0.4795,67.094684,-49.957678,0.9024
2019-07-20,0.4367,67.094686,-49.957686,0.6363
2019-07-21,0.4493,67.094686,-49.957689,0.3348
2019-07-22,0.4471,67.094684,-49.957694,0.4441
2019-07-23,0.4507,67.094684,-49.9577,0.2172
2019-07-24,0.4565,67.09468,-49.957704,0.3915
2019-07-25,0.4609,67.094681,-49.957717,0.5027
2019-07-26,0.4693,67.094676,-49.957725,0.6498
2019-07-27,0.4737,67.094678,-49.957727,0.4319
2019-07-28,0.4658,67.094676,-49.957741,0.1647
2019-07-29,0.4474,67.094674,-49.957751,0.062
2019-07-30,0.4586,67.094671,-49.957754,0.4295
2019-07-31,0.4319,67.094665,-49.957758,0.3627
2019-08-01,0.4227,67.094671,-49.957771,0.2145
2019-08-02,0.4379,67.094669,-49.957773,0.1478
2019-08-03,0.4691,67.094666,-49.957779,0.4107
2019-08-04,0.4413,67.094661,-49.957784,0.253
2019-08-05,0.4628,67.094667,-49.9578,0.4541
2019-08-06,0.4698,67.094665,-49.957797,0.6102
2019-08-07,0.4479,67.094668,-49.957808,0.6255
2019-08-08,0.4681,67.094666,-49.957812,0.2049
2019-08-09,0.4841,67.094662,-49.957817,0.1305
2019-08-10,0.4865,67.094665,-49.957827,0.1362
2019-08-11,0.49,67.094663,-49.957835,0.0611
2019-08-12,0.478,67.094659,-49.957842,0.0152
2019-08-13,0.4822,67.094659,-49.957845,0.0472
2019-08-14,0.5011,67.094657,-49.957866,0.1241
2019-08-15,0.5338,67.094655,-49.957866,0.7446
2019-08-16,0.5159,67.094657,-49.957864,0.7547
2019-08-17,0.4838,67.09466,-49.957862,0.4341
2019-08-18,0.4691,67.094652,-49.957879,0.2051
2019-08-19,0.4872,67.094652,-49.957885,0.8059
2019-08-20,0.4971,67.094652,-49.957884,0.2051
2019-08-21,0.5421,67.094653,-49.957891,0.7496
2019-08-22,0.5074,67.094654,-49.957899,0.8596
2019-08-23,0.5378,67.094655,-49.957907,0.4698
2019-08-24,0.5761,67.094652,-49.957912,0.098
2019-08-25,0.5678,67.09465,-49.957925,0.2151
2019-08-26,0.5655,67.094647,-49.95793,0.1017
2019-08-27,0.559,67.094647,-49.95793,0.2141
2019-08-28,0.7022,67.094647,-49.957928,0.7522
2019-08-29,0.656,67.094642,-49.95794,0.3131
2019-08-30,0.5621,67.094644,-49.957936,0.0225
2019-08-31,0.5432,67.094646,-49.957941,0.0207
2019-09-01,0.5511,67.094648,-49.957947,0.1694
2019-09-02,0.5053,67.094646,-49.957939,0.7662
2019-09-03,0.5169,67.094643,-49.957963,0.2441
2019-09-04,0.5308,67.094647,-49.95796,0.5175
2019-09-05,0.5734,67.09466,-49.957939,0.5643
2019-09-06,0.5859,67.094657,-49.957951,0.3192
2019-09-07,0.5748,67.094653,-49.95795,0.7364
2019-09-08,0.8611,67.094652,-49.957966,0.7036
2019-09-09,0.8412,67.094648,-49.957967,0.068
2019-09-10,0.8255,67.094652,-49.95797,0.1778
2019-09-11,0.7281,67.09465,-49.957975,0.6105
2019-09-12,0.7455,67.094648,-49.957978,0.4759
2019-09-13,0.8039,67.094653,-49.957985,0.5473
2019-09-14,0.7578,67.094651,-49.957989,0.3417
2019-09-15,0.8684,67.094647,-49.957998,0.9314
2019-09-16,0.8893,67.094647,-49.958002,0.5905
2019-09-17,0.8934,67.094646,-49.958001,0.2112
2019-09-18,0.912,67.094646,-49.958003,0.1079
2019-09-19,0.9286,67.094646,-49.95801,0.1211
2019-09-20,0.7849,67.094648,-49.958011,0.4743
2019-09-21,0.6581,67.094648,-49.958023,0.6977
2019-09-22,0.6744,67.094645,-49.958019,0.4784
2019-09-23,0.7592,67.094646,-49.958024,0.4077
2019-09-24,0.7008,67.094645,-49.958031,0.5288
2019-09-25,0.6393,67.094644,-49.958039,0.5388
2019-09-26,0.7134,67.094642,-49.958043,0.1611
2019-09-27,0.7337,67.094642,-49.95804,0.0346
2019-09-28,0.6963,67.094641,-49.95805,0.0849
2019-09-29,0.5892,67.09464,-49.958058,0.355
2019-09-30,0.6593,67.094641,-49.95806,0.189
2020-05-01,0.6235,67.094508,-49.95914,0.2637
2020-05-02,0.5922,67.094508,-49.959147,0.3171
2020-05-03,0.7436,67.09451,-49.959155,0.8076
2020-05-04,0.8727,67.094506,-49.959158,0.9628
2020-05-05,0.8306,67.094503,-49.959166,0.3711
2020-05-06,0.8102,67.094503,-49.959168,0.2182
2020-05-07,0.7759,67.0945,-49.959171,0.0966
2020-05-08,0.7666,67.094503,-49.959176,0.083
2020-05-09,0.7151,67.094503,-49.959186,0.608
2020-05-10,0.6682,67.0945,-49.959193,0.4338
2020-05-11,0.5689,67.094504,-49.959202,0.2342
2020-05-12,0.5236,67.0945,-49.9592,0.1189
2020-05-13,0.5481,67.094496,-49.959216,0.4193
2020-05-14,0.5755,67.094497,-49.959226,0.116
2020-05-15,0.5573,67.094493,-49.959237,0.0699
2020-05-16,0.5692,67.094493,-49.959243,0.0989
2020-05-17,0.5617,67.094491,-49.959257,0.0755
2020-05-18,0.5836,67.094489,-49.959267,0.0345
2020-05-19,0.5873,67.094489,-49.959275,0.0273
2020-05-20,0.5866,67.094491,-49.959285,0.1302
2020-05-21,0.5837,67.094486,-49.959292,0.0134
2020-05-22,0.5702,67.094486,-49.959295,0.1907
2020-05-23,0.5577,67.094483,-49.959308,0.0736
2020-05-24,0.5599,67.094485,-49.959317,0.5298
2020-05-25,0.7883,67.094485,-49.959333,0.9194
2020-05-26,0.772,67.094482,-49.959338,0.6183
2020-05-27,0.7221,67.094481,-49.959355,0.4595
2020-05-28,0.6843,67.09448,-49.959362,0.4537
2020-05-29,0.6558,67.094476,-49.959366,0.3499
2020-05-30,0.6403,67.094479,-49.959372,0.1121
2020-05-31,0.6241,67.094476,-49.959385,0.1828
2020-06-01,0.5904,67.094472,-49.959391,0.5401
2020-06-02,0.5543,67.094472,-49.959402,0.7323
2020-06-03,0.5584,67.094473,-49.959412,0.7488
2020-06-04,0.5428,67.094473,-49.959422,0.2762
2020-06-05,0.5015,67.09447,-49.959439,0.9526
2020-06-06,0.5065,67.094465,-49.959448,0.976
2020-06-07,0.5042,67.094464,-49.95947,0.7975
2020-06-08,0.534,67.094462,-49.959494,0.9223
2020-06-09,0.5118,67.094463,-49.959501,0.6262
2020-06-10,0.5185,67.094465,-49.959502,0.6873
2020-06-11,0.642,67.094465,-49.959517,0.767
2020-06-12,0.5403,67.094459,-49.959531,0.3343
2020-06-13,0.5551,67.094459,-49.95954,0.3148
2020-06-14,0.8599,67.094457,-49.959548,0.9847
2020-06-15,0.7718,67.094455,-49.959553,0.5598
2020-06-16,0.7624,67.094455,-49.959562,0.6602
2020-06-17,0.7565,67.094451,-49.959559,0.4984
2020-06-18,0.6833,67.094455,-49.959574,0.2359
2020-06-19,0.5749,67.094453,-49.959575,0.1172
2020-06-20,0.5364,67.09445,-49.959589,0.0991
2020-06-21,0.5175,67.094448,-49.959597,0.178
2020-06-22,0.478,67.094449,-49.959616,0.3844
2020-06-23,0.4846,67.094448,-49.959629,0.7267
2020-06-24,0.4697,67.094446,-49.959641,0.6971
2020-06-25,0.4742,67.094447,-49.959664,0.4714
2020-06-26,0.502,67.094441,-49.959683,0.7456
2020-06-27,0.4868,67.094442,-49.959693,0.2897
2020-06-28,0.4994,67.094443,-49.959705,0.2098
2020-06-29,0.4868,67.094435,-49.959714,0.4096
2020-06-30,0.5038,67.094433,-49.959729,0.2319
2020-07-01,0.4614,67.09443,-49.959745,0.2019
2020-07-02,0.4686,67.09443,-49.95975,0.0932
2020-07-03,0.4822,67.094429,-49.959763,0.1847
2020-07-04,0.4792,67.094428,-49.959764,0.3133
2020-07-05,0.4639,67.094424,-49.959773,0.2526
2020-07-06,0.4651,67.094426,-49.959781,0.6597
2020-07-07,0.4641,67.094429,-49.959795,0.6486
2020-07-08,0.4669,67.094427,-49.959798,0.7644
2020-07-09,0.4837,67.094426,-49.959799,0.8898
2020-07-10,0.4836,67.094422,-49.959814,0.9883
2020-07-11,0.5196,67.094421,-49.959821,0.4717
2020-07-12,0.5334,67.094419,-49.959828,0.1314
2020-07-13,0.5479,67.094419,-49.959841,0.3598
2020-07-14,0.4993,67.094416,-49.959845,0.6102
2020-07-15,0.5171,67.094417,-49.959856,0.5767
2020-07-16,0.4676,67.094413,-49.959856,0.7406
2020-07-17,0.4942,67.094415,-49.959865,0.2981
2020-07-18,0.5055,67.09441,-49.959873,0.0788
2020-07-19,0.4489,67.094406,-49.959882,0.5498
2020-07-20,0.4865,67.094407,-49.959894,0.3567
2020-07-21,0.4631,67.094405,-49.959913,0.835
2020-07-22,0.461,67.094404,-49.959911,0.3936
2020-07-23,0.4655,67.094402,-49.959915,0.288
2020-07-24,0.4582,67.094403,-49.95993,0.9384
2020-07-25,0.4864,67.094402,-49.959932,0.9886
2020-07-26,0.5121,67.094405,-49.959946,0.9898
2020-07-27,0.5097,67.094396,-49.959951,0.9816
2020-07-28,0.4672,67.094396,-49.959957,0.887
2020-07-29,0.5189,67.094393,-49.959969,0.2386
2020-07-30,0.53,67.094394,-49.959977,0.5268
2020-07-31,0.5136,67.094396,-49.959983,0.7192
2020-08-01,0.4817,67.094392,-49.959994,0.9241
2020-08-02,0.468,67.09439,-49.959996,0.5819
2020-08-03,0.5245,67.09439,-49.960006,0.5189
2020-08-04,0.5605,67.094385,-49.960013,0.6764
2020-08-05,0.5204,67.094387,-49.960013,0.4344
2020-08-06,0.564,67.094386,-49.960017,0.4748
2020-08-07,0.5192,67.094386,-49.960027,0.8407
2020-08-08,0.6067,67.094388,-49.960035,0.7645
2020-08-09,0.6791,67.094388,-49.960044,0.7771
2020-08-10,0.8018,67.094384,-49.960052,0.5912
2020-08-11,0.753,67.094382,-49.960053,0.1332
2020-08-12,0.6148,67.094384,-49.960049,0.8421
2020-08-13,0.6137,67.094381,-49.960061,0.4878
2020-08-14,0.5705,67.094379,-49.960067,0.6957
2020-08-15,0.6166,67.094376,-49.960072,0.3915
2020-08-16,0.6469,67.094378,-49.960081,0.0753
2020-08-17,0.5863,67.094376,-49.960085,0.0648
2020-08-18,0.5513,67.094376,-49.960092,0.2304
2020-08-19,0.5315,67.094376,-49.960099,0.1825
2020-08-20,0.5203,67.094373,-49.960112,0.2216
2020-08-21,0.5329,67.094371,-49.960126,0.1376
2020-08-22,0.5333,67.094372,-49.960143,0.1826
2020-08-23,0.5378,67.094376,-49.960149,0.1694
2020-08-24,0.53,67.094371,-49.960164,0.4301
2020-08-25,0.492,67.094366,-49.960166,0.6276
2020-08-26,0.5409,67.094366,-49.960175,0.5776
2020-08-27,0.5722,67.094369,-49.960181,0.4958
2020-08-28,0.5448,67.094367,-49.960183,0.4925
2020-08-29,0.5494,67.094364,-49.960191,0.8043
2020-08-30,0.5265,67.094363,-49.960198,0.4834
2020-08-31,0.4858,67.094362,-49.960205,0.6822
2020-09-01,0.6037,67.094357,-49.960214,0.8221
2020-09-02,0.7485,67.09436,-49.960224,0.6176
2020-09-03,0.6822,67.09436,-49.960224,0.1366
2020-09-04,0.5473,67.094359,-49.960231,0.7598
2020-09-05,0.5193,67.094358,-49.960232,0.8802
2020-09-06,0.6792,67.094356,-49.960245,0.9123
2020-09-07,0.8381,67.09436,-49.960251,0.8875
2020-09-08,0.8288,67.094359,-49.960262,0.5878
2020-09-09,0.8084,67.094364,-49.960249,0.3844
2020-09-10,0.8106,67.094378,-49.960233,0.7778
2020-09-11,0.8121,67.094377,-49.960237,0.8793
2020-09-12,0.8369,67.09438,-49.960241,0.6403
2020-09-13,0.8196,67.094376,-49.960247,0.5997
2020-09-14,0.8506,67.094376,-49.960249,0.0595
2020-09-15,0.7724,67.094379,-49.960254,0.5709
2020-09-16,0.6904,67.094378,-49.960255,0.7528
2020-09-17,0.8415,67.094375,-49.960257,0.6812
2020-09-18,0.8463,67.094376,-49.960264,0.5835
2020-09-20,0.8975,67.094378,-49.960272,0.5695
2020-09-21,0.923,67.094374,-49.960273,0.5321
2020-09-22,0.8586,67.094374,-49.960277,0.5961
2020-09-23,0.9416,67.094374,-49.960286,0.397
2020-09-24,0.8626,67.094372,-49.960291,0.055
2020-09-25,0.7962,67.094371,-49.960298,0.7286
2020-09-26,0.9158,67.094364,-49.960295,0.9839
2020-09-27,0.846,67.094372,-49.960302,0.9798
2020-09-28,0.8445,67.094372,-49.960308,0.949
2020-09-29,0.8907,67.09437,-49.960312,0.6514
2021-05-01,0.5573,67.094228,-49.961505,0.0995
2021-05-02,0.5217,67.094227,-49.961501,0.0089
2021-05-03,0.5125,67.094229,-49.961509,0.0
2021-05-04,0.5101,67.094224,-49.961519,0.0095
2021-05-05,0.5206,67.094223,-49.961526,0.0197
2021-05-06,0.5351,67.094227,-49.961531,0.2169
2021-05-07,0.5499,67.094224,-49.96154,0.6092
2021-05-08,0.5654,67.094222,-49.961549,0.6433
2021-05-09,0.5244,67.094219,-49.961559,0.2364
2021-05-10,0.5515,67.094222,-49.961565,0.3971
2021-05-11,0.6276,67.094219,-49.961571,0.7944
2021-05-12,0.7844,67.094218,-49.961583,0.547
2021-05-13,0.6859,67.094218,-49.961586,0.0813
2021-05-14,0.6222,67.094216,-49.961589,0.1149
2021-05-15,0.5972,67.094214,-49.961598,0.3216
2021-05-16,0.5953,67.094212,-49.961608,0.7014
2021-05-17,0.5375,67.094215,-49.961611,0.1455
2021-05-18,0.5266,67.094213,-49.961621,0.0596
2021-05-19,0.574,67.094212,-49.961635,0.5291
2021-05-20,0.5893,67.094212,-49.961644,0.6435
2021-05-21,0.6798,67.09421,-49.961643,0.7118
2021-05-22,0.7785,67.094206,-49.96165,0.7793
2021-05-23,0.6902,67.094205,-49.96166,0.209
2021-05-24,0.6896,67.094207,-49.961667,0.5101
2021-05-25,0.5992,67.094208,-49.961671,0.5101
2021-05-26,0.5943,67.094206,-49.961676,0.5898
2021-05-27,0.5267,67.094205,-49.961686,0.2434
2021-05-28,0.5173,67.094208,-49.961692,0.0751
2021-05-29,0.5392,67.094204,-49.96171,0.1889
2021-05-30,0.5355,67.094201,-49.961718,0.0718
2021-05-31,0.8033,67.094198,-49.961719,0.8295
2021-06-01,0.6952,67.094198,-49.961735,0.4352
2021-06-02,0.5915,67.094198,-49.961742,0.0549
2021-06-03,0.5572,67.094197,-49.96176,0.3222
2021-06-04,0.5333,67.094195,-49.961766,0.0892
2021-06-05,0.4981,67.094193,-49.961776,0.1485
2021-06-06,0.5005,67.094192,-49.961796,0.1289
2021-06-07,0.5009,67.094193,-49.961804,0.0989
2021-06-08,0.489,67.094192,-49.961819,0.0753
2021-06-09,0.494,67.094189,-49.961832,0.2086
2021-06-10,0.5022,67.094187,-49.961843,0.4232
2021-06-11,0.528,67.094191,-49.961852,0.8307
2021-06-12,0.5238,67.094183,-49.961858,0.7718
2021-06-13,0.6813,67.094183,-49.961862,0.8966
2021-06-14,0.542,67.094181,-49.961879,0.1294
2021-06-15,0.5479,67.094178,-49.961883,0.5617
2021-06-16,0.5779,67.094181,-49.961894,0.8785
2021-06-17,0.5582,67.094177,-49.961912,0.6215
2021-06-18,0.5311,67.094179,-49.961924,0.7095
2021-06-19,0.5206,67.094172,-49.961935,0.6077
2021-06-20,0.5951,67.094174,-49.961941,0.818
2021-06-21,0.5888,67.094172,-49.961951,0.1518
2021-06-22,0.5183,67.094174,-49.961961,0.0522
2021-06-23,0.4921,67.09417,-49.961971,0.442
2021-06-24,0.466,67.094169,-49.961984,0.5732
2021-06-25,0.4893,67.094169,-49.961995,0.7788
2021-06-26,0.4833,67.094171,-49.962005,0.6674
2021-06-27,0.4762,67.094166,-49.962021,0.6409
2021-06-28,0.4947,67.094163,-49.962038,0.8839
2021-06-29,0.7431,67.09416,-49.962052,0.8833
2021-06-30,0.7396,67.09416,-49.962057,0.9
2021-07-01,0.5908,67.094158,-49.962068,0.207
2021-07-02,0.5178,67.094154,-49.962072,0.0953
2021-07-03,0.4782,67.094153,-49.962083,0.1862
2021-07-04,0.5113,67.094152,-49.962088,0.8617
2021-07-05,0.5218,67.094154,-49.962106,0.9533
2021-07-06,0.6601,67.094154,-49.962116,0.8559
2021-07-07,0.7568,67.094154,-49.962113,0.8417
2021-07-08,0.6402,67.094153,-49.962124,0.0747
2021-07-09,0.5797,67.094151,-49.962133,0.0678
2021-07-10,0.5391,67.09415,-49.962145,0.1289
2021-07-11,0.5063,67.094146,-49.96215,0.3044
2021-07-12,0.4677,67.094146,-49.962165,0.2123
2021-07-13,0.477,67.094143,-49.962182,0.5226
2021-07-14,0.5179,67.094143,-49.962206,0.9707
2021-07-15,0.4713,67.094141,-49.96223,0.652
2021-07-16,0.4771,67.094135,-49.962246,0.0721
2021-07-17,0.458,67.094136,-49.962254,0.3665
2021-07-18,0.4444,67.094132,-49.962264,0.4429
2021-07-19,0.4656,67.094132,-49.962281,0.8098
2021-07-20,0.4569,67.094131,-49.962289,0.5532
2021-07-21,0.4906,67.094129,-49.962313,0.3182
2021-07-22,0.5024,67.09413,-49.962318,0.6515
2021-07-23,0.4845,67.094129,-49.962323,0.5917
2021-07-24,0.6783,67.094132,-49.962326,0.9251
2021-07-25,0.5307,67.094126,-49.962337,0.2481
2021-07-26,0.4923,67.094123,-49.962345,0.8152
2021-07-27,0.4526,67.094124,-49.96236,0.4775
2021-07-28,0.4442,67.094121,-49.962384,0.4007
2021-07-29,0.4522,67.094121,-49.962407,0.2241
2021-07-30,0.465,67.094118,-49.96242,0.1471
2021-07-31,0.4545,67.094118,-49.962421,0.1948
2021-08-01,0.4605,67.094116,-49.962438,0.1611
2021-08-02,0.4577,67.094114,-49.962447,0.4486
2021-08-03,0.4647,67.094114,-49.962451,0.5569
2021-08-04,0.4676,67.094112,-49.96246,0.2297
2021-08-05,0.4698,67.094114,-49.962466,0.545
2021-08-06,0.4658,67.094117,-49.962466,0.3458
2021-08-07,0.4904,67.094115,-49.962473,0.6079
2021-08-08,0.5583,67.094108,-49.962486,0.8595
2021-08-09,0.5237,67.094107,-49.96248,0.459
2021-08-10,0.4992,67.094106,-49.962497,0.6823
2021-08-11,0.4719,67.094107,-49.962506,0.5658
2021-08-12,0.4763,67.094105,-49.962514,0.3369
2021-08-13,0.4528,67.094106,-49.96253,0.5571
2021-08-14,0.4899,67.094103,-49.962546,0.8268
2021-08-15,0.4593,67.094103,-49.962579,0.7353
2021-08-16,0.4774,67.094096,-49.962594,0.846
2021-08-17,0.4405,67.094097,-49.962596,0.2627
2021-08-18,0.4638,67.094111,-49.962588,0.853
2021-08-19,0.4839,67.094111,-49.962598,0.5112
2021-08-20,0.5008,67.094114,-49.962591,0.2549
2021-08-21,0.4989,67.094107,-49.962599,0.3901
2021-08-22,0.5049,67.094107,-49.96261,0.2082
2021-08-23,0.5073,67.094108,-49.962617,0.173
2021-08-24,0.5045,67.094104,-49.962625,0.2825
2021-08-25,0.5122,67.094103,-49.962633,0.7496
2021-08-26,0.4869,67.094105,-49.962641,0.63
2021-08-27,0.5648,67.094102,-49.962647,0.9392
2021-08-28,0.5331,67.094104,-49.962652,0.6646
2021-08-29,0.6976,67.094099,-49.96265,0.7806
2021-08-30,0.7587,67.0941,-49.96266,0.519
2021-08-31,0.7292,67.094098,-49.962664,0.1506
2021-09-01,0.7366,67.0941,-49.962674,0.0963
2021-09-02,0.683,67.094097,-49.962675,0.4062
2021-09-03,0.664,67.094096,-49.962678,0.2865
2021-09-04,0.6391,67.094097,-49.962677,0.8918
2021-09-05,0.6641,67.094094,-49.962677,0.3482
2021-09-06,0.6522,67.094096,-49.962688,0.1129
2021-09-07,0.8779,67.094094,-49.962694,0.9035
2021-09-08,0.8273,67.094091,-49.962707,0.6956
2021-09-09,0.875,67.094094,-49.962703,0.4683
2021-09-10,0.8769,67.09409,-49.962711,0.0908
2021-09-11,0.863,67.094088,-49.962715,0.2092
2021-09-12,0.8624,67.094094,-49.962721,0.9617
2021-09-13,0.738,67.09409,-49.962722,0.9938
2021-09-14,0.868,67.094092,-49.96272,0.8548
2021-09-15,0.8945,67.094087,-49.96273,0.3919
2021-09-16,0.8835,67.094087,-49.962739,0.1482
2021-09-17,0.8776,67.094088,-49.962743,0.1444
2021-09-18,0.8802,67.094089,-49.962739,0.1179
2021-09-19,0.8743,67.094086,-49.962742,0.1783
2021-09-20,0.8301,67.094087,-49.962747,0.5648
2021-09-21,0.8651,67.094087,-49.962749,0.8366
2021-09-22,0.9232,67.094088,-49.962758,0.6065
2021-09-23,0.8568,67.094087,-49.962763,0.6631
2021-09-24,0.8811,67.094084,-49.96277,0.82
2021-09-25,0.8752,67.094087,-49.962776,0.7994
2021-09-26,0.9535,67.094083,-49.962777,0.2343
2021-09-27,0.968,67.094084,-49.962783,0.1558
2021-09-28,0.9491,67.094081,-49.962787,0.1041
2021-09-29,0.934,67.09408,-49.962787,0.2201
2021-09-30,0.8187,67.094079,-49.962791,0.862
2022-05-01,0.6849,67.093964,-49.963806,0.0967
2022-05-02,0.6527,67.093958,-49.96381,0.409
2022-05-03,0.7298,67.093958,-49.963808,0.7258
2022-05-04,0.8397,67.093959,-49.963812,0.8293
2022-05-05,0.822,67.093953,-49.963819,0.1861
2022-05-06,0.8125,67.093951,-49.963828,0.0848
2022-05-07,0.8088,67.093958,-49.963835,0.0478
2022-05-08,0.7978,67.093956,-49.963838,0.0826
2022-05-09,0.7843,67.093956,-49.963849,0.4599
2022-05-10,0.7795,67.09395,-49.963856,0.4013
2022-05-11,0.8005,67.093953,-49.963856,0.1071
2022-05-12,0.7893,67.093953,-49.963864,0.2115
2022-05-13,0.8449,67.093951,-49.963871,0.9048
2022-05-14,0.9009,67.093956,-49.963865,0.7879
2022-05-15,0.7847,67.093953,-49.963873,0.1593
2022-05-16,0.7661,67.093954,-49.963877,0.0901
2022-05-17,0.7337,67.093953,-49.96388,0.0775
2022-05-18,0.7145,67.093944,-49.963884,0.0451
2022-05-19,0.6876,67.093944,-49.963897,0.0528
2022-05-20,0.6289,67.093942,-49.963902,0.0094
2022-05-21,0.6325,67.09394,-49.963904,0.469
2022-05-22,0.5867,67.093945,-49.96391,0.7049
2022-05-23,0.6879,67.093944,-49.963922,0.7523
2022-05-24,0.8903,67.093943,-49.963933,0.9059
2022-05-25,0.7714,67.093944,-49.963931,0.5201
2022-05-26,0.7086,67.09394,-49.963941,0.43
2022-05-27,0.7846,67.093946,-49.96395,0.7653
2022-05-28,0.7278,67.09394,-49.963953,0.8608
2022-05-29,0.6343,67.093944,-49.963954,0.6985
2022-05-30,0.6009,67.093944,-49.963966,0.1411
2022-05-31,0.6073,67.093943,-49.963967,0.3005
2022-06-01,0.7135,67.093939,-49.963966,0.2633
2022-06-02,0.6871,67.093938,-49.963975,0.0682
2022-06-03,0.6477,67.093938,-49.963981,0.091
2022-06-04,0.6007,67.093937,-49.963992,0.0995
2022-06-05,0.5958,67.093936,-49.964003,0.0811
2022-06-06,0.6317,67.093936,-49.964012,0.0319
2022-06-07,0.6323,67.093936,-49.964026,0.0477
2022-06-08,0.6009,67.093933,-49.964032,0.0722
2022-06-09,0.5778,67.093935,-49.964047,0.248
2022-06-10,0.6095,67.093933,-49.964054,0.7456
2022-06-11,0.6244,67.093932,-49.964058,0.3996
2022-06-12,0.8005,67.09393,-49.964072,0.7807
2022-06-13,0.8443,67.093927,-49.964082,0.8815
2022-06-14,0.7935,67.093928,-49.964084,0.8064
2022-06-15,0.7712,67.093928,-49.96409,0.4695
2022-06-16,0.6565,67.093925,-49.9641,0.0961
2022-06-17,0.6313,67.093921,-49.964107,0.7952
2022-06-18,0.65,67.09392,-49.964112,0.8606
2022-06-19,0.6115,67.093919,-49.964136,0.2482
2022-06-20,0.661,67.093917,-49.964144,0.7143
2022-06-21,0.8963,67.093914,-49.964159,0.9711
2022-06-22,0.8442,67.093915,-49.964167,0.9655
2022-06-23,0.6604,67.093916,-49.964173,0.634
2022-06-24,0.5866,67.093914,-49.964186,0.4957
2022-06-25,0.5505,67.093917,-49.964195,0.4352
2022-06-26,0.5132,67.093915,-49.964218,0.5465
2022-06-27,0.5371,67.093912,-49.964236,0.5797
2022-06-28,0.5047,67.093911,-49.964253,0.5724
2022-06-29,0.5255,67.093908,-49.964262,0.7815
2022-06-30,0.5357,67.093908,-49.964272,0.36
2022-07-01,0.5583,67.093906,-49.964282,0.7839
2022-07-02,0.53,67.093906,-49.964299,0.5917
2022-07-03,0.5191,67.093896,-49.964313,0.1621
2022-07-04,0.5004,67.093898,-49.964324,0.2289
2022-07-05,0.5139,67.093897,-49.964331,0.6743
2022-07-06,0.5084,67.093895,-49.964346,0.3835
2022-07-07,0.5232,67.093893,-49.964371,0.9835
2022-07-08,0.5151,67.093891,-49.96438,0.3461
2022-07-09,0.5261,67.093892,-49.964387,0.3101
2022-07-10,0.5273,67.093893,-49.964393,0.86
2022-07-11,0.5097,67.093891,-49.964407,0.8358
2022-07-12,0.5019,67.093883,-49.964414,0.736
2022-07-13,0.5185,67.093883,-49.964428,0.6154
2022-07-14,0.5192,67.093887,-49.96444,0.1148
2022-07-15,0.508,67.093882,-49.964447,0.1742
2022-07-16,0.4875,67.093881,-49.964459,0.2581
2022-07-17,0.4833,67.093879,-49.964465,0.3045
2022-07-18,0.4731,67.093875,-49.96448,0.3679
2022-07-19,0.4683,67.093877,-49.964489,0.4989
2022-07-20,0.4593,67.093875,-49.964496,0.4004
2022-07-21,0.4757,67.093879,-49.964506,0.8067
2022-07-22,0.4668,67.093879,-49.96452,0.6333
2022-07-23,0.4903,67.093877,-49.964528,0.9111
2022-07-24,0.4675,67.093874,-49.964531,0.4824
2022-07-25,0.4988,67.093873,-49.964537,0.5852
2022-07-26,0.5181,67.093875,-49.964544,0.9719
2022-07-27,0.5174,67.093873,-49.964554,0.5312
2022-07-28,0.512,67.093871,-49.964563,0.1429
2022-07-29,0.4932,67.09387,-49.964572,0.4582
2022-07-30,0.4962,67.093866,-49.964584,0.9173
2022-07-31,0.4596,67.093867,-49.964588,0.2764
2022-08-01,0.476,67.093864,-49.964596,0.2371
2022-08-02,0.4601,67.093864,-49.964599,0.7719
2022-08-03,0.4393,67.093863,-49.964607,0.6103
2022-08-04,0.4926,67.093859,-49.964619,0.8686
2022-08-05,0.5047,67.093857,-49.964635,0.8885
2022-08-06,0.472,67.093859,-49.964644,0.5267
2022-08-07,0.5192,67.093857,-49.964657,0.9341
2022-08-08,0.5206,67.093855,-49.964656,0.852
2022-08-09,0.5452,67.093855,-49.964656,0.9664
2022-08-10,0.5271,67.093853,-49.964668,0.8525
2022-08-11,0.5317,67.093853,-49.964676,0.7254
2022-08-12,0.5412,67.093852,-49.964684,0.5523
2022-08-13,0.5184,67.093857,-49.964683,0.2165
2022-08-14,0.5305,67.093851,-49.964682,0.5188
2022-08-15,0.5257,67.093855,-49.964694,0.8345
2022-08-16,0.4656,67.093845,-49.964706,0.4642
2022-08-17,0.5541,67.093845,-49.964728,0.9829
2022-08-18,0.5609,67.093845,-49.964731,0.8343
2022-08-19,0.5694,67.093846,-49.964726,0.2558
2022-08-20,0.6189,67.093844,-49.964738,0.8274
2022-08-21,0.6282,67.093846,-49.964747,0.6313
2022-08-22,0.5467,67.093841,-49.964747,0.68
2022-08-23,0.5668,67.093831,-49.964745,0.8849
2022-08-24,0.4908,67.09383,-49.964763,0.3797
2022-08-25,0.4982,67.093827,-49.964768,0.5876
2022-08-26,0.5246,67.093826,-49.964775,0.3101
2022-08-27,0.5589,67.09383,-49.964794,0.2146
2022-08-28,0.5576,67.093827,-49.964792,0.3388
2022-08-29,0.5567,67.093824,-49.964802,0.5422
2022-08-30,0.5189,67.09383,-49.964799,0.558
2022-08-31,0.8934,67.093821,-49.964814,0.9693
2022-09-01,0.7467,67.093818,-49.964823,0.5334
2022-09-02,0.5564,67.093818,-49.964827,0.9231
2022-09-03,0.4928,67.093814,-49.964881,0.7257
2022-09-04,0.4767,67.093816,-49.964893,0.4358
2022-09-05,0.5203,67.093813,-49.964903,0.847
2022-09-06,0.5032,67.093804,-49.96492,0.4732
2022-09-07,0.5638,67.093806,-49.964919,0.8397
2022-09-08,0.5254,67.093807,-49.964932,0.5846
2022-09-09,0.5119,67.093804,-49.964935,0.7274
2022-09-10,0.5196,67.093808,-49.96494,0.4302
2022-09-11,0.5768,67.093807,-49.964956,0.8376
2022-09-12,0.5143,67.093801,-49.964967,0.7685
2022-09-13,0.4985,67.0938,-49.964976,0.7731
2022-09-14,0.5492,67.093802,-49.964967,0.8574
2022-09-15,0.5465,67.093801,-49.964986,0.8793
2022-09-16,0.4827,67.093799,-49.964998,0.6523
2022-09-17,0.5052,67.093797,-49.965006,0.7199
2022-09-18,0.5023,67.093804,-49.965011,0.4274
2022-09-19,0.4965,67.093802,-49.965018,0.7756
2022-09-20,0.8136,67.093795,-49.965014,0.9342
2022-09-21,0.8324,67.093796,-49.965014,0.8215
2022-09-22,0.6128,67.093795,-49.965018,0.9023
2022-09-23,0.5232,67.093792,-49.965038,0.8464
2022-09-24,0.7546,67.093793,-49.965043,0.9059
2022-09-25,0.8105,67.093793,-49.965043,0.4653
2022-09-26,0.5461,67.093793,-49.965052,0.8645
2022-09-27,0.5015,67.093796,-49.965073,0.7966
2022-09-28,0.494,67.093791,-49.965068,0.8934
2022-09-29,0.5321,67.093792,-49.965075,0.8546
2023-05-01,0.6925,67.093652,-49.966178,0.1288
2023-05-02,0.6613,67.093651,-49.966193,0.1112
2023-05-03,0.6662,67.093648,-49.966206,0.6209
2023-05-04,0.7847,67.093655,-49.966194,0.879
2023-05-05,0.7554,67.093651,-49.966205,0.6142
2023-05-06,0.7734,67.093648,-49.966215,0.7252
2023-05-07,0.7017,67.093651,-49.966229,0.3853
2023-05-08,0.658,67.093651,-49.966227,0.1906
2023-05-09,0.636,67.093644,-49.96623,0.7852
2023-05-10,0.758,67.093649,-49.966248,0.6359
2023-05-11,0.7889,67.093647,-49.966243,0.7497
2023-05-12,0.7843,67.093648,-49.966255,0.9217
2023-05-13,0.8163,67.093646,-49.966258,0.8145
2023-05-14,0.8134,67.093649,-49.966257,0.7865
2023-05-15,0.7435,67.093644,-49.966268,0.3466
2023-05-16,0.6655,67.093647,-49.966273,0.5018
2023-05-17,0.7613,67.093647,-49.966274,0.7278
2023-05-18,0.6794,67.093647,-49.966288,0.4015
2023-05-19,0.7679,67.093645,-49.966292,0.7904
2023-05-20,0.8392,67.093641,-49.966297,0.7049
2023-05-21,0.862,67.093641,-49.966306,0.8093
2023-05-22,0.7559,67.093638,-49.966308,0.2019
2023-05-23,0.8464,67.093637,-49.966322,0.9145
2023-05-24,0.8374,67.093636,-49.966332,0.3407
2023-05-25,0.7941,67.093638,-49.966327,0.1211
2023-05-26,0.7723,67.093641,-49.966328,0.494
2023-05-27,0.8197,67.093642,-49.966339,0.8506
2023-05-28,0.7862,67.093642,-49.966346,0.4293
2023-05-29,0.7379,67.09364,-49.966348,0.2383
2023-05-30,0.7368,67.09364,-49.966356,0.7057
2023-05-31,0.6147,67.093638,-49.966361,0.6888
2023-06-01,0.5991,67.093638,-49.96636,0.732
2023-06-02,0.85,67.093635,-49.966368,0.8181
2023-06-03,0.811,67.093633,-49.966383,0.7348
2023-06-04,0.821,67.093632,-49.966392,0.865
2023-06-05,0.8404,67.093631,-49.966397,0.8911
2023-06-06,0.8128,67.093633,-49.966412,0.7993
2023-06-07,0.8584,67.093632,-49.966411,0.8639
2023-06-08,0.8043,67.093634,-49.96642,0.4315
2023-06-09,0.8773,67.093633,-49.96643,0.8777
2023-06-10,0.816,67.093632,-49.966433,0.8421
2023-06-11,0.6815,67.09364,-49.966439,0.565
2023-06-12,0.5759,67.093634,-49.966443,0.576
2023-06-13,0.549,67.093634,-49.966458,0.2202
2023-06-14,0.5828,67.093627,-49.966459,0.2891
2023-06-15,0.5774,67.093628,-49.96648,0.3432
2023-06-16,0.8846,67.093627,-49.966485,0.8357
2023-06-17,0.7788,67.093622,-49.966497,0.5775
2023-06-18,0.7187,67.093619,-49.96651,0.5415
2023-06-19,0.6199,67.093621,-49.966508,0.4887
2023-06-20,0.5658,67.093628,-49.96652,0.788
2023-06-21,0.6034,67.093621,-49.966538,0.9573
2023-06-22,0.6483,67.093623,-49.966551,0.7588
2023-06-23,0.6506,67.093622,-49.966561,0.6217
2023-06-24,0.6209,67.09362,-49.966565,0.3833
2023-06-25,0.5813,67.093617,-49.966585,0.477
2023-06-26,0.581,67.093615,-49.966588,0.5631
2023-06-27,0.532,67.093611,-49.966603,0.6313
2023-06-28,0.5606,67.093608,-49.96663,0.6676
2023-06-29,0.5845,67.093613,-49.966635,0.8118
2023-06-30,0.6018,67.093603,-49.966647,0.6673
2023-07-01,0.614,67.093606,-49.966659,0.2555
2023-07-02,0.5812,67.093606,-49.966666,0.0759
2023-07-03,0.5719,67.093604,-49.966676,0.5837
2023-07-04,0.5696,67.093601,-49.96668,0.9683
2023-07-05,0.5887,67.093601,-49.966697,0.8939
2023-07-06,0.5815,67.093599,-49.966724,0.9672
2023-07-07,0.5403,67.093588,-49.966753,0.7626
2023-07-08,0.509,67.093585,-49.96677,0.7049
2023-07-09,0.5047,67.093585,-49.96679,0.6525
2023-07-10,0.4975,67.093584,-49.966802,0.834
2023-07-11,0.5446,67.093588,-49.966807,0.9965
2023-07-12,0.4714,67.093587,-49.966834,0.5881
2023-07-13,0.4771,67.093583,-49.966844,0.4778
2023-07-14,0.5667,67.09358,-49.966858,0.88
2023-07-15,0.5108,67.093582,-49.966872,0.7822
2023-07-16,0.5599,67.093586,-49.966878,0.9724
2023-07-17,0.5347,67.093575,-49.966886,0.9945
2023-07-18,0.5404,67.093574,-49.966891,0.9977
2023-07-19,0.4831,67.093572,-49.966909,0.8883
2023-07-20,0.5019,67.093571,-49.96692,0.853
2023-07-21,0.5467,67.093569,-49.96694,0.8583
2023-07-22,0.5397,67.093565,-49.966959,0.673
2023-07-23,0.5073,67.093561,-49.966962,0.5283
2023-07-24,0.5508,67.093558,-49.96697,0.583
2023-07-25,0.538,67.093559,-49.966971,0.7722
2023-07-26,0.5353,67.09356,-49.966985,0.2089
2023-07-27,0.5417,67.093557,-49.966988,0.2837
2023-07-28,0.5478,67.093553,-49.966995,0.288
2023-07-29,0.5606,67.093553,-49.967,0.2283
2023-07-30,0.5662,67.093559,-49.967007,0.6664
2023-07-31,0.5886,67.093557,-49.967021,0.8745
2023-08-01,0.6074,67.093551,-49.967021,0.9988
2023-08-02,0.5533,67.09356,-49.967031,0.6271
2023-08-03,0.5601,67.093557,-49.967045,0.5119
2023-08-04,0.5541,67.093559,-49.96705,0.5187
2023-08-05,0.5621,67.093551,-49.967055,0.6275
2023-08-06,0.5678,67.093552,-49.967054,0.1562
2023-08-07,0.5774,67.093553,-49.967058,0.1507
2023-08-08,0.5707,67.093551,-49.967067,0.2501
2023-08-09,0.5871,67.093547,-49.967076,0.4466
2023-08-10,0.5626,67.093553,-49.967082,0.4914
2023-08-11,0.5305,67.093553,-49.967093,0.5123
2023-08-12,0.5425,67.093553,-49.967093,0.2313
2023-08-13,0.5358,67.093548,-49.967106,0.8783
2023-08-14,0.5319,67.093547,-49.967116,0.4383
2023-08-15,0.5442,67.093547,-49.967121,0.8216
2023-08-16,0.5064,67.093542,-49.967133,0.282
2023-08-17,0.5407,67.093537,-49.967131,0.1818
2023-08-18,0.541,67.093541,-49.967152,0.1783
2023-08-19,0.5385,67.093541,-49.967143,0.7845
2023-08-20,0.5349,67.093539,-49.967175,0.8579
2023-08-21,0.4866,67.093533,-49.967188,0.5364
2023-08-22,0.4894,67.093534,-49.967204,0.4341
2023-08-23,0.5122,67.093532,-49.967222,0.663
2023-08-24,0.5016,67.093535,-49.967238,0.6313
2023-08-25,0.5293,67.093521,-49.967232,0.4944
2023-08-26,0.5388,67.093526,-49.967232,0.5736
2023-08-27,0.5225,67.093529,-49.96724,0.5723
2023-08-28,0.5494,67.093523,-49.967235,0.7898
2023-08-29,0.5875,67.093524,-49.967276,0.8701
2023-08-30,0.5608,67.093531,-49.967278,0.9537
2023-08-31,0.7342,67.093524,-49.967274,0.6722
2023-09-01,0.6944,67.09353,-49.967265,0.2958
2023-09-02,0.75,67.093523,-49.967254,0.8398
2023-09-03,0.8284,67.093531,-49.967282,0.7874
2023-09-04,0.6489,67.093528,-49.967291,0.6865
2023-09-05,0.54,67.093528,-49.967306,0.7684
2023-09-06,0.5567,67.093523,-49.967302,0.8943
2023-09-07,0.8595,67.093527,-49.967311,0.9768
2023-09-08,0.8877,67.093522,-49.96732,0.9829
2023-09-09,0.8625,67.093528,-49.967334,0.5649
2023-09-10,0.8736,67.093519,-49.967314,0.2179
2023-09-11,0.8394,67.093521,-49.967333,0.3308
2023-09-12,0.8747,67.093514,-49.967333,0.6447
2023-09-13,0.8016,67.09352,-49.967345,0.5012
2023-09-14,0.6906,67.093515,-49.967345,0.3065
2023-09-15,0.6597,67.093527,-49.967345,0.378
2023-09-16,0.93,67.093514,-49.967355,0.7811
2023-09-17,0.8298,67.093508,-49.967388,0.714
2023-09-18,0.8308,67.093503,-49.967361,0.4186
2023-09-19,0.8255,67.093508,-49.967376,0.2046
2023-09-20,0.8442,67.093499,-49.967351,0.2044
2023-09-21,0.8347,67.093504,-49.967355,0.5062
2023-09-22,0.8265,67.09349,-49.967333,0.4806
2023-09-23,0.8343,67.093497,-49.967371,0.0743
2023-09-24,0.8229,67.093518,-49.967382,0.2183
2023-09-25,0.83,67.093494,-49.9674,0.9846
2023-09-26,0.8688,67.093487,-49.96739,0.9922
2023-09-27,0.8185,67.093496,-49.9674,0.8669
2023-09-28,0.8508,67.093504,-49.967388,0.8446
2023-09-29,0.8204,67.093492,-49.967417,0.8818
2023-09-30,0.8673,67.093492,-49.96742,0.4969
