time,alb_NUK_K,lat_NUK_K,lon_NUK_K,cloud_NUK_K
2017-05-10,0.1292,64.162265,-51.35868,0.473
2017-05-11,0.3302,64.162256,-51.358667,0.1814
2017-05-12,0.4596,64.16226,-51.358671,0.2158
2017-05-13,0.5365,64.162259,-51.358669,0.7067
2017-05-14,0.4989,64.162258,-51.358664,0.1487
2017-05-15,0.5157,64.162254,-51.358678,0.1375
2017-05-16,0.5757,64.162258,-51.358668,0.3688
2017-05-17,0.6755,64.162259,-51.358663,0.9047
2017-05-18,0.7511,64.162254,-51.358669,0.9944
2017-05-19,0.7861,64.162257,-51.358667,0.9786
2017-05-20,0.8472,64.16226,-51.35867,0.9955
2017-05-21,0.6895,64.162258,-51.358672,0.8217
2017-05-22,0.647,64.162263,-51.358665,0.5317
2017-05-23,0.7712,64.16225,-51.358658,0.9057
2017-05-24,0.7927,64.162262,-51.358669,0.9824
2017-05-25,0.7356,64.162264,-51.358667,0.8752
2017-05-26,0.6501,64.162265,-51.358657,0.4741
2017-05-27,0.6423,64.162261,-51.358639,0.2222
2017-05-28,0.648,64.162264,-51.358648,0.2003
2017-05-29,0.7461,64.162266,-51.358645,0.5193
2017-05-30,0.721,64.162263,-51.358644,0.8605
2017-05-31,0.6427,64.162261,-51.358654,0.1483
2017-06-01,0.6365,64.16226,-51.358658,0.1518
2017-06-02,0.634,64.162257,-51.358634,0.1157
2017-06-03,0.6384,64.16226,-51.358649,0.1602
2017-06-04,0.6726,64.162263,-51.358648,0.4407
2017-06-05,0.6594,64.162266,-51.358637,0.6301
2017-06-06,0.6417,64.162264,-51.35864,0.2684
2017-06-07,0.6416,64.16226,-51.358653,0.3918
2017-06-08,0.6469,64.162265,-51.358655,0.7161
2017-06-09,0.6804,64.162266,-51.358653,0.6577
2017-06-10,0.7256,64.162265,-51.358653,0.6759
2017-06-11,0.6954,64.16227,-51.358652,0.8475
2017-06-12,0.6195,64.16227,-51.358658,0.1269
2017-06-13,0.6231,64.162265,-51.358659,0.0931
2017-06-14,0.6237,64.162265,-51.358663,0.124
2017-06-15,0.6216,64.162266,-51.35866,0.1404
2017-06-16,0.6279,64.162265,-51.358654,0.2143
2017-06-17,0.6582,64.162264,-51.358658,0.6058
2017-06-18,0.7683,64.162262,-51.358662,0.7676
2017-06-19,0.7832,64.162265,-51.358659,1.0
2017-06-20,0.6903,64.162263,-51.358663,0.7111
2017-06-21,0.6253,64.162259,-51.358663,0.0643
2017-06-22,0.6137,64.162266,-51.358664,0.1078
2017-06-23,0.6195,64.162261,-51.358661,0.1804
2017-06-24,0.6202,64.162262,-51.358661,0.1893
2017-06-25,0.6307,64.162262,-51.35866,0.3204
2017-06-26,0.6791,64.162264,-51.358664,0.8037
2017-06-27,0.7316,64.162262,-51.358659,0.9679
2017-06-28,0.6576,64.162262,-51.358663,0.9053
2017-06-29,0.6128,64.162265,-51.358659,0.3068
2017-06-30,0.6109,64.162266,-51.358664,0.2564
2017-07-01,0.7595,64.162268,-51.358663,0.7333
2017-07-02,0.6462,64.162271,-51.358663,0.7818
2017-07-03,0.7821,64.162269,-51.358658,0.6198
2017-07-04,0.8954,64.162264,-51.358666,0.9984
2017-07-05,0.7566,64.162265,-51.358661,0.6488
2017-07-06,0.7258,64.162262,-51.358657,0.3127
2017-07-07,0.779,64.162261,-51.358665,0.4518
2017-07-08,0.8006,64.162265,-51.358668,0.8869
2017-07-09,0.6272,64.162267,-51.358661,0.1766
2017-07-10,0.6121,64.162265,-51.358662,0.1168
2017-07-11,0.5997,64.162268,-51.358659,0.0756
2017-07-12,0.6008,64.162268,-51.358657,0.1094
2017-07-13,0.7501,64.162267,-51.358657,0.5816
2017-07-14,0.7608,64.162267,-51.358668,0.9846
2017-07-15,0.7497,64.162267,-51.358665,0.8939
2017-07-16,0.9301,64.16227,-51.358668,0.9987
2017-07-17,0.7202,64.162273,-51.358661,0.4831
2017-07-18,0.8185,64.162271,-51.358663,0.7206
2017-07-19,0.7594,64.162269,-51.358663,0.9943
2017-07-20,0.613,64.162271,-51.358659,0.3665
2017-07-21,0.5977,64.162269,-51.358658,0.0404
2017-07-22,0.598,64.162267,-51.358665,0.264
2017-07-23,0.6165,64.162268,-51.358664,0.4795
2017-07-24,0.5865,64.162268,-51.358659,0.6181
2017-07-25,0.6318,64.162268,-51.358656,0.5211
2017-07-26,0.6017,64.162267,-51.358658,0.3064
2017-07-27,0.568,64.162268,-51.358653,0.0776
2017-07-28,0.561,64.162268,-51.358658,0.0736
2017-07-29,0.5542,64.162269,-51.358658,0.09
2017-07-30,0.5412,64.162266,-51.358659,0.0114
2017-07-31,0.54,64.16227,-51.358654,0.143
2017-08-01,0.5073,64.162267,-51.358655,0.0684
2017-08-02,0.4727,64.162268,-51.358656,0.1082
2017-08-03,0.3737,64.16227,-51.358658,0.0932
2017-08-04,0.3471,64.162272,-51.358658,0.1438
2017-08-05,0.4289,64.162268,-51.358653,0.6224
2017-08-06,0.427,64.162269,-51.358657,0.4472
2017-08-07,0.3458,64.162271,-51.358661,0.9124
2017-08-08,0.336,64.162268,-51.35866,0.8679
2017-08-09,0.2702,64.162271,-51.358659,0.9041
2017-08-10,0.3055,64.16227,-51.358658,0.9973
2017-08-11,0.2806,64.162266,-51.358657,0.9406
2017-08-12,0.2819,64.162268,-51.358663,0.6794
2017-08-13,0.3073,64.16227,-51.358658,0.2373
2017-08-14,0.3105,64.162268,-51.358661,0.0056
2017-08-15,0.29,64.162269,-51.358658,0.0084
2017-08-16,0.3349,64.16227,-51.358654,0.0935
2017-08-17,0.3233,64.16227,-51.358656,0.8133
2017-08-18,0.3029,64.162268,-51.358659,1.0
2017-08-19,0.3351,64.162266,-51.358663,0.9932
2017-08-20,0.3415,64.162268,-51.358661,0.999
2017-08-21,0.3476,64.162266,-51.358661,0.9915
2017-08-22,0.5627,64.162272,-51.358655,0.8271
2017-08-23,0.3714,64.162272,-51.358653,0.1034
2017-08-24,0.3736,64.162267,-51.358657,0.1117
2017-08-25,0.3978,64.162269,-51.358652,0.2587
2017-08-26,0.4129,64.162268,-51.358658,0.1563
2017-08-27,0.4238,64.16227,-51.358654,0.07
2017-08-28,0.4414,64.162267,-51.358656,0.3095
2017-08-29,0.3126,64.162267,-51.358653,0.9616
2017-08-30,0.3596,64.162269,-51.358656,0.9813
2017-08-31,0.4375,64.162269,-51.358656,0.9926
2017-09-01,0.3743,64.162268,-51.35866,0.893
2017-09-02,0.4454,64.16227,-51.358653,0.9542
2017-09-03,0.3735,64.162265,-51.358658,0.5705
2017-09-04,0.3965,64.162266,-51.358654,0.0505
2017-09-05,0.3959,64.162266,-51.35865,0.0889
2017-09-06,0.3963,64.162267,-51.358651,0.2768
2017-09-07,0.404,64.16227,-51.358654,0.3472
2017-09-08,0.4112,64.16227,-51.358658,0.5136
2017-09-09,0.4455,64.16227,-51.358655,0.325
2017-09-10,0.566,64.162271,-51.358655,0.97
2017-09-11,0.9064,64.16227,-51.358658,0.8754
2017-09-12,0.7256,64.16227,-51.358655,0.3887
2017-09-13,0.7957,64.162271,-51.358652,0.6445
2017-09-14,0.4861,64.162273,-51.358657,0.9791
2017-09-15,0.4424,64.162268,-51.358649,0.9796
2017-09-16,0.845,64.162269,-51.358658,0.9972
2017-09-17,0.7249,64.16227,-51.358664,0.7326
2017-09-18,0.6593,64.162266,-51.358656,0.1904
2017-09-19,0.6531,64.162265,-51.358654,0.0756
2017-09-20,0.656,64.162269,-51.358653,0.0825
2018-05-01,0.9464,64.16227,-51.358672,0.9856
2018-05-02,0.8967,64.162275,-51.358668,0.6757
2018-05-03,0.8083,64.162274,-51.358667,0.4514
2018-05-04,0.9024,64.162272,-51.358667,0.9588
2018-05-05,0.9416,64.162276,-51.358668,0.971
2018-05-06,0.9218,64.162272,-51.358664,0.9851
2018-05-07,0.7902,64.162266,-51.358657,0.5957
2018-05-08,0.8458,64.162276,-51.358668,0.1551
2018-05-09,0.7602,64.162278,-51.358659,0.341
2018-05-10,0.9325,64.162274,-51.358659,0.8303
2018-05-11,0.9108,64.162269,-51.358666,0.66
2018-05-12,0.907,64.162273,-51.358665,0.993
2018-05-13,0.8719,64.162273,-51.35867,0.8469
2018-05-14,0.8822,64.162275,-51.358665,0.8362
2018-05-15,0.8222,64.162273,-51.358661,0.5156
2018-05-16,0.8921,64.162273,-51.358662,0.8407
2018-05-17,0.8919,64.162274,-51.358669,0.689
2018-05-18,0.8728,64.162271,-51.358672,0.7376
2018-05-19,0.8375,64.162273,-51.358664,0.382
2018-05-20,0.9248,64.162271,-51.358661,0.8536
2018-05-21,0.7826,64.162278,-51.358662,0.1636
2018-05-22,0.7915,64.162278,-51.358659,0.3432
2018-05-23,0.9789,64.162277,-51.358662,0.9653
2018-05-24,0.8933,64.162276,-51.35866,0.9326
2018-05-25,0.8164,64.162269,-51.358666,0.5827
2018-05-26,0.9149,64.162268,-51.358658,0.823
2018-05-27,0.8888,64.162274,-51.358656,0.7459
2018-05-28,0.8403,64.162274,-51.358657,0.6566
2018-05-29,0.8658,64.162276,-51.358661,0.729
2018-05-30,0.8831,64.162272,-51.358667,0.9459
2018-05-31,0.9029,64.162263,-51.358662,0.9601
2018-06-01,0.9142,64.162271,-51.358661,0.9991
2018-06-02,0.8748,64.16227,-51.358673,0.9838
2018-06-03,0.8781,64.162276,-51.358657,0.9914
2018-06-04,0.8329,64.162272,-51.358665,0.9994
2018-06-05,0.7753,64.162264,-51.358672,0.8765
2018-06-06,0.7565,64.162258,-51.358668,0.6957
2018-06-07,0.8272,64.162264,-51.358661,0.9553
2018-06-08,0.776,64.162272,-51.358655,0.882
2018-06-09,0.6985,64.162271,-51.358648,0.2638
2018-06-10,0.7156,64.162268,-51.35865,0.5217
2018-06-11,0.6909,64.162264,-51.358662,0.2195
2018-06-12,0.6687,64.162268,-51.358659,0.154
2018-06-13,0.6763,64.16227,-51.35867,0.1961
2018-06-14,0.8808,64.162265,-51.358684,0.8548
2018-06-15,0.7376,64.162263,-51.358682,0.4265
2018-06-16,0.6842,64.162265,-51.358672,0.1715
2018-06-17,0.6743,64.162267,-51.358674,0.2795
2018-06-18,0.6679,64.162272,-51.358678,0.3366
2018-06-19,0.6629,64.162275,-51.358683,0.335
2018-06-20,0.6789,64.162268,-51.358676,0.4788
2018-06-21,0.7725,64.162268,-51.358669,0.949
2018-06-22,0.8066,64.16227,-51.358668,0.993
2018-06-23,0.8084,64.162268,-51.35867,0.9986
2018-06-24,0.7051,64.162265,-51.35867,0.72
2018-06-25,0.8047,64.162266,-51.358665,0.8037
2018-06-26,0.7655,64.162269,-51.358667,0.5553
2018-06-27,0.6788,64.162266,-51.358666,0.477
2018-06-28,0.74,64.162266,-51.358671,0.8361
2018-06-29,0.8089,64.162266,-51.35867,0.9262
2018-06-30,0.7887,64.162267,-51.358672,0.9431
2018-07-01,0.7685,64.162267,-51.358674,0.9996
2018-07-02,0.7101,64.162271,-51.358671,0.6534
2018-07-03,0.6795,64.162269,-51.358671,0.3538
2018-07-04,0.6953,64.162271,-51.358664,0.8854
2018-07-05,0.6848,64.162273,-51.358668,0.8694
2018-07-06,0.6435,64.162268,-51.358665,0.2339
2018-07-07,0.6877,64.162269,-51.358671,0.6613
2018-07-08,0.6683,64.162269,-51.358666,0.6828
2018-07-09,0.6796,64.16227,-51.358668,0.7328
2018-07-10,0.6248,64.162269,-51.358666,0.066
2018-07-11,0.6981,64.162273,-51.358665,0.8502
2018-07-12,0.7328,64.162273,-51.358672,0.9769
2018-07-13,0.624,64.16227,-51.358668,0.3669
2018-07-14,0.6317,64.162274,-51.358667,0.317
2018-07-15,0.633,64.162274,-51.358668,0.4185
2018-07-16,0.7498,64.162275,-51.358669,0.7272
2018-07-17,0.7197,64.162272,-51.358667,0.9992
2018-07-18,0.607,64.162271,-51.358667,0.446
2018-07-19,0.4382,64.162273,-51.358666,0.9318
2018-07-20,0.5178,64.16227,-51.358674,0.9767
2018-07-21,0.5132,64.16227,-51.358671,0.9836
2018-07-22,0.4145,64.162272,-51.358671,0.4164
2018-07-23,0.4274,64.162271,-51.358666,0.161
2018-07-24,0.6135,64.162265,-51.358668,0.9637
2018-07-25,0.6204,64.162265,-51.358669,0.7941
2018-07-26,0.476,64.162271,-51.358671,0.824
2018-07-27,0.6523,64.162271,-51.35867,0.8624
2018-07-28,0.6093,64.16227,-51.35867,0.7434
2018-07-29,0.4906,64.162273,-51.358667,0.0564
2018-07-30,0.4701,64.162271,-51.358668,0.0334
2018-07-31,0.3996,64.162267,-51.358672,0.1022
2018-08-01,0.5603,64.162267,-51.358671,0.7671
2018-08-02,0.6358,64.162267,-51.358666,0.6835
2018-08-03,0.4032,64.162271,-51.358669,0.5601
2018-08-04,0.4062,64.162273,-51.358667,0.6983
2018-08-05,0.4229,64.162268,-51.358672,0.7149
2018-08-06,0.4094,64.162265,-51.358672,0.1564
2018-08-07,0.352,64.162269,-51.358672,0.7016
2018-08-08,0.4117,64.162267,-51.358678,0.9987
2018-08-09,0.368,64.162271,-51.358672,0.5291
2018-08-10,0.3605,64.162272,-51.358674,0.0903
2018-08-11,0.3658,64.162271,-51.358672,0.2808
2018-08-12,0.3729,64.162272,-51.358673,0.5034
2018-08-13,0.399,64.162275,-51.358672,0.8359
2018-08-14,0.3817,64.162267,-51.358677,0.574
2018-08-15,0.4328,64.162268,-51.358678,0.9947
2018-08-16,0.4489,64.162267,-51.358672,0.9999
2018-08-17,0.3803,64.162269,-51.358673,0.8995
2018-08-18,0.3752,64.162266,-51.358671,0.8939
2018-08-19,0.4096,64.16227,-51.358672,0.9779
2018-08-20,0.3741,64.162267,-51.358675,0.8244
2018-08-21,0.4893,64.162267,-51.358673,0.9729
2018-08-22,0.9037,64.162268,-51.358678,0.9963
2018-08-23,0.6881,64.162268,-51.358672,0.4563
2018-08-24,0.8407,64.162271,-51.358675,0.7929
2018-08-25,0.7139,64.162271,-51.358673,0.7709
2018-08-26,0.6528,64.162272,-51.358671,0.2405
2018-08-27,0.6404,64.162275,-51.358673,0.1536
2018-08-28,0.751,64.162268,-51.358672,0.8257
2018-08-29,0.7065,64.16227,-51.358678,0.6864
2018-08-30,0.8629,64.162271,-51.358675,0.9921
2018-08-31,0.9107,64.162265,-51.358677,0.9663
2018-09-01,0.7395,64.162265,-51.358677,0.2756
2018-09-02,0.8574,64.162268,-51.358679,0.9027
2018-09-03,0.7654,64.162267,-51.35867,0.9356
2018-09-04,0.6922,64.162269,-51.35867,0.752
2018-09-05,0.7511,64.16227,-51.358677,0.8584
2018-09-06,0.7694,64.162271,-51.358674,0.9057
2018-09-07,0.725,64.162274,-51.358677,0.988
2018-09-08,0.6839,64.162274,-51.358679,0.9542
2018-09-09,0.756,64.162273,-51.358674,0.9543
2018-09-10,0.7539,64.162271,-51.358676,0.9129
2018-09-11,0.9028,64.162271,-51.358674,0.9893
2018-09-12,0.7209,64.162268,-51.358676,0.5134
2018-09-13,0.8083,64.162267,-51.358674,0.4199
2018-09-14,0.8715,64.162263,-51.358678,0.9683
2018-09-15,0.8388,64.162268,-51.358676,0.9409
2018-09-16,0.8777,64.162264,-51.35868,0.9673
2018-09-17,0.7645,64.162266,-51.358679,0.7025
2018-09-18,0.693,64.162267,-51.358677,0.0348
2018-09-19,0.7124,64.162268,-51.358673,0.0973
2018-09-20,0.7851,64.162268,-51.35868,0.9617
2018-09-21,0.7894,64.162271,-51.358676,0.8654
2018-09-22,0.7464,64.16227,-51.358676,0.7917
2018-09-23,0.8223,64.162273,-51.358676,0.6555
2018-09-24,0.7215,64.162271,-51.358672,0.4221
2019-05-01,0.6633,64.162276,-51.358642,0.1249
2019-05-02,0.6933,64.16227,-51.358655,0.2733
2019-05-03,0.6659,64.162289,-51.358656,0.1981
2019-05-04,0.6573,64.162277,-51.358658,0.2825
2019-05-05,0.7048,64.162282,-51.358902,0.4777
2019-05-06,0.665,64.162267,-51.35867,0.2955
2019-05-07,0.6349,64.162273,-51.358664,0.225
2019-05-08,0.6396,64.162271,-51.35867,0.1903
2019-05-09,0.7261,64.162267,-51.358667,0.4402
2019-05-10,0.808,64.162274,-51.358668,0.8001
2019-05-11,0.7415,64.162272,-51.358677,0.8241
2019-05-12,0.6526,64.162276,-51.358675,0.1014
2019-05-13,0.6574,64.162275,-51.358675,0.0796
2019-05-14,0.6267,64.162274,-51.358673,0.3104
2019-05-15,0.6829,64.162274,-51.358674,0.6315
2019-05-16,0.7197,64.162279,-51.358678,0.9295
2019-05-17,0.6241,64.162272,-51.358671,0.2757
2019-05-18,0.6253,64.162281,-51.358681,0.2686
2019-05-19,0.6432,64.162266,-51.358675,0.2144
2019-05-20,0.6324,64.162264,-51.358669,0.1981
2019-05-21,0.6292,64.162261,-51.358659,0.1569
2019-05-22,0.6199,64.162264,-51.358662,0.0636
2019-05-23,0.6328,64.162272,-51.35867,0.2163
2019-05-24,0.665,64.162273,-51.358683,0.3221
2019-05-25,0.6439,64.16227,-51.358683,0.3122
2019-05-26,0.6401,64.162273,-51.358681,0.4194
2019-05-27,0.6403,64.162274,-51.35868,0.2738
2019-05-28,0.6419,64.162271,-51.358676,0.1785
2019-05-29,0.6372,64.162271,-51.358675,0.1959
2019-05-30,0.6348,64.16227,-51.358678,0.1135
2019-05-31,0.6351,64.16227,-51.358677,0.1205
2019-06-01,0.6884,64.162269,-51.358674,0.4674
2019-06-02,0.6792,64.162267,-51.358679,0.6641
2019-06-03,0.6828,64.162268,-51.358679,0.7369
2019-06-04,0.6351,64.16227,-51.358674,0.087
2019-06-05,0.6681,64.162271,-51.35868,0.2607
2019-06-06,0.7584,64.16227,-51.358677,0.9832
2019-06-07,0.7022,64.162267,-51.358679,0.9971
2019-06-08,0.6629,64.16227,-51.358678,0.6266
2019-06-09,0.6401,64.162272,-51.358678,0.5218
2019-06-10,0.6286,64.162269,-51.358674,0.1077
2019-06-11,0.6436,64.162271,-51.358678,0.1636
2019-06-12,0.6782,64.16227,-51.358676,0.4467
2019-06-13,0.7407,64.162271,-51.35868,0.9266
2019-06-14,0.6209,64.162276,-51.358676,0.539
2019-06-15,0.6027,64.162275,-51.358678,0.1431
2019-06-16,0.6034,64.162274,-51.358677,0.1343
2019-06-17,0.5958,64.162274,-51.358675,0.1066
2019-06-18,0.6026,64.162272,-51.358678,0.1606
2019-06-19,0.5985,64.162276,-51.358678,0.2345
2019-06-20,0.6027,64.162276,-51.358674,0.2049
2019-06-21,0.5941,64.162274,-51.358673,0.1476
2019-06-22,0.6033,64.162274,-51.358676,0.2843
2019-06-23,0.573,64.162275,-51.358676,0.8563
2019-06-24,0.4939,64.16227,-51.358679,0.9718
2019-06-25,0.3759,64.162272,-51.358674,0.9948
2019-06-26,0.3355,64.162267,-51.358679,0.9658
2019-06-27,0.3109,64.162271,-51.358676,0.7581
2019-06-28,0.4314,64.162277,-51.358678,0.4806
2019-06-29,0.8062,64.162274,-51.358673,0.9903
2019-06-30,0.8513,64.162268,-51.358677,0.9676
2019-07-01,0.7881,64.162276,-51.35867,0.8168
2019-07-02,0.6691,64.162274,-51.358673,0.2917
2019-07-03,0.5522,64.162274,-51.358681,0.3569
2019-07-04,0.419,64.162278,-51.358677,0.5608
2019-07-05,0.3411,64.162278,-51.358675,0.6173
2019-07-06,0.3383,64.162276,-51.35868,0.4154
2019-07-07,0.3148,64.162275,-51.358677,0.6613
2019-07-08,0.2998,64.162272,-51.358676,0.1021
2019-07-09,0.3164,64.16227,-51.358678,0.2607
2019-07-10,0.3249,64.162275,-51.35868,0.5619
2019-07-11,0.3589,64.162273,-51.358676,0.4158
2019-07-12,0.3488,64.162272,-51.358675,0.333
2019-07-13,0.3176,64.162272,-51.358674,0.7888
2019-07-14,0.3124,64.162275,-51.358677,0.2608
2019-07-15,0.3214,64.162279,-51.358676,0.1774
2019-07-16,0.3405,64.162276,-51.358673,0.5053
2019-07-17,0.2868,64.162272,-51.358676,0.9741
2019-07-18,0.2827,64.16228,-51.358679,0.7887
2019-07-19,0.2873,64.162274,-51.358679,0.5335
2019-07-20,0.3031,64.162274,-51.358679,0.3125
2019-07-21,0.305,64.162273,-51.358673,0.2441
2019-07-22,0.3016,64.162272,-51.358678,0.2247
2019-07-23,0.3014,64.162273,-51.358675,0.1388
2019-07-24,0.3173,64.162272,-51.358679,0.7078
2019-07-25,0.3253,64.162274,-51.358673,0.9985
2019-07-26,0.3063,64.162274,-51.358672,0.994
2019-07-27,0.2799,64.162276,-51.358668,0.8504
2019-07-28,0.294,64.162276,-51.35867,0.1855
2019-07-29,0.3047,64.162273,-51.358676,0.1539
2019-07-30,0.3194,64.162278,-51.358675,0.1895
2019-07-31,0.2938,64.162276,-51.358672,0.3443
2019-08-01,0.3006,64.162274,-51.358675,0.4538
2019-08-02,0.3025,64.162275,-51.358678,0.3968
2019-08-03,0.293,64.162276,-51.358674,0.2308
2019-08-04,0.2835,64.162274,-51.358677,0.1475
2019-08-05,0.2942,64.162274,-51.358675,0.1474
2019-08-06,0.2878,64.162272,-51.358671,0.3049
2019-08-07,0.2968,64.162271,-51.358675,0.5384
2019-08-08,0.2738,64.162276,-51.358673,0.4767
2019-08-09,0.2951,64.162271,-51.358675,0.2608
2019-08-10,0.3017,64.162277,-51.358674,0.16
2019-08-11,0.2825,64.162272,-51.358671,0.1445
2019-08-12,0.2659,64.162273,-51.358674,0.3238
2019-08-13,0.277,64.162278,-51.358673,0.0688
2019-08-14,0.2883,64.162279,-51.358671,0.0768
2019-08-15,0.3197,64.162277,-51.358674,0.5713
2019-08-16,0.2788,64.162273,-51.358679,0.6796
2019-08-17,0.2682,64.162278,-51.358674,0.8748
2019-08-18,0.2662,64.16227,-51.358675,0.9885
2019-08-19,0.2505,64.162276,-51.358672,0.9753
2019-08-20,0.2865,64.162275,-51.358673,0.5123
2019-08-21,0.2933,64.162273,-51.358673,0.5155
2019-08-22,0.3119,64.162274,-51.358669,0.9411
2019-08-23,0.3004,64.162275,-51.358673,0.9564
2019-08-24,0.3086,64.162275,-51.358675,0.3109
2019-08-25,0.3226,64.162277,-51.358674,0.1404
2019-08-26,0.3099,64.162276,-51.358672,0.1525
2019-08-27,0.3122,64.162279,-51.358674,0.583
2019-08-28,0.3254,64.162285,-51.358669,0.1136
2019-08-29,0.3254,64.162273,-51.358679,0.0221
2019-08-30,0.3261,64.162281,-51.358669,0.1468
2019-08-31,0.3312,64.162276,-51.358673,0.2054
2019-09-01,0.2957,64.162275,-51.358669,0.9118
2019-09-02,0.2733,64.162275,-51.358673,0.9636
2019-09-03,0.2865,64.162272,-51.358672,0.7399
2019-09-04,0.3061,64.162278,-51.358665,0.8214
2019-09-05,0.8217,64.16227,-51.358675,0.861
2019-09-06,0.7978,64.162272,-51.358667,0.7151
2019-09-07,0.7388,64.162276,-51.358666,0.9996
2019-09-08,0.7091,64.162274,-51.358672,0.8337
2019-09-09,0.5851,64.162279,-51.358667,0.1369
2019-09-10,0.8283,64.162278,-51.35867,0.9512
2019-09-11,0.7933,64.162277,-51.358672,0.801
2019-09-12,0.7319,64.162274,-51.358667,0.4318
2019-09-13,0.7861,64.162278,-51.35867,0.7597
2019-09-14,0.8645,64.162279,-51.358669,0.9944
2019-09-15,0.7908,64.162276,-51.358671,0.7055
2019-09-16,0.6927,64.162274,-51.358671,0.326
2019-09-17,0.6799,64.162274,-51.358669,0.0268
2019-09-18,0.6778,64.162275,-51.358671,0.0095
2020-05-01,0.7855,64.162288,-51.358667,0.6472
2020-05-02,0.8488,64.162276,-51.358661,0.9375
2020-05-03,0.742,64.162272,-51.358649,0.9264
2020-05-04,0.7385,64.162273,-51.358645,0.6588
2020-05-05,0.6927,64.162264,-51.358645,0.0524
2020-05-06,0.6921,64.162276,-51.358642,0.4945
2020-05-07,0.644,64.162267,-51.358643,0.0258
2020-05-08,0.6764,64.162289,-51.358653,0.1807
2020-05-09,0.6555,64.162269,-51.358649,0.2647
2020-05-10,0.7085,64.162295,-51.358646,0.4869
2020-05-11,0.7022,64.162285,-51.358664,0.3283
2020-05-12,0.7079,64.162281,-51.358665,0.6939
2020-05-13,0.6457,64.162287,-51.358678,0.6352
2020-05-14,0.622,64.162262,-51.358671,0.0
2020-05-15,0.6372,64.162263,-51.358658,0.1653
2020-05-16,0.6256,64.162272,-51.358685,0.0027
2020-05-17,0.6238,64.162278,-51.358675,0.0384
2020-05-18,0.626,64.162271,-51.358667,0.0261
2020-05-19,0.6296,64.162289,-51.358651,0.0033
2020-05-20,0.6221,64.162274,-51.358676,0.0
2020-05-21,0.7741,64.162277,-51.358661,0.5484
2020-05-22,0.7293,64.162279,-51.358664,0.6037
2020-05-23,0.6499,64.16228,-51.358667,0.0
2020-05-24,0.6448,64.162279,-51.358664,0.1452
2020-05-25,0.7836,64.162278,-51.358664,0.9122
2020-05-26,0.8489,64.162278,-51.358665,0.943
2020-05-27,0.7906,64.162275,-51.358671,0.7888
2020-05-28,0.8035,64.162272,-51.358672,0.7297
2020-05-29,0.8274,64.162275,-51.358673,0.9397
2020-05-30,0.7137,64.162275,-51.358668,0.5183
2020-05-31,0.7129,64.162274,-51.358674,0.2706
2020-06-01,0.6998,64.162278,-51.358678,0.6263
2020-06-02,0.758,64.162276,-51.358678,0.9771
2020-06-03,0.7784,64.162277,-51.358669,0.9993
2020-06-04,0.7253,64.162268,-51.358654,0.9804
2020-06-05,0.7289,64.162274,-51.358675,0.9872
2020-06-06,0.6817,64.162274,-51.358683,0.9419
2020-06-07,0.6942,64.162272,-51.358687,0.9413
2020-06-08,0.7055,64.162269,-51.358683,0.9925
2020-06-09,0.6582,64.162269,-51.358687,0.8283
2020-06-10,0.7216,64.162273,-51.358683,0.9919
2020-06-11,0.8547,64.162276,-51.358681,0.9598
2020-06-12,0.7879,64.162275,-51.35868,0.4939
2020-06-13,0.8127,64.16227,-51.358662,0.962
2020-06-14,0.8479,64.162267,-51.358666,0.9548
2020-06-15,0.8487,64.162269,-51.358669,0.9368
2020-06-16,0.8832,64.162269,-51.358668,0.9896
2020-06-17,0.8566,64.162266,-51.358669,0.9331
2020-06-18,0.7729,64.162268,-51.358666,0.6452
2020-06-19,0.7671,64.162268,-51.358659,0.7961
2020-06-20,0.6937,64.162276,-51.358666,0.1096
2020-06-21,0.6537,64.162278,-51.358667,0.0634
2020-06-22,0.6874,64.162278,-51.358677,0.1962
2020-06-23,0.6518,64.162283,-51.358662,0.0599
2020-06-24,0.6967,64.162275,-51.35866,0.7369
2020-06-25,0.6301,64.162274,-51.358666,0.2703
2020-06-26,0.6244,64.16227,-51.358677,0.01
2020-06-27,0.6261,64.162272,-51.358681,0.0233
2020-06-28,0.6186,64.162274,-51.358685,0.0001
2020-06-29,0.6057,64.16227,-51.358681,0.2501
2020-06-30,0.6007,64.16227,-51.358679,0.0131
2020-07-01,0.5996,64.162275,-51.358683,0.0023
2020-07-02,0.6094,64.162275,-51.358679,0.0
2020-07-03,0.5996,64.162274,-51.358679,0.0
2020-07-04,0.611,64.162276,-51.35868,0.0495
2020-07-05,0.6135,64.162273,-51.35868,0.0419
2020-07-06,0.7394,64.162272,-51.358681,0.9336
2020-07-07,0.707,64.162276,-51.358681,0.9877
2020-07-08,0.7253,64.162273,-51.35868,0.9412
2020-07-09,0.7472,64.162275,-51.358681,0.9756
2020-07-10,0.6526,64.162279,-51.358676,0.7592
2020-07-11,0.6088,64.162279,-51.358676,0.0094
2020-07-12,0.6082,64.16228,-51.358676,0.0369
2020-07-13,0.6047,64.162282,-51.358682,0.0219
2020-07-14,0.6032,64.162273,-51.358684,0.1456
2020-07-15,0.6077,64.16228,-51.358682,0.0784
2020-07-16,0.5948,64.162275,-51.35868,0.2828
2020-07-17,0.587,64.16228,-51.35868,0.0
2020-07-18,0.5783,64.16228,-51.358681,0.0153
2020-07-19,0.5717,64.162276,-51.358681,0.5106
2020-07-20,0.5551,64.162278,-51.35868,0.5418
2020-07-21,0.4301,64.162275,-51.358678,0.5039
2020-07-22,0.3382,64.162272,-51.358676,0.0164
2020-07-23,0.2687,64.162276,-51.358675,0.5012
2020-07-24,0.276,64.16228,-51.358675,0.8888
2020-07-25,0.3037,64.162281,-51.358674,0.9334
2020-07-26,0.2554,64.162276,-51.358679,0.5746
2020-07-27,0.3149,64.162281,-51.35868,0.9037
2020-07-28,0.2972,64.16228,-51.358678,0.9985
2020-07-29,0.2872,64.16228,-51.358677,1.0
2020-07-30,0.3064,64.162283,-51.358676,0.9998
2020-07-31,0.2897,64.162282,-51.358672,0.9636
2020-08-01,0.2989,64.162279,-51.358671,0.9816
2020-08-02,0.2817,64.162279,-51.358677,0.9979
2020-08-03,0.2956,64.162276,-51.358675,0.6442
2020-08-04,0.3388,64.162279,-51.358677,0.4374
2020-08-05,0.3449,64.162277,-51.358675,0.4756
2020-08-06,0.3492,64.162278,-51.35867,0.3753
2020-08-07,0.3398,64.162276,-51.35867,0.9999
2020-08-08,0.3376,64.162277,-51.358677,0.9976
2020-08-09,0.3662,64.16228,-51.358678,0.754
2020-08-10,0.5786,64.162275,-51.358679,0.6418
2020-08-11,0.4868,64.162282,-51.358676,0.4016
2020-08-12,0.3064,64.162279,-51.358672,0.8907
2020-08-13,0.2981,64.162282,-51.35868,0.0
2020-08-14,0.3642,64.162282,-51.358677,0.5707
2020-08-15,0.3222,64.162281,-51.358679,0.4498
2020-08-16,0.3585,64.162286,-51.358683,0.0
2020-08-17,0.358,64.162276,-51.358679,0.0
2020-08-18,0.3101,64.162277,-51.358679,0.0
2020-08-19,0.2875,64.162275,-51.358679,0.0
2020-08-20,0.2712,64.162279,-51.358673,0.0
2020-08-21,0.2856,64.162278,-51.358674,0.0
2020-08-22,0.3027,64.162277,-51.358677,0.0
2020-08-23,0.3093,64.162279,-51.358681,0.0
2020-08-24,0.3287,64.162281,-51.358682,0.0013
2020-08-25,0.3201,64.162276,-51.358681,0.5951
2020-08-26,0.3018,64.162278,-51.358683,0.3492
2020-08-27,0.3177,64.162279,-51.358681,0.1981
2020-08-28,0.2703,64.162279,-51.358676,0.4134
2020-08-29,0.2458,64.162279,-51.35868,0.7295
2020-08-30,0.2424,64.162278,-51.35868,0.0
2020-08-31,0.2617,64.162277,-51.358679,0.0
2020-09-01,0.2564,64.162273,-51.35868,0.0233
2020-09-02,0.3001,64.162274,-51.358678,0.0
2020-09-03,0.3259,64.162271,-51.358683,0.2506
2020-09-04,0.2461,64.162276,-51.358676,0.9989
2020-09-05,0.2523,64.162278,-51.358674,0.9818
2020-09-06,0.261,64.162278,-51.358675,0.9952
2020-09-07,0.2661,64.162281,-51.358682,0.593
2020-09-08,0.2866,64.162282,-51.358683,0.5783
2020-09-09,0.3629,64.16228,-51.358685,0.9089
2020-09-10,0.448,64.162279,-51.358678,0.6709
2020-09-11,0.4324,64.162283,-51.358683,0.3813
2020-09-12,0.376,64.162278,-51.358685,0.0
2020-09-13,0.3614,64.162283,-51.358688,0.1087
2020-09-14,0.3762,64.162276,-51.358683,0.25
2020-09-15,0.3148,64.162276,-51.358685,0.9877
2020-09-16,0.4015,64.162278,-51.358679,0.9963
2020-09-17,0.7023,64.162276,-51.358681,0.665
2020-09-18,0.6234,64.162275,-51.358684,0.5341
2020-09-19,0.8034,64.162277,-51.358678,0.9101
2020-09-20,0.8166,64.162276,-51.358676,0.8062
2020-09-21,0.8077,64.162273,-51.358683,0.9223
2020-09-22,0.8102,64.16228,-51.358677,0.9601
2020-09-23,0.5956,64.162274,-51.358684,0.6222
2020-09-24,0.7287,64.162277,-51.358685,0.5459
2020-09-25,0.7308,64.16228,-51.358679,0.9575
2020-09-26,0.5674,64.162279,-51.358677,0.6098
2021-05-01,0.6101,64.162286,-51.358673,0.0013
2021-05-02,0.6019,64.162302,-51.358667,0.0
2021-05-03,0.5979,64.162306,-51.358684,0.0082
2021-05-04,0.5886,64.162287,-51.358679,0.0
2021-05-05,0.5881,64.162291,-51.358671,0.0
2021-05-06,0.5908,64.162292,-51.358686,0.0034
2021-05-07,0.5835,64.162298,-51.358676,0.0
2021-05-08,0.5875,64.162295,-51.358676,0.0026
2021-05-09,0.5883,64.162295,-51.358677,0.0
2021-05-10,0.7781,64.162304,-51.358676,0.7094
2021-05-11,0.6947,64.162293,-51.358678,0.5495
2021-05-12,0.5917,64.162304,-51.358691,0.0002
2021-05-13,0.5902,64.162277,-51.358671,0.0
2021-05-14,0.5882,64.162269,-51.358668,0.0015
2021-05-15,0.5916,64.162272,-51.358686,0.0599
2021-05-16,0.6396,64.162267,-51.358678,0.3342
2021-05-17,0.5822,64.162269,-51.358679,0.0179
2021-05-18,0.6723,64.162276,-51.358679,0.3058
2021-05-19,0.8117,64.162275,-51.358681,0.7876
2021-05-20,0.8753,64.162278,-51.358678,0.9335
2021-05-21,0.9049,64.162273,-51.358678,0.9722
2021-05-22,0.8535,64.162266,-51.358684,0.8517
2021-05-23,0.7934,64.162274,-51.35868,0.7418
2021-05-24,0.8513,64.162272,-51.35868,0.8411
2021-05-25,0.8022,64.162272,-51.35868,0.5487
2021-05-26,0.8185,64.162273,-51.358676,0.4627
2021-05-27,0.6543,64.162294,-51.358672,0.0163
2021-05-28,0.6315,64.162285,-51.358675,0.0068
2021-05-29,0.7361,64.162288,-51.358675,0.1408
2021-05-30,0.7283,64.162282,-51.358678,0.8555
2021-05-31,0.747,64.162276,-51.35868,0.9752
2021-06-01,0.6616,64.162275,-51.358686,0.2759
2021-06-02,0.6673,64.162273,-51.358668,0.3508
2021-06-03,0.8251,64.162274,-51.358685,0.8164
2021-06-04,0.668,64.162268,-51.358682,0.4384
2021-06-05,0.7597,64.16228,-51.358681,0.9963
2021-06-06,0.7791,64.162273,-51.358678,0.9873
2021-06-07,0.6416,64.162271,-51.358676,0.6492
2021-06-08,0.5941,64.16229,-51.358683,0.0218
2021-06-09,0.5841,64.162288,-51.358696,0.0003
2021-06-10,0.659,64.162282,-51.35869,0.4269
2021-06-11,0.6611,64.162297,-51.358699,0.7031
2021-06-12,0.63,64.162287,-51.358686,0.5524
2021-06-13,0.6947,64.162284,-51.358683,0.8815
2021-06-14,0.5909,64.162295,-51.358691,0.0258
2021-06-15,0.6867,64.162273,-51.35868,0.5789
2021-06-16,0.75,64.16228,-51.358669,0.7924
2021-06-17,0.5914,64.162283,-51.358669,0.0006
2021-06-18,0.621,64.162277,-51.358671,0.3982
2021-06-19,0.7601,64.162287,-51.358675,0.9857
2021-06-20,0.7186,64.162298,-51.358652,0.9553
2021-06-21,0.5624,64.162259,-51.35869,0.1842
2021-06-22,0.56,64.162285,-51.358694,0.0
2021-06-23,0.747,64.162278,-51.358665,0.7992
2021-06-24,0.7149,64.162279,-51.358682,0.9903
2021-06-25,0.6462,64.162276,-51.358682,0.5221
2021-06-26,0.7457,64.162276,-51.358684,0.9927
2021-06-27,0.7375,64.162282,-51.358677,0.9703
2021-06-28,0.7532,64.162288,-51.358683,0.9957
2021-06-29,0.8154,64.162283,-51.358675,0.9904
2021-06-30,0.6782,64.162279,-51.358678,0.394
2021-07-01,0.6018,64.162284,-51.35868,0.0
2021-07-02,0.5887,64.162285,-51.358677,0.0
2021-07-03,0.5884,64.162286,-51.358679,0.0006
2021-07-04,0.7497,64.162283,-51.358678,0.8161
2021-07-05,0.733,64.162287,-51.358669,0.9983
2021-07-06,0.7228,64.162282,-51.358674,0.9938
2021-07-07,0.6936,64.162288,-51.358672,0.4593
2021-07-08,0.6245,64.162282,-51.358675,0.0
2021-07-09,0.5964,64.162278,-51.358678,0.0
2021-07-10,0.5723,64.162277,-51.358677,0.0105
2021-07-11,0.6289,64.162283,-51.358675,0.4632
2021-07-12,0.6047,64.162279,-51.358676,0.1425
2021-07-13,0.6534,64.162286,-51.358673,0.4284
2021-07-14,0.7051,64.16228,-51.358671,0.9894
2021-07-15,0.5554,64.16228,-51.358674,0.2878
2021-07-16,0.5361,64.162283,-51.358675,0.146
2021-07-17,0.6142,64.162286,-51.358673,0.7449
2021-07-18,0.6065,64.16228,-51.358666,0.9875
2021-07-19,0.5659,64.162283,-51.358667,0.9786
2021-07-20,0.4409,64.162283,-51.358666,0.6241
2021-07-21,0.3382,64.162277,-51.358669,0.1102
2021-07-22,0.3319,64.162281,-51.358669,0.8772
2021-07-23,0.3727,64.162278,-51.358662,0.9987
2021-07-24,0.3202,64.16228,-51.35867,0.6378
2021-07-25,0.4251,64.162275,-51.358668,0.4231
2021-07-26,0.2483,64.162279,-51.358663,0.3669
2021-07-27,0.2235,64.162277,-51.358666,0.125
2021-07-28,0.2589,64.162287,-51.358664,0.0
2021-07-29,0.2882,64.162287,-51.358672,0.0212
2021-07-30,0.2753,64.16228,-51.358667,0.0
2021-07-31,0.2696,64.16228,-51.358667,0.2445
2021-08-01,0.2413,64.162281,-51.358668,0.2142
2021-08-02,0.2606,64.162282,-51.358669,0.7998
2021-08-03,0.2566,64.162278,-51.358668,0.6201
2021-08-04,0.2705,64.162277,-51.358669,0.8308
2021-08-05,0.2696,64.162279,-51.358664,0.9205
2021-08-06,0.2821,64.16228,-51.358659,0.915
2021-08-07,0.2717,64.16228,-51.358662,0.6629
2021-08-08,0.5778,64.162278,-51.358663,0.9928
2021-08-09,0.371,64.162277,-51.358663,0.5252
2021-08-10,0.3202,64.162278,-51.35867,0.5895
2021-08-11,0.2537,64.162283,-51.358664,0.459
2021-08-12,0.2566,64.162284,-51.358667,0.0001
2021-08-13,0.2715,64.162285,-51.35867,0.8815
2021-08-14,0.3908,64.162283,-51.35867,0.9818
2021-08-15,0.3648,64.162283,-51.358669,1.0
2021-08-16,0.3391,64.16228,-51.358664,0.9876
2021-08-17,0.3502,64.162284,-51.358664,0.962
2021-08-18,0.3611,64.162285,-51.35866,0.9867
2021-08-19,0.3626,64.162281,-51.35866,0.9785
2021-08-20,0.2923,64.162278,-51.358667,0.5115
2021-08-21,0.306,64.162277,-51.358661,0.0278
2021-08-22,0.3298,64.162278,-51.358667,0.0
2021-08-23,0.3278,64.162276,-51.358665,0.0
2021-08-24,0.3499,64.162279,-51.358666,0.2987
2021-08-25,0.3456,64.162276,-51.35867,0.9258
2021-08-26,0.3459,64.162285,-51.358673,0.8228
2021-08-27,0.4318,64.162302,-51.358669,0.9572
2021-08-28,0.392,64.162291,-51.358688,0.9919
2021-08-29,0.6552,64.162287,-51.358677,0.8732
2021-08-30,0.4678,64.162281,-51.358661,0.0064
2021-08-31,0.4444,64.162274,-51.358667,0.0
2021-09-01,0.3838,64.162271,-51.358666,0.0
2021-09-02,0.3296,64.16229,-51.358675,0.1545
2022-05-01,0.7667,64.162286,-51.358666,0.1253
2022-05-02,0.7796,64.162308,-51.358647,0.4508
2022-05-03,0.8728,64.16229,-51.358656,0.8983
2022-05-04,0.8947,64.162298,-51.358656,0.5799
2022-05-05,0.7591,64.162285,-51.358645,0.005
2022-05-06,0.7585,64.162297,-51.358636,0.0991
2022-05-07,0.7714,64.162292,-51.358675,0.2374
2022-05-08,0.7547,64.1623,-51.358649,0.1575
2022-05-09,0.7502,64.1623,-51.358649,0.4237
2022-05-10,0.8442,64.162278,-51.358645,0.9898
2022-05-11,0.8398,64.162308,-51.358645,0.955
2022-05-12,0.813,64.16228,-51.35864,0.9341
2022-05-13,0.8147,64.162271,-51.358646,0.6819
2022-05-14,0.781,64.162285,-51.358637,0.7001
2022-05-15,0.7632,64.162289,-51.358631,0.2945
2022-05-16,0.7543,64.162305,-51.35864,0.0948
2022-05-17,0.7403,64.162289,-51.358661,0.078
2022-05-18,0.7189,64.162284,-51.358648,0.0869
2022-05-19,0.6952,64.162296,-51.358548,0.0853
2022-05-20,0.693,64.162338,-51.358442,0.0887
2022-05-21,0.7306,64.162309,-51.358599,0.539
2022-05-22,0.8376,64.162278,-51.358641,0.949
2022-05-23,0.8301,64.162299,-51.358626,0.83
2022-05-24,0.8463,64.162284,-51.358629,0.8232
2022-05-25,0.7657,64.162304,-51.358584,0.4611
2022-05-26,0.8469,64.162281,-51.358615,0.7579
2022-05-27,0.7816,64.162292,-51.358641,0.8201
2022-05-28,0.8049,64.162279,-51.358628,0.5362
2022-05-29,0.771,64.16229,-51.358659,0.2681
2022-05-30,0.7063,64.162322,-51.358627,0.2162
2022-05-31,0.6753,64.162298,-51.358635,0.0593
2022-06-01,0.6538,64.162312,-51.358704,0.0138
2022-06-02,0.6425,64.16228,-51.358636,0.0217
2022-06-03,0.6383,64.162295,-51.358601,0.015
2022-06-04,0.6657,64.162287,-51.358698,0.1031
2022-06-05,0.6549,64.162284,-51.358693,0.0551
2022-06-06,0.6497,64.162279,-51.35866,0.0181
2022-06-07,0.6765,64.162287,-51.358666,0.1745
2022-06-08,0.6733,64.162274,-51.358687,0.1593
2022-06-09,0.6724,64.162281,-51.358671,0.2034
2022-06-10,0.7282,64.162285,-51.358673,0.698
2022-06-11,0.6936,64.162282,-51.358672,0.815
2022-06-12,0.761,64.162286,-51.358677,0.716
2022-06-13,0.8565,64.162288,-51.358666,0.9804
2022-06-14,0.7472,64.162564,-51.358018,0.3082
2022-06-15,0.7328,64.162265,-51.358698,0.2327
2022-06-16,0.7072,64.162285,-51.35868,0.4609
2022-06-17,0.8075,64.16228,-51.358657,0.9932
2022-06-18,0.7788,64.162266,-51.358684,1.0
2022-06-19,0.7295,64.162285,-51.358664,0.9941
2022-06-20,0.7592,64.162275,-51.358714,0.9957
2022-06-21,0.8148,64.162269,-51.358674,0.785
2022-06-22,0.7329,64.162296,-51.35869,0.5481
2022-06-23,0.6272,64.162289,-51.358682,0.0787
2022-06-24,0.6901,64.162274,-51.35872,0.6514
2022-06-25,0.6396,64.162292,-51.358684,0.6579
2022-06-26,0.704,64.162264,-51.358731,0.9652
2022-06-27,0.7339,64.162287,-51.358666,0.9597
2022-06-28,0.712,64.162293,-51.358672,0.6468
2022-06-29,0.7147,64.162271,-51.358688,0.9723
2022-06-30,0.7419,64.162273,-51.35867,0.9504
2022-07-01,0.7313,64.162277,-51.35869,0.9897
2022-07-02,0.6779,64.16226,-51.358682,0.6724
2022-07-03,0.6252,64.162274,-51.358693,0.5058
2022-07-04,0.6985,64.162265,-51.358686,0.7593
2022-07-05,0.6142,64.162269,-51.358681,0.5111
2022-07-06,0.7206,64.162269,-51.358674,0.7957
2022-07-07,0.6733,64.162273,-51.358675,0.5941
2022-07-08,0.6192,64.16227,-51.358668,0.1486
2022-07-09,0.6286,64.162276,-51.358678,0.2586
2022-07-10,0.674,64.162286,-51.358664,0.5905
2022-07-11,0.6358,64.162271,-51.35866,0.2525
2022-07-12,0.6596,64.162271,-51.358664,0.6934
2022-07-13,0.6753,64.162278,-51.358658,0.6819
2022-07-14,0.6106,64.162292,-51.358695,0.074
2022-07-15,0.6027,64.162299,-51.358686,0.1363
2022-07-16,0.6532,64.16229,-51.358676,0.6758
2022-07-17,0.7161,64.162293,-51.358676,0.9534
2022-07-18,0.6165,64.162274,-51.358659,0.6956
2022-07-19,0.597,64.162276,-51.358662,0.6207
2022-07-20,0.625,64.162272,-51.358666,0.8789
2022-07-21,0.451,64.162276,-51.358677,0.8071
2022-07-22,0.4059,64.162281,-51.358656,0.1778
2022-07-23,0.3617,64.162276,-51.358657,0.1833
2022-07-24,0.4183,64.162275,-51.358652,0.3938
2022-07-25,0.4373,64.16227,-51.358643,0.1452
2022-07-26,0.4844,64.162274,-51.358678,0.7732
2022-07-27,0.4644,64.162279,-51.358662,0.2344
2022-07-28,0.4554,64.162278,-51.358664,0.2476
2022-07-29,0.395,64.162284,-51.358655,0.8969
2022-07-30,0.3071,64.162282,-51.358664,0.5154
2022-07-31,0.3462,64.162284,-51.358663,0.2182
2022-08-01,0.3495,64.162301,-51.358672,0.8509
2022-08-02,0.3322,64.16229,-51.358661,0.7307
2022-08-03,0.3685,64.162278,-51.358652,0.71
2022-08-04,0.3558,64.16228,-51.358667,0.982
2022-08-05,0.3819,64.162277,-51.358678,0.9774
2022-08-06,0.3441,64.162272,-51.358664,0.6485
2022-08-07,0.4495,64.16228,-51.358664,0.9447
2022-08-08,0.4363,64.162278,-51.358668,0.5273
2022-08-09,0.4837,64.162279,-51.358677,0.9755
2022-08-10,0.4132,64.16229,-51.35867,0.8515
2022-08-11,0.4046,64.16229,-51.358668,0.2534
2022-08-12,0.3977,64.162285,-51.35868,0.0876
2022-08-13,0.4252,64.162285,-51.358667,0.2144
2022-08-14,0.3848,64.162289,-51.358651,0.988
2022-08-15,0.3438,64.162287,-51.358664,0.9684
2022-08-16,0.3374,64.162288,-51.35867,0.9608
2022-08-17,0.4176,64.162282,-51.358684,0.6682
2022-08-18,0.4189,64.162287,-51.358671,0.0916
2022-08-19,0.4293,64.162277,-51.358675,0.4009
2022-08-20,0.4623,64.162287,-51.358666,0.9728
2022-08-21,0.4559,64.162274,-51.358661,0.6114
2022-08-22,0.3995,64.162266,-51.358686,0.6456
2022-08-23,0.3897,64.162266,-51.358664,0.92
2022-08-24,0.3605,64.162268,-51.358668,0.6016
2022-08-25,0.3557,64.162271,-51.358672,0.9995
2022-08-26,0.3447,64.162276,-51.358676,0.3026
2022-08-27,0.3879,64.162276,-51.358686,0.3232
2022-08-28,0.3915,64.162281,-51.358698,0.2345
2022-08-29,0.4207,64.162269,-51.358674,0.5049
2022-08-30,0.756,64.162282,-51.35868,0.999
2022-08-31,0.7123,64.16228,-51.358688,0.786
2022-09-01,0.623,64.162291,-51.35869,0.7131
2022-09-02,0.4053,64.162282,-51.358674,0.9848
2022-09-03,0.3946,64.16229,-51.358674,0.9945
2022-09-04,0.3466,64.162282,-51.358678,0.8622
2022-09-05,0.4295,64.162278,-51.358667,0.9711
2022-09-06,0.4602,64.162275,-51.358665,0.9023
2022-09-07,0.4179,64.162275,-51.358667,0.7081
2022-09-08,0.4067,64.162275,-51.358673,0.4428
2022-09-09,0.4003,64.162281,-51.358664,0.3399
2022-09-10,0.4106,64.162291,-51.358658,0.4624
2022-09-11,0.4246,64.162284,-51.358663,0.8956
2022-09-12,0.3707,64.162277,-51.358669,0.9146
2022-09-13,0.3862,64.162274,-51.358663,0.6704
2022-09-14,0.3787,64.162274,-51.358674,0.8189
2022-09-15,0.3993,64.162277,-51.358692,0.9888
2022-09-16,0.3622,64.162285,-51.358681,0.9121
2022-09-17,0.3595,64.162284,-51.358684,0.9266
2022-09-18,0.3461,64.162288,-51.358677,0.4724
2022-09-19,0.3532,64.162294,-51.358681,0.2998
2022-09-20,0.4361,64.162288,-51.358694,0.6988
2022-09-21,0.4252,64.162285,-51.358702,0.8762
2022-09-22,0.4012,64.162284,-51.358696,0.9166
2022-09-23,0.458,64.16229,-51.358691,0.985
2022-09-24,0.452,64.162293,-51.358682,0.8567
2022-09-25,0.4088,64.162282,-51.358694,0.6105
2022-09-26,0.4342,64.162282,-51.358692,0.9989
2022-09-27,0.4077,64.162284,-51.35868,0.9885
2022-09-28,0.3995,64.162278,-51.358679,0.9959
2022-09-29,0.4373,64.16228,-51.358685,0.9836
2022-09-30,0.9696,64.162282,-51.358694,0.9943
2023-05-01,0.642,64.162269,-51.358684,0.0869
2023-05-02,0.6356,64.162259,-51.358687,0.0745
2023-05-03,0.7544,64.162272,-51.358684,0.6214
2023-05-04,0.7963,64.162264,-51.358688,0.9164
2023-05-05,0.6649,64.162273,-51.358695,0.3217
2023-05-06,0.7829,64.162263,-51.358682,0.9017
2023-05-07,0.7598,64.162278,-51.358702,0.7765
2023-05-08,0.6859,64.162279,-51.35866,0.365
2023-05-09,0.8354,64.162263,-51.35869,0.9675
2023-05-10,0.775,64.162284,-51.358693,0.6378
2023-05-11,0.7112,64.162278,-51.358682,0.8526
2023-05-12,0.7422,64.162293,-51.358656,0.7647
2023-05-13,0.8168,64.162282,-51.358673,0.9839
2023-05-14,0.8521,64.162287,-51.358675,0.8932
2023-05-15,0.7949,64.162292,-51.358691,0.626
2023-05-16,0.7677,64.162286,-51.358681,0.9122
2023-05-17,0.7361,64.162292,-51.358671,0.6587
2023-05-18,0.7133,64.162288,-51.35868,0.6958
2023-05-19,0.8643,64.162274,-51.358693,0.8351
2023-05-20,0.8564,64.162283,-51.358678,0.9029
2023-05-21,0.7587,64.162271,-51.358693,0.4417
2023-05-22,0.8202,64.162272,-51.358676,0.4924
2023-05-23,0.8867,64.162266,-51.358689,0.9877
2023-05-24,0.8247,64.162276,-51.358683,0.8384
2023-05-25,0.7846,64.162278,-51.3587,0.706
2023-05-26,0.9002,64.162286,-51.358678,0.9522
2023-05-27,0.8622,64.162277,-51.358678,0.9631
2023-05-28,0.7504,64.162281,-51.358679,0.5209
2023-05-29,0.7368,64.162286,-51.358664,0.1402
2023-05-30,0.7476,64.16229,-51.358682,0.758
2023-05-31,0.8408,64.162288,-51.358676,0.968
2023-06-01,0.8728,64.162283,-51.358668,0.9822
2023-06-02,0.766,64.162294,-51.358674,0.691
2023-06-03,0.813,64.162291,-51.358686,0.5681
2023-06-04,0.8531,64.162288,-51.3587,0.8382
2023-06-05,0.8908,64.162277,-51.358691,0.9949
2023-06-06,0.9068,64.162288,-51.358686,0.9995
2023-06-07,0.7676,64.162288,-51.358694,0.7235
2023-06-08,0.8011,64.16229,-51.358664,0.8275
2023-06-09,0.7824,64.162274,-51.358662,0.8568
2023-06-10,0.7229,64.162262,-51.358695,0.4598
2023-06-11,0.7396,64.162297,-51.358694,0.8356
2023-06-12,0.7987,64.162282,-51.35869,0.8986
2023-06-13,0.7307,64.162289,-51.358672,0.7783
2023-06-14,0.6795,64.162288,-51.358691,0.4583
2023-06-15,0.7322,64.162294,-51.358711,0.3734
2023-06-16,0.7015,64.162278,-51.358691,0.3504
2023-06-17,0.679,64.162285,-51.358698,0.1026
2023-06-18,0.6639,64.162277,-51.358686,0.2031
2023-06-19,0.6329,64.162278,-51.358677,0.1437
2023-06-20,0.7138,64.162287,-51.358691,0.6572
2023-06-21,0.7155,64.162285,-51.358685,0.9595
2023-06-22,0.7617,64.162297,-51.358685,0.9958
2023-06-23,0.6322,64.162291,-51.35868,0.6475
2023-06-24,0.6069,64.162286,-51.358684,0.1215
2023-06-25,0.6305,64.162282,-51.35869,0.3303
2023-06-26,0.6236,64.162287,-51.358694,0.3542
2023-06-27,0.7693,64.162296,-51.358708,0.8517
2023-06-28,0.6404,64.162278,-51.358698,0.5547
2023-06-29,0.753,64.162286,-51.358709,0.853
2023-06-30,0.8222,64.162281,-51.358681,0.9801
2023-07-01,0.7203,64.162274,-51.358692,0.9779
2023-07-02,0.6526,64.162281,-51.358688,0.5524
2023-07-03,0.7147,64.162279,-51.358698,0.8774
2023-07-04,0.7352,64.162279,-51.358689,0.9751
2023-07-05,0.7013,64.162277,-51.358681,0.8456
2023-07-06,0.6151,64.162286,-51.358712,0.7389
2023-07-07,0.6298,64.16228,-51.358672,0.2905
2023-07-08,0.5961,64.162264,-51.358675,0.2214
2023-07-09,0.661,64.162272,-51.35869,0.8972
2023-07-10,0.4544,64.162272,-51.358698,0.9065
2023-07-11,0.4697,64.162278,-51.358675,0.9954
2023-07-12,0.3666,64.162273,-51.358701,0.2784
2023-07-13,0.3858,64.162264,-51.358686,0.563
2023-07-14,0.4375,64.162274,-51.358676,0.9793
2023-07-15,0.4236,64.162277,-51.358689,0.9094
2023-07-16,0.4156,64.162278,-51.358708,0.9654
2023-07-17,0.4359,64.162272,-51.358691,0.9974
2023-07-18,0.4044,64.162274,-51.358689,0.9606
2023-07-19,0.4225,64.162267,-51.358702,0.8806
2023-07-20,0.4116,64.16227,-51.358705,0.9867
2023-07-21,0.4169,64.162276,-51.358698,0.918
2023-07-22,0.4577,64.162272,-51.358696,0.7974
2023-07-23,0.3686,64.162285,-51.358684,0.5483
2023-07-24,0.395,64.162268,-51.358686,0.086
2023-07-25,0.403,64.16227,-51.358684,0.0019
2023-07-26,0.4492,64.162279,-51.358689,0.1741
2023-07-27,0.4572,64.162274,-51.358692,0.8182
2023-07-28,0.4461,64.162281,-51.358689,0.867
2023-07-29,0.4184,64.162272,-51.358679,0.5451
2023-07-30,0.4157,64.162288,-51.358689,0.6313
2023-07-31,0.4427,64.162284,-51.358692,0.2772
2023-08-01,0.4645,64.162288,-51.3587,0.561
2023-08-02,0.4658,64.162292,-51.358686,0.9992
2023-08-03,0.408,64.162297,-51.358692,0.6668
2023-08-04,0.4854,64.162298,-51.358693,0.8654
2023-08-05,0.4169,64.162277,-51.358677,0.9206
2023-08-06,0.4151,64.162268,-51.358687,0.0374
2023-08-07,0.4397,64.162282,-51.358687,0.027
2023-08-08,0.4536,64.162288,-51.35869,0.0535
2023-08-09,0.4518,64.162284,-51.358696,0.1777
2023-08-10,0.4435,64.162279,-51.358686,0.563
2023-08-11,0.4113,64.162285,-51.35869,0.2343
2023-08-12,0.4528,64.162275,-51.358673,0.3857
2023-08-13,0.4488,64.162288,-51.358682,0.7997
2023-08-14,0.4027,64.162307,-51.358692,0.4419
2023-08-15,0.4017,64.16229,-51.358703,0.0466
2023-08-16,0.4042,64.162291,-51.358689,0.079
2023-08-17,0.3816,64.162282,-51.358678,0.1893
2023-08-18,0.433,64.162277,-51.358684,0.2127
2023-08-19,0.398,64.162279,-51.358686,0.6287
2023-08-20,0.3417,64.162275,-51.358698,0.7365
2023-08-21,0.3614,64.162268,-51.358686,0.5505
2023-08-22,0.3757,64.162282,-51.358692,0.9084
2023-08-23,0.365,64.162276,-51.358695,0.9488
2023-08-24,0.3845,64.162284,-51.358674,0.9121
2023-08-25,0.3818,64.16227,-51.358681,0.8929
2023-08-26,0.4201,64.162274,-51.358674,0.9801
2023-08-27,0.3957,64.162278,-51.358684,0.9618
2023-08-28,0.373,64.16227,-51.358685,0.896
2023-08-29,0.4001,64.162279,-51.358684,0.9212
2023-08-30,0.6292,64.162281,-51.358684,0.996
2023-08-31,0.7638,64.162282,-51.358673,0.8464
2023-09-01,0.6892,64.162286,-51.358698,0.2016
2023-09-02,0.8343,64.16227,-51.358683,0.9629
2023-09-03,0.7128,64.162282,-51.358704,0.6124
2023-09-04,0.5126,64.162288,-51.35869,0.8982
2023-09-05,0.419,64.162285,-51.358698,0.987
2023-09-06,0.5353,64.162282,-51.358681,0.9933
2023-09-07,0.9555,64.162276,-51.358697,0.9958
2023-09-08,0.8436,64.162278,-51.358712,0.9976
2023-09-09,0.6814,64.1623,-51.358727,0.4652
2023-09-10,0.7205,64.162289,-51.358684,0.1466
2023-09-11,0.8257,64.162277,-51.358689,0.7086
2023-09-12,0.8551,64.16228,-51.358706,0.9803
2023-09-13,0.739,64.162291,-51.358703,0.894
2023-09-14,0.7823,64.162289,-51.358694,0.8589
2023-09-15,0.7849,64.162288,-51.358698,0.9506
2023-09-16,0.8922,64.162286,-51.358693,0.9819
2023-09-17,0.7121,64.162274,-51.358696,0.5234
2023-09-18,0.6558,64.162282,-51.358689,0.1206
2023-09-19,0.6948,64.162285,-51.358682,0.1963
2023-09-20,0.7456,64.162288,-51.35868,0.3686
2023-09-22,0.8465,64.162288,-51.358695,0.9567
2023-09-23,0.6877,64.162287,-51.35868,0.621
2023-09-24,0.6039,64.162283,-51.358684,0.0322
2023-09-25,0.7735,64.162288,-51.358688,0.7707
2023-09-26,0.5721,64.162279,-51.358683,0.2595
2023-09-27,0.7404,64.162279,-51.358683,0.8584
2023-09-28,0.9145,64.162284,-51.358682,0.964
2023-09-29,0.9097,64.162281,-51.35869,0.8531
2023-09-30,0.6343,64.162282,-51.358695,0.737
