time,alb_QAS_M,lat_QAS_M,lon_QAS_M,cloud_QAS_M
2017-05-01,0.1212,61.09971,-46.833054,0.9535
2017-05-02,0.0938,61.099691,-46.833055,0.9606
2017-05-03,0.0424,61.099692,-46.833059,0.8187
2017-05-04,0.2659,61.099715,-46.833079,0.8253
2017-05-05,0.6754,61.099722,-46.833069,0.6066
2017-05-06,0.7126,61.09973,-46.833054,0.2573
2017-05-07,0.7178,61.099694,-46.833053,0.2223
2017-05-08,0.7162,61.099694,-46.83306,0.2218
2017-05-09,0.7283,61.099688,-46.833046,0.4152
2017-05-10,0.768,61.099689,-46.83307,0.5639
2017-05-11,0.7358,61.099693,-46.833078,0.6842
2017-05-12,0.8613,61.099679,-46.83306,0.7282
2017-05-13,0.791,61.099688,-46.833062,0.5335
2017-05-14,0.7537,61.099688,-46.833054,0.171
2017-05-15,0.717,61.099694,-46.833051,0.1903
2017-05-16,0.7191,61.099685,-46.833049,0.2861
2017-05-17,0.7295,61.099678,-46.833033,0.4582
2017-05-18,0.8357,61.099682,-46.833054,0.9855
2017-05-19,0.848,61.099678,-46.833049,1.0
2017-05-20,0.7948,61.099672,-46.833088,0.9449
2017-05-21,0.6749,61.099716,-46.833068,0.5496
2017-05-22,0.6743,61.099693,-46.833057,0.3684
2017-05-23,0.6869,61.099694,-46.833054,0.9393
2017-05-30,0.7182,61.099675,-46.83306,0.0462
2017-05-31,0.6579,61.099675,-46.833075,0.3319
2017-06-01,0.7228,61.099678,-46.833093,0.3118
2017-06-02,0.7409,61.099678,-46.8331,0.3814
2017-06-03,0.7489,61.099678,-46.833082,0.4011
2017-06-04,0.7306,61.099671,-46.833082,0.4083
2017-06-05,0.7898,61.099667,-46.833075,0.4921
2017-06-08,0.7158,61.099665,-46.833078,0.1073
2017-07-01,0.7449,61.099648,-46.833088,0.3335
2017-07-06,0.6588,61.099644,-46.833104,0.1659
2017-07-11,0.5494,61.099646,-46.833094,0.9945
2017-07-13,0.4068,61.09964,-46.833104,0.999
2017-07-14,0.5285,61.09964,-46.833112,0.931
2017-08-24,0.1635,61.099574,-46.833136,0.9984
2017-08-25,0.1598,61.099559,-46.833133,0.9944
2017-08-26,0.1804,61.099558,-46.83314,0.7475
2017-08-27,0.1954,61.099556,-46.83314,0.8666
2017-08-28,0.2221,61.099556,-46.833139,0.3035
2017-08-29,0.1677,61.099557,-46.833144,0.3401
2017-08-30,0.1553,61.099549,-46.833138,0.8002
2017-08-31,0.1632,61.099546,-46.833138,0.7185
2017-09-01,0.1693,61.09955,-46.83314,0.3561
2017-09-02,0.1797,61.099546,-46.833141,0.2599
2017-09-03,0.1901,61.099541,-46.833138,0.084
2017-09-04,0.2094,61.099543,-46.833141,0.102
2017-09-05,0.2129,61.099543,-46.83314,0.4426
2017-09-06,0.1841,61.099541,-46.833134,0.974
2017-09-07,0.2766,61.099545,-46.833147,0.409
2017-09-08,0.253,61.099545,-46.833145,0.6624
2017-09-09,0.271,61.09954,-46.833143,0.4126
2017-09-10,0.3673,61.09954,-46.833139,0.9031
2017-09-11,0.5418,61.099541,-46.833138,0.2719
2017-09-12,0.4685,61.099534,-46.833144,0.1692
2017-09-13,0.3787,61.09954,-46.833143,0.6025
2017-09-14,0.217,61.099533,-46.833139,0.9984
2017-09-15,0.2642,61.099532,-46.833147,1.0
2017-09-16,0.2941,61.09953,-46.833144,0.9329
2017-09-17,0.3192,61.099527,-46.833149,0.7695
2017-09-18,0.3839,61.099528,-46.83315,0.2023
2017-09-19,0.3864,61.099523,-46.83315,0.0848
2017-09-20,0.4138,61.099524,-46.833155,0.2174
2017-09-21,0.4631,61.099526,-46.833156,0.1377
2017-09-22,0.3942,61.099527,-46.833154,0.332
2017-09-23,0.4291,61.099527,-46.833154,0.5341
2017-09-24,0.8439,61.099523,-46.833149,0.4936
2017-09-25,0.8915,61.099524,-46.83315,0.2673
2017-09-26,0.8174,61.099522,-46.833153,0.6413
2017-09-27,0.7929,61.099521,-46.833146,0.3082
2017-09-28,0.8532,61.099522,-46.833153,0.1668
2017-09-29,0.823,61.099523,-46.833156,0.3226
2017-09-30,0.8114,61.099522,-46.833151,0.3621
2018-05-01,0.8579,61.099372,-46.833233,0.3827
2018-05-02,0.8401,61.099373,-46.833224,0.1957
2018-05-03,0.8316,61.09937,-46.833217,0.1026
2018-05-04,0.8259,61.099365,-46.833229,0.1602
2018-05-05,0.8574,61.099367,-46.833219,0.6031
2018-05-06,0.8516,61.099369,-46.83322,0.1973
2018-05-07,0.8302,61.099365,-46.833217,0.2111
2018-05-08,0.8313,61.099366,-46.833216,0.3737
2018-05-09,0.8228,61.099363,-46.83322,0.1887
2018-05-10,0.817,61.099358,-46.833224,0.1904
2018-05-11,0.8805,61.099364,-46.833221,0.8427
2018-05-12,0.8906,61.099359,-46.833218,0.9384
2018-05-13,0.9159,61.099365,-46.833231,0.8407
2018-05-14,0.8822,61.099366,-46.833229,0.3867
2018-05-15,0.8842,61.099368,-46.833221,0.6689
2018-05-16,0.933,61.099359,-46.833216,0.9754
2018-05-17,0.8689,61.09936,-46.833221,0.9009
2018-05-18,0.7764,61.099366,-46.833222,0.4028
2018-05-19,0.8393,61.099367,-46.833228,0.5761
2018-05-20,0.8519,61.099361,-46.833224,0.7373
2018-05-21,0.8327,61.09936,-46.833214,0.4461
2018-05-22,0.7976,61.099356,-46.833233,0.1767
2018-05-23,0.8708,61.099358,-46.833236,0.9378
2018-05-24,0.8691,61.099357,-46.833233,0.9087
2018-05-25,0.8483,61.099355,-46.833227,0.6514
2018-05-26,0.8512,61.099353,-46.833227,0.5742
2018-05-27,0.8182,61.099355,-46.833236,0.6662
2018-05-28,0.7884,61.099348,-46.833252,0.1606
2018-05-29,0.8097,61.099354,-46.833253,0.6434
2018-05-30,0.923,61.099353,-46.83325,0.9507
2018-05-31,0.8728,61.099348,-46.833248,0.9157
2018-06-01,0.8654,61.099343,-46.833249,0.9598
2018-06-02,0.8706,61.099346,-46.833257,0.9728
2018-06-03,0.8287,61.099348,-46.833264,1.0
2018-06-04,0.7585,61.099345,-46.833255,0.9115
2018-06-05,0.7506,61.099344,-46.833259,0.7574
2018-06-06,0.8164,61.099343,-46.833246,0.7852
2018-06-07,0.8991,61.099342,-46.833258,0.9879
2018-06-08,0.7706,61.099337,-46.833257,0.3458
2018-06-09,0.757,61.099342,-46.833259,0.5665
2018-06-10,0.7747,61.099338,-46.833257,0.8879
2018-06-11,0.7398,61.099342,-46.833267,0.7296
2018-06-12,0.7293,61.099341,-46.833264,0.703
2018-06-13,0.7066,61.099341,-46.833265,0.3134
2018-06-14,0.815,61.099341,-46.833262,0.8852
2018-06-15,0.7556,61.09934,-46.833261,0.7747
2018-06-16,0.7046,61.099339,-46.833264,0.391
2018-06-17,0.7313,61.099333,-46.833266,0.7883
2018-06-18,0.7011,61.099331,-46.833266,0.4035
2018-06-19,0.6997,61.099332,-46.833262,0.3482
2018-06-20,0.7165,61.099334,-46.833268,0.8618
2018-06-21,0.8567,61.099333,-46.83326,0.9695
2018-06-22,0.8478,61.099332,-46.833261,0.9591
2018-06-23,0.779,61.099328,-46.833266,0.7718
2018-06-24,0.8023,61.099331,-46.833263,0.865
2018-06-25,0.7372,61.099329,-46.833264,0.7727
2018-06-26,0.7038,61.099327,-46.833262,0.4974
2018-06-27,0.7001,61.099325,-46.833268,0.4467
2018-06-28,0.6917,61.099324,-46.833265,0.8132
2018-06-29,0.6798,61.099323,-46.833267,0.5364
2018-06-30,0.7346,61.099323,-46.833259,0.939
2018-07-01,0.8742,61.099323,-46.833249,0.9729
2018-07-02,0.7599,61.099315,-46.833256,0.4516
2018-07-03,0.7126,61.099316,-46.833263,0.34
2018-07-04,0.7242,61.099318,-46.833261,0.9505
2018-07-05,0.6608,61.099318,-46.833269,0.9067
2018-07-06,0.6446,61.09931,-46.833271,0.6502
2018-07-07,0.7111,61.099313,-46.833268,0.8672
2018-07-08,0.6682,61.099311,-46.83326,0.9742
2018-07-09,0.6358,61.099308,-46.833265,0.6092
2018-07-10,0.6715,61.099309,-46.833265,0.9279
2018-07-11,0.5326,61.099311,-46.833269,0.9656
2018-07-12,0.6073,61.09931,-46.83326,0.9964
2018-07-13,0.6956,61.099307,-46.833271,0.382
2018-07-14,0.6292,61.099305,-46.833272,0.2561
2018-07-15,0.4346,61.099303,-46.833279,0.4688
2018-07-16,0.5375,61.099302,-46.833268,0.9106
2018-07-17,0.3035,61.099305,-46.833264,0.9665
2018-07-18,0.2443,61.099299,-46.833269,0.9799
2018-07-19,0.2745,61.099299,-46.833266,0.9977
2018-07-20,0.3262,61.099297,-46.833268,0.9811
2018-07-21,0.3887,61.099295,-46.833276,0.8923
2018-07-22,0.3875,61.099294,-46.833277,0.2272
2018-07-23,0.3584,61.099292,-46.833277,0.171
2018-07-24,0.3674,61.099292,-46.833274,0.4496
2018-07-25,0.3513,61.099288,-46.833275,0.151
2018-07-26,0.3452,61.099289,-46.83328,0.254
2018-07-27,0.368,61.099288,-46.833281,0.7285
2018-07-28,0.3557,61.099289,-46.833285,0.7795
2018-07-29,0.3477,61.099285,-46.833279,0.245
2018-07-30,0.2985,61.099285,-46.83328,0.3126
2018-07-31,0.2548,61.099283,-46.83328,0.7728
2018-08-01,0.2502,61.099282,-46.833272,0.9707
2018-08-02,0.2444,61.099281,-46.833284,0.2679
2018-08-03,0.2452,61.099282,-46.833287,0.5045
2018-08-04,0.2589,61.099277,-46.833287,0.5663
2018-08-05,0.2407,61.099277,-46.833277,0.869
2018-08-06,0.2463,61.099273,-46.833285,0.2507
2018-08-07,0.2402,61.099276,-46.833286,0.4644
2018-08-08,0.2044,61.09927,-46.833274,0.9998
2018-08-09,0.2002,61.099273,-46.833283,0.4624
2018-08-10,0.2053,61.099272,-46.833292,0.37
2018-08-11,0.1984,61.099269,-46.833285,0.8181
2018-08-12,0.1922,61.099267,-46.833283,0.953
2018-08-13,0.2006,61.099267,-46.833285,0.9198
2018-08-14,0.1949,61.099268,-46.833287,0.9477
2018-08-15,0.186,61.099267,-46.833293,0.9683
2018-08-16,0.2329,61.099266,-46.833293,0.9556
2018-08-17,0.252,61.099263,-46.833297,0.4191
2018-08-18,0.2186,61.099267,-46.833286,0.9915
2018-08-19,0.2211,61.099264,-46.833288,0.9807
2018-08-20,0.2449,61.099259,-46.83329,0.6078
2018-08-21,0.2297,61.099259,-46.833292,0.6227
2018-08-22,0.2517,61.099257,-46.833297,0.6042
2018-08-23,0.2374,61.099256,-46.8333,0.5754
2018-08-24,0.2131,61.099257,-46.83329,0.9632
2018-08-25,0.2794,61.099256,-46.833289,0.8106
2018-08-26,0.4612,61.099258,-46.833296,0.6393
2018-08-27,0.3624,61.099254,-46.833302,0.2427
2018-08-28,0.3566,61.099252,-46.833305,0.673
2018-08-29,0.2608,61.09925,-46.833293,0.975
2018-08-30,0.3028,61.099252,-46.833305,0.4432
2018-08-31,0.3728,61.099266,-46.833324,0.267
2018-09-01,0.3315,61.099289,-46.833344,0.1548
2018-09-02,0.2958,61.099287,-46.833336,0.8496
2018-09-03,0.4929,61.099289,-46.833338,0.9609
2018-09-04,0.5203,61.099283,-46.833349,0.669
2018-09-05,0.2206,61.09928,-46.83335,0.8717
2018-09-06,0.2499,61.09928,-46.833356,0.8334
2018-09-07,0.2657,61.099277,-46.833352,0.8776
2018-09-08,0.2934,61.09928,-46.833353,0.6561
2018-09-09,0.2895,61.099278,-46.833355,0.5093
2018-09-10,0.311,61.099279,-46.833354,0.1989
2018-09-11,0.6266,61.099279,-46.833352,0.4965
2018-09-12,0.3993,61.099278,-46.83335,0.0784
2018-09-13,0.3267,61.099277,-46.833355,0.3138
2018-09-14,0.63,61.099275,-46.833353,0.6047
2018-09-15,0.5428,61.099273,-46.833352,0.1618
2018-09-16,0.4435,61.099272,-46.833358,0.5506
2018-09-17,0.8166,61.09927,-46.83336,0.812
2018-09-18,0.7399,61.09927,-46.83336,0.6623
2018-09-19,0.7054,61.099268,-46.833364,0.1673
2018-09-20,0.6873,61.099268,-46.833362,0.1366
2018-09-21,0.6246,61.09927,-46.833362,0.743
2018-09-22,0.8611,61.09927,-46.833365,0.8934
2018-09-23,0.869,61.099265,-46.83336,0.9374
2018-09-24,0.856,61.099265,-46.833357,0.7629
2018-09-25,0.9022,61.099268,-46.833359,0.1972
2018-09-26,0.9165,61.099266,-46.833361,0.3202
2018-09-27,0.9044,61.099265,-46.833355,0.9742
2018-09-28,0.9552,61.099265,-46.833356,0.5954
2018-09-29,0.8892,61.099264,-46.833357,0.484
2018-09-30,0.8616,61.099262,-46.833359,0.9601
2019-05-01,0.424,61.099119,-46.833436,0.7484
2019-05-02,0.7151,61.099118,-46.833446,0.5352
2019-05-03,0.7206,61.099116,-46.833444,0.6585
2019-05-04,0.6654,61.099113,-46.833438,0.7805
2019-05-05,0.6741,61.099115,-46.833443,0.8181
2019-05-06,0.6932,61.099118,-46.833443,0.8263
2019-05-07,0.7015,61.09912,-46.833439,0.4477
2019-05-08,0.7648,61.099116,-46.833432,0.6546
2019-05-09,0.7822,61.099115,-46.833441,0.9125
2019-05-10,0.8497,61.099113,-46.833437,0.8546
2019-05-11,0.74,61.09911,-46.833444,0.4492
2019-05-12,0.7373,61.099105,-46.833441,0.0808
2019-05-13,0.7187,61.099104,-46.833445,0.4904
2019-05-14,0.7634,61.099103,-46.833438,0.7685
2019-05-15,0.6881,61.099107,-46.833444,0.5627
2019-05-16,0.6801,61.099107,-46.833443,0.2353
2019-05-17,0.7067,61.099103,-46.833441,0.4418
2019-05-18,0.7123,61.099105,-46.833448,0.8333
2019-05-19,0.6819,61.099105,-46.833454,0.4561
2019-05-20,0.6792,61.099099,-46.833443,0.1853
2019-05-21,0.6755,61.099102,-46.833448,0.1357
2019-05-22,0.7151,61.099102,-46.833461,0.3761
2019-05-23,0.6995,61.0991,-46.833464,0.6181
2019-05-24,0.7419,61.099097,-46.833469,0.7253
2019-05-25,0.7615,61.099091,-46.833468,0.7643
2019-05-26,0.7185,61.099096,-46.833471,0.8084
2019-05-27,0.6449,61.099097,-46.833477,0.33
2019-05-28,0.6528,61.099098,-46.833488,0.2184
2019-05-29,0.6438,61.099096,-46.833476,0.1353
2019-05-30,0.6403,61.099094,-46.833474,0.0856
2019-05-31,0.6412,61.099104,-46.833463,0.0938
2019-06-01,0.6471,61.099092,-46.833456,0.2718
2019-06-02,0.6776,61.09909,-46.833465,0.6731
2019-06-03,0.6457,61.099096,-46.833469,0.2866
2019-06-04,0.6451,61.09909,-46.833462,0.1534
2019-06-05,0.6987,61.09909,-46.833467,0.5118
2019-06-06,0.7674,61.09909,-46.833462,0.9269
2019-06-07,0.6952,61.099079,-46.833463,0.8012
2019-06-08,0.7542,61.099077,-46.83346,0.7562
2019-06-09,0.6994,61.099078,-46.833462,0.7747
2019-06-10,0.6806,61.099079,-46.833462,0.3149
2019-06-11,0.7071,61.099077,-46.83347,0.5945
2019-06-12,0.7422,61.099078,-46.833471,0.8495
2019-06-13,0.6456,61.099074,-46.833466,0.5061
2019-06-14,0.6521,61.099076,-46.833469,0.4965
2019-06-15,0.6371,61.099072,-46.833469,0.4137
2019-06-16,0.632,61.099072,-46.833469,0.345
2019-06-17,0.6311,61.099071,-46.833471,0.331
2019-06-18,0.6339,61.09907,-46.83347,0.3203
2019-06-19,0.6337,61.099065,-46.833469,0.2964
2019-06-20,0.624,61.099066,-46.833471,0.2902
2019-06-21,0.6133,61.099064,-46.833472,0.2296
2019-06-22,0.61,61.099063,-46.833472,0.2891
2019-06-23,0.6799,61.099062,-46.833471,0.9064
2019-06-24,0.6346,61.099063,-46.833472,0.9947
2019-06-25,0.5379,61.099056,-46.833469,0.8917
2019-06-26,0.5667,61.099057,-46.833472,0.9926
2019-06-27,0.5256,61.099057,-46.833475,0.7649
2019-06-28,0.5151,61.099055,-46.833479,0.3139
2019-06-29,0.5658,61.099054,-46.833476,0.9376
2019-06-30,0.5541,61.099053,-46.833475,0.436
2019-07-01,0.5869,61.099054,-46.833473,0.6415
2019-07-02,0.5419,61.099054,-46.833472,0.6732
2019-07-03,0.5015,61.09905,-46.833477,0.1469
2019-07-04,0.4896,61.099046,-46.833478,0.2657
2019-07-05,0.4604,61.099044,-46.833484,0.2548
2019-07-06,0.428,61.099046,-46.83348,0.7074
2019-07-07,0.3299,61.099043,-46.833483,0.8743
2019-07-08,0.2734,61.099041,-46.833475,0.6817
2019-07-09,0.2942,61.099041,-46.833482,0.6321
2019-07-10,0.3006,61.099039,-46.833479,0.442
2019-07-11,0.2988,61.099037,-46.833484,0.2964
2019-07-12,0.2784,61.099036,-46.833483,0.4098
2019-07-13,0.2473,61.099037,-46.833481,0.5778
2019-07-14,0.2222,61.099034,-46.833482,0.5798
2019-07-15,0.2318,61.099029,-46.833489,0.3303
2019-07-16,0.2554,61.099031,-46.833484,0.6883
2019-07-17,0.2022,61.099029,-46.833483,0.8897
2019-07-18,0.1928,61.099024,-46.833487,0.8917
2019-07-19,0.1907,61.099024,-46.833488,0.4614
2019-07-20,0.201,61.099026,-46.833485,0.3425
2019-07-21,0.204,61.099022,-46.833488,0.4061
2019-07-22,0.2056,61.099021,-46.83349,0.3058
2019-07-23,0.2014,61.099021,-46.833491,0.3421
2019-07-24,0.2154,61.09902,-46.833493,0.9334
2019-07-25,0.2025,61.09902,-46.833493,0.9466
2019-07-26,0.2025,61.099012,-46.83349,0.9929
2019-07-27,0.1925,61.099015,-46.833498,0.944
2019-07-28,0.203,61.099012,-46.83349,0.721
2019-07-29,0.205,61.099012,-46.833498,0.2579
2019-07-30,0.2002,61.099014,-46.833502,0.4388
2019-07-31,0.1783,61.09901,-46.8335,0.8404
2019-08-01,0.1836,61.099007,-46.833501,0.7295
2019-08-02,0.1794,61.099006,-46.833506,0.4
2019-08-03,0.1795,61.099007,-46.833506,0.7504
2019-08-04,0.1901,61.099003,-46.833513,0.5152
2019-08-05,0.1878,61.099001,-46.833514,0.566
2019-08-06,0.1977,61.099001,-46.833515,0.7025
2019-08-07,0.1948,61.099,-46.833514,0.8646
2019-08-08,0.1949,61.098996,-46.833514,0.5523
2019-08-09,0.1862,61.098996,-46.833513,0.9998
2019-08-10,0.1953,61.098997,-46.833519,0.6788
2019-08-11,0.199,61.098993,-46.833512,0.2333
2019-08-12,0.2035,61.098993,-46.833516,0.6475
2019-08-13,0.1815,61.098994,-46.833514,0.7351
2019-08-14,0.2077,61.098993,-46.833523,0.2312
2019-08-15,0.226,61.098989,-46.833519,0.4157
2019-08-16,0.223,61.098989,-46.833523,0.2197
2019-08-17,0.213,61.098984,-46.833528,0.5658
2019-08-18,0.1978,61.098985,-46.833522,0.9508
2019-08-19,0.2019,61.098984,-46.833526,0.6322
2019-08-20,0.2125,61.098982,-46.833525,0.2751
2019-08-21,0.2329,61.098981,-46.833525,0.2092
2019-08-22,0.2367,61.098979,-46.833525,0.2339
2019-08-23,0.236,61.098977,-46.833526,0.3721
2019-08-24,0.2189,61.098978,-46.833524,0.2743
2019-08-25,0.2134,61.098976,-46.833522,0.1
2019-08-26,0.2007,61.098973,-46.833525,0.1763
2019-08-27,0.1916,61.098972,-46.833529,0.8187
2019-08-28,0.2191,61.098974,-46.833533,0.2782
2019-08-29,0.2195,61.098998,-46.833493,0.1035
2019-08-30,0.2717,61.099072,-46.833397,0.5564
2019-08-31,0.2915,61.09908,-46.833386,0.515
2019-09-01,0.2559,61.099068,-46.833392,0.9895
2019-09-02,0.2979,61.099073,-46.833388,0.639
2019-09-03,0.2557,61.099067,-46.833396,0.9014
2019-09-04,0.2571,61.099038,-46.833392,0.718
2019-09-05,0.3177,61.099071,-46.833392,0.4022
2019-09-06,0.2557,61.09907,-46.833388,0.9842
2019-09-07,0.278,61.099067,-46.833392,0.5283
2019-09-08,0.3416,61.099071,-46.833391,0.0522
2019-09-09,0.3096,61.099069,-46.833392,0.4416
2019-09-10,0.3573,61.099062,-46.833389,0.1607
2019-09-11,0.3877,61.099065,-46.833395,0.1763
2019-09-12,0.5115,61.099064,-46.833403,0.622
2019-09-13,0.6318,61.099061,-46.833397,0.3275
2019-09-14,0.7761,61.099062,-46.833405,0.6678
2019-09-15,0.7714,61.099058,-46.833399,0.159
2019-09-16,0.7172,61.099054,-46.833409,0.3522
2019-09-17,0.6751,61.099058,-46.833401,0.3434
2019-09-18,0.5901,61.099057,-46.833395,0.5812
2019-09-19,0.5541,61.099057,-46.833402,0.608
2019-09-20,0.6005,61.09906,-46.833395,0.3973
2019-09-21,0.7879,61.099056,-46.833406,0.9348
2019-09-22,0.7471,61.099061,-46.833394,0.4174
2019-09-23,0.6617,61.09906,-46.833389,0.4419
2019-09-24,0.5426,61.09906,-46.833405,0.3277
2019-09-25,0.4942,61.099059,-46.833403,0.1945
2019-09-26,0.4657,61.099055,-46.833406,0.1722
2019-09-27,0.3943,61.099054,-46.833408,0.4477
2019-09-28,0.3791,61.099048,-46.833396,0.3726
2019-09-29,0.2917,61.099045,-46.833413,0.4975
2019-09-30,0.2877,61.099048,-46.833411,0.4672
2020-05-01,0.7835,61.098876,-46.833395,0.2877
2020-05-02,0.9489,61.098894,-46.833369,0.891
2020-05-03,0.9913,61.099156,-46.833329,0.9925
2020-05-04,0.8496,61.098671,-46.833164,0.7851
2020-05-05,0.9045,61.098872,-46.832824,0.8914
2020-05-06,0.8446,61.098883,-46.833911,0.9554
2020-05-07,0.7757,61.099078,-46.832669,0.4139
2020-05-08,0.7834,61.098309,-46.831966,0.3597
2020-05-09,0.7722,61.098721,-46.833154,0.245
2020-05-10,0.8623,61.100153,-46.82935,0.8697
2020-05-11,0.8166,61.098816,-46.835517,0.7257
2020-05-12,0.8323,61.098682,-46.833571,0.885
2020-05-13,0.7798,61.099112,-46.833227,0.7812
2020-05-14,0.7643,61.099087,-46.833298,0.6926
2020-05-15,0.7519,61.098874,-46.833495,0.6057
2020-05-16,0.7897,61.098908,-46.83343,0.5497
2020-05-17,0.7198,61.098915,-46.833417,0.4713
2020-05-18,0.7228,61.098901,-46.833376,0.2451
2020-05-19,0.7205,61.098922,-46.833417,0.1174
2020-05-20,0.7198,61.098876,-46.833486,0.1218
2020-05-21,0.7522,61.09887,-46.833484,0.3804
2020-05-22,0.7797,61.098873,-46.833484,0.6918
2020-05-23,0.7077,61.09887,-46.833494,0.2252
2020-05-24,0.7063,61.098873,-46.833483,0.1494
2020-05-25,0.7637,61.098922,-46.833312,0.4252
2020-05-26,0.9085,61.098872,-46.83349,0.9458
2020-05-27,0.8457,61.098867,-46.83349,0.8518
2020-05-28,0.7354,61.098873,-46.83349,0.6304
2020-05-29,0.7357,61.098868,-46.833495,0.341
2020-05-30,0.7379,61.098902,-46.833387,0.1762
2020-05-31,0.8065,61.098867,-46.833493,0.7625
2020-06-01,0.7624,61.098862,-46.833496,0.9691
2020-06-02,0.828,61.098857,-46.833486,0.9823
2020-06-03,0.7802,61.098855,-46.833489,1.0
2020-06-04,0.7953,61.098853,-46.833401,0.9179
2020-06-05,0.8323,61.098847,-46.833499,0.9802
2020-06-06,0.8197,61.09885,-46.833496,0.9729
2020-06-07,0.8444,61.098848,-46.833485,0.952
2020-06-08,0.7604,61.098857,-46.833488,0.6343
2020-06-09,0.8096,61.098845,-46.833508,0.7408
2020-06-10,0.9258,61.098872,-46.833392,0.9944
2020-06-11,0.8759,61.098846,-46.833507,0.8679
2020-06-12,0.9709,61.098874,-46.833388,0.8266
2020-06-13,0.9599,61.098843,-46.833496,0.9927
2020-06-14,0.8528,61.098841,-46.8335,0.7321
2020-06-15,0.8927,61.098844,-46.833507,0.6879
2020-06-16,0.8972,61.098844,-46.833499,0.9932
2020-06-17,0.8526,61.098843,-46.833506,0.9387
2020-06-18,0.8176,61.098843,-46.833506,0.8261
2020-06-19,0.838,61.098841,-46.833504,0.7121
2020-06-20,0.7591,61.09884,-46.833507,0.4293
2020-06-21,0.7592,61.09884,-46.833505,0.5709
2020-06-22,0.726,61.098839,-46.83351,0.4777
2020-06-23,0.7269,61.098829,-46.833515,0.3093
2020-06-24,0.7876,61.098833,-46.833504,0.6855
2020-06-25,0.8451,61.098832,-46.833505,0.9172
2020-06-26,0.7256,61.098837,-46.833509,0.2081
2020-06-27,0.7215,61.098831,-46.833505,0.2319
2020-06-28,0.704,61.098835,-46.833515,0.5426
2020-06-29,0.719,61.09883,-46.833514,0.3313
2020-06-30,0.7094,61.098832,-46.833517,0.5041
2020-07-01,0.7295,61.098823,-46.833519,0.8054
2020-07-02,0.7525,61.09887,-46.833482,0.7116
2020-07-03,0.6816,61.098828,-46.833509,0.3315
2020-07-04,0.6712,61.098823,-46.833511,0.1594
2020-07-05,0.6711,61.098819,-46.833506,0.6791
2020-07-06,0.6668,61.098824,-46.833515,0.9453
2020-07-07,0.6473,61.098824,-46.833521,0.9765
2020-07-08,0.5377,61.098823,-46.833507,0.9502
2020-07-09,0.4453,61.098823,-46.833522,0.9939
2020-07-10,0.4346,61.098814,-46.833521,0.9999
2020-07-11,0.425,61.098818,-46.833526,0.683
2020-07-12,0.527,61.098817,-46.833512,0.7449
2020-07-13,0.423,61.098816,-46.833523,1.0
2020-07-14,0.3989,61.09881,-46.833523,0.9994
2020-07-15,0.3952,61.09881,-46.833524,0.493
2020-07-16,0.3371,61.098808,-46.833517,0.3155
2020-07-17,0.2899,61.098802,-46.833519,0.1663
2020-07-18,0.3043,61.098804,-46.833518,0.5263
2020-07-19,0.3097,61.098804,-46.833505,0.5208
2020-07-20,0.2986,61.098799,-46.833517,0.6978
2020-07-21,0.2881,61.098805,-46.833513,0.5741
2020-07-22,0.2698,61.098795,-46.833519,0.5266
2020-07-23,0.2838,61.098795,-46.833519,0.9932
2020-07-24,0.2576,61.098818,-46.833419,0.8442
2020-07-25,0.2732,61.098788,-46.833524,0.9467
2020-07-26,0.2918,61.09879,-46.833525,0.744
2020-07-27,0.2849,61.098788,-46.833521,0.8437
2020-07-28,0.2539,61.098783,-46.833514,1.0
2020-07-29,0.2481,61.098789,-46.833526,0.7775
2020-07-30,0.2586,61.098783,-46.833516,0.9929
2020-07-31,0.253,61.098786,-46.833527,0.8009
2020-08-01,0.2884,61.098782,-46.833518,0.6242
2020-08-02,0.2637,61.098788,-46.833511,0.9814
2020-08-03,0.2557,61.098783,-46.833516,0.8728
2020-08-04,0.2564,61.09878,-46.833524,0.6102
2020-08-05,0.2672,61.098758,-46.8335,0.3522
2020-08-06,0.2783,61.098783,-46.833515,0.8084
2020-08-07,0.2729,61.09877,-46.833536,0.9985
2020-08-08,0.258,61.09878,-46.833513,0.5783
2020-08-09,0.2548,61.098778,-46.833525,0.8425
2020-08-10,0.2657,61.098774,-46.83352,0.1524
2020-08-11,0.6924,61.098769,-46.833524,0.7204
2020-08-12,0.3264,61.098762,-46.833527,0.9984
2020-08-13,0.2235,61.098762,-46.833532,0.9827
2020-08-14,0.2566,61.098766,-46.833528,0.4042
2020-08-15,0.2559,61.098774,-46.83353,0.5853
2020-08-16,0.289,61.098816,-46.833509,0.1883
2020-08-17,0.2405,61.098763,-46.833519,0.3955
2020-08-18,0.2167,61.098764,-46.833518,0.505
2020-08-19,0.2235,61.098754,-46.833521,0.3789
2020-08-20,0.2399,61.098756,-46.833522,0.2783
2020-08-21,0.26,61.098754,-46.833526,0.2501
2020-08-22,0.2677,61.098755,-46.833525,0.1969
2020-08-23,0.2751,61.098778,-46.833411,0.2088
2020-08-24,0.2763,61.098757,-46.833524,0.2141
2020-08-25,0.281,61.098756,-46.83353,0.2003
2020-08-26,0.2746,61.098744,-46.833525,0.1823
2020-08-27,0.2655,61.098748,-46.833523,0.3453
2020-08-28,0.242,61.098746,-46.833526,0.9682
2020-08-29,0.2379,61.098743,-46.833525,0.8194
2020-08-30,0.2282,61.098746,-46.833531,0.7061
2020-08-31,0.2642,61.098765,-46.833442,0.2408
2020-09-01,0.2918,61.098747,-46.833542,0.5826
2020-09-02,0.2944,61.098737,-46.833529,0.0255
2020-09-03,0.2992,61.098736,-46.833531,0.476
2020-09-04,0.2632,61.098735,-46.833529,1.0
2020-09-05,0.2778,61.098726,-46.833534,0.999
2020-09-06,0.2702,61.098722,-46.833541,0.9392
2020-09-07,0.3338,61.09873,-46.833538,0.2415
2020-09-08,0.3911,61.09873,-46.833542,0.4817
2020-09-09,0.2875,61.098724,-46.833547,0.9373
2020-09-10,0.3198,61.098729,-46.833533,0.1809
2020-09-11,0.3578,61.098726,-46.833529,0.0029
2020-09-12,0.401,61.098726,-46.833532,0.0836
2020-09-13,0.4136,61.09872,-46.833546,0.0929
2020-09-14,0.63,61.098726,-46.833539,0.5946
2020-09-15,0.7711,61.098718,-46.833539,0.9599
2020-09-16,0.5789,61.098717,-46.833539,0.9208
2020-09-17,0.6028,61.098721,-46.833541,0.5289
2020-09-18,0.9872,61.098696,-46.83351,0.9811
2020-09-19,0.8306,61.098724,-46.833537,0.4985
2020-09-20,0.8749,61.098718,-46.833548,0.327
2020-09-21,0.9187,61.098722,-46.833539,0.7016
2020-09-22,0.9154,61.098725,-46.833541,0.3006
2020-09-23,0.8954,61.098718,-46.833545,0.4198
2020-09-24,0.9419,61.098714,-46.833539,0.9627
2020-09-25,0.9599,61.098712,-46.833552,0.9888
2020-09-26,0.8884,61.098709,-46.833536,0.6667
2020-09-27,0.9381,61.098713,-46.833529,0.1829
2020-09-28,0.9477,61.098714,-46.833541,0.1026
2020-09-29,0.9367,61.098708,-46.833541,0.1235
2020-09-30,0.9361,61.098716,-46.833545,0.4022
2021-05-01,0.8405,61.098952,-46.833323,0.1391
2021-05-02,0.8817,61.098859,-46.833081,0.2884
2021-05-03,0.9061,61.098577,-46.83364,0.6791
2021-05-04,0.8414,61.098717,-46.833222,0.476
2021-05-05,0.8151,61.098665,-46.833629,0.3407
2021-05-06,0.8191,61.098791,-46.832933,0.3872
2021-05-07,0.9508,61.099178,-46.832699,0.8906
2021-05-08,0.8251,61.098716,-46.833388,0.3297
2021-05-09,0.8174,61.099062,-46.832945,0.1403
2021-05-10,0.8357,61.098751,-46.83334,0.3649
2021-05-11,0.8374,61.099213,-46.833014,0.2548
2021-05-12,0.8801,61.098864,-46.83265,0.6593
2021-05-13,0.851,61.098906,-46.832808,0.1772
2021-05-14,0.8511,61.098518,-46.833524,0.1678
2021-05-15,0.8233,61.098588,-46.833549,0.1352
2021-05-16,0.8159,61.099237,-46.833247,0.0942
2021-05-17,0.8459,61.099048,-46.833497,0.1061
2021-05-18,0.8042,61.098626,-46.833801,0.1596
2021-05-19,0.8703,61.09848,-46.833548,0.3156
2021-05-20,0.9484,61.098772,-46.833384,0.5003
2021-05-28,1.0,61.098708,-46.833578,0.4609
2021-05-30,0.9171,61.098679,-46.833649,0.5065
2021-06-21,0.9681,61.098511,-46.833646,0.416
2021-06-22,0.9882,61.098555,-46.833613,0.2649
2021-06-24,0.886,61.098504,-46.833637,0.9998
2021-06-25,0.85,61.098505,-46.83365,0.9142
2021-06-28,0.8991,61.098494,-46.833656,0.9727
2021-06-29,0.9369,61.098502,-46.833646,0.1631
2021-06-30,0.9808,61.098496,-46.833652,0.1801
2021-07-03,0.9668,61.09849,-46.833654,0.8354
2021-07-04,0.9292,61.098486,-46.833646,0.4168
2021-07-05,0.9564,61.09849,-46.833658,0.9916
2021-07-08,0.9303,61.09849,-46.83366,0.9756
2021-07-09,0.7734,61.098506,-46.833628,0.6395
2021-07-10,0.7964,61.098485,-46.833654,0.6567
2021-07-11,0.8595,61.098485,-46.833659,0.9818
2021-07-12,0.7005,61.098485,-46.833665,0.7592
2021-07-13,0.696,61.098486,-46.833653,0.4982
2021-07-14,0.5701,61.098476,-46.833658,0.9487
2021-07-15,0.4942,61.098477,-46.833663,0.2369
2021-07-16,0.5362,61.098475,-46.833673,0.8684
2021-07-17,0.5631,61.098473,-46.833657,0.9997
2021-07-18,0.541,61.098468,-46.833661,0.9999
2021-07-19,0.5765,61.098472,-46.833665,0.8899
2021-07-20,0.6824,61.098474,-46.83366,0.8592
2021-07-21,0.6112,61.09849,-46.833675,0.8927
2021-07-22,0.7028,61.098463,-46.833664,0.4511
2021-07-23,0.779,61.098467,-46.833661,0.5389
2021-07-24,0.9207,61.098468,-46.83366,0.8288
2021-07-25,0.7964,61.098462,-46.833682,0.2545
2021-07-26,0.6316,61.098469,-46.833672,0.5186
2021-07-27,0.6467,61.09846,-46.833667,0.7804
2021-07-28,0.6557,61.098468,-46.833664,0.6311
2021-07-29,0.8642,61.098456,-46.833658,0.7498
2021-07-30,0.8099,61.098457,-46.83367,0.8012
2021-07-31,0.7164,61.098452,-46.833664,0.8479
2021-08-01,0.7517,61.098454,-46.83366,0.847
2021-08-02,0.7639,61.098455,-46.833673,0.9973
2021-08-03,0.7771,61.098455,-46.83367,0.9998
2021-08-04,0.77,61.098448,-46.833667,0.9842
2021-08-05,0.905,61.098451,-46.833665,0.6393
2021-08-06,0.9519,61.098453,-46.833669,0.4765
2021-08-31,0.2655,61.098411,-46.833679,0.9754
2021-09-01,0.2331,61.098407,-46.833697,0.9704
2021-09-02,0.2167,61.098409,-46.833697,0.9973
2021-09-03,0.2303,61.09841,-46.833702,0.8032
2021-09-04,0.2538,61.098408,-46.833696,0.0608
2021-09-05,0.2526,61.098401,-46.833701,0.0137
2021-09-06,0.2791,61.098404,-46.833703,0.0691
2021-09-07,0.2835,61.098406,-46.833702,0.2717
2021-09-08,0.2499,61.098414,-46.833706,0.5565
2021-09-09,0.3082,61.09841,-46.833709,0.5114
2021-09-10,0.2526,61.098405,-46.833716,0.9589
2021-09-11,0.2414,61.098391,-46.833696,0.9978
2021-09-12,0.2539,61.098397,-46.833701,0.5539
2021-09-13,0.3424,61.098394,-46.833711,0.0108
2021-09-14,0.3225,61.098392,-46.833709,0.0947
2021-09-15,0.3373,61.098399,-46.833704,0.0303
2021-09-16,0.3558,61.098394,-46.833714,0.5553
2021-09-17,0.6821,61.098389,-46.83371,0.3955
2021-09-18,0.7582,61.098397,-46.833692,0.6325
2021-09-19,0.6447,61.0984,-46.833708,0.6563
2021-09-20,0.6334,61.098395,-46.833709,0.3038
2021-09-21,0.6301,61.098417,-46.833601,0.3844
2021-09-22,0.6177,61.098389,-46.833715,0.9629
2021-09-23,0.4935,61.098421,-46.83362,0.2456
2021-09-24,0.4905,61.098391,-46.833709,0.1103
2021-09-25,0.4632,61.098386,-46.83371,0.0163
2021-09-26,0.471,61.098395,-46.833714,0.1337
2021-09-27,0.4762,61.098391,-46.833702,0.0788
2021-09-28,0.4771,61.098388,-46.833719,0.0553
2021-09-29,0.4779,61.098395,-46.833635,0.0496
2021-09-30,0.4618,61.098385,-46.833711,0.1211
2022-05-01,0.6544,61.097219,-46.83387,0.3842
2022-05-02,0.7374,61.097318,-46.833936,0.855
2022-05-03,0.6966,61.09861,-46.832053,0.4892
2022-05-04,0.71,61.09809,-46.833558,0.1573
2022-05-05,0.7504,61.099001,-46.833258,0.3196
2022-05-06,0.7938,61.098248,-46.832977,0.9082
2022-05-07,0.7049,61.09843,-46.832578,0.7661
2022-05-08,0.769,61.098019,-46.83347,0.8231
2022-05-09,0.6632,61.097987,-46.833655,0.4099
2022-05-10,0.657,61.098264,-46.833658,0.5252
2022-05-11,0.8499,61.098076,-46.833192,0.8179
2022-05-12,0.8471,61.096465,-46.831705,0.8041
2022-05-13,0.8085,61.098414,-46.832369,0.6239
2022-05-14,0.7581,61.098414,-46.832369,0.5362
2022-05-15,0.7272,61.098414,-46.832369,0.3304
2022-05-16,0.7026,61.098414,-46.832369,0.6596
2022-05-17,0.6236,61.098414,-46.832369,0.6222
2022-05-18,0.6407,61.098414,-46.832369,0.2167
2022-05-19,0.6341,61.098414,-46.832369,0.1963
2022-05-20,0.6322,61.098414,-46.832369,0.1683
2022-05-21,0.6313,61.098414,-46.832369,0.1694
2022-05-22,0.9038,61.098414,-46.832369,0.898
2022-05-23,0.8282,61.098414,-46.832369,0.6258
2022-05-24,0.7443,61.098414,-46.832369,0.0923
2022-05-25,0.7783,61.098414,-46.832369,0.1672
2022-05-26,0.8268,61.098414,-46.832369,0.6821
2022-05-27,0.8054,61.098414,-46.832369,0.8029
2022-05-28,0.7209,61.098414,-46.832369,0.5376
2022-05-29,0.675,61.098414,-46.832369,0.3726
2022-05-30,0.6682,61.098414,-46.832369,0.2646
2022-05-31,0.6679,61.098414,-46.832369,0.4543
2022-06-01,0.6529,61.098414,-46.832369,0.4561
2022-06-02,0.6281,61.098414,-46.832369,0.1628
2022-06-03,0.6281,61.098414,-46.832369,0.0855
2022-06-04,0.6259,61.098414,-46.832369,0.125
2022-06-05,0.6475,61.098414,-46.832369,0.7068
2022-06-06,0.7114,61.098927,-46.834218,0.99
2022-06-07,0.6229,61.098264,-46.833935,0.5375
2022-06-08,0.614,61.09811,-46.833614,0.3103
2022-06-09,0.6106,61.098292,-46.833601,0.2592
2022-06-10,0.6149,61.09814,-46.833837,0.2866
2022-06-11,0.6819,61.09822,-46.833723,0.6973
2022-06-12,0.7141,61.098264,-46.833494,0.8741
2022-06-13,0.6269,61.098216,-46.833771,0.0277
2022-06-14,0.6404,61.098185,-46.833819,0.428
2022-06-15,0.6144,61.098192,-46.833809,0.3538
2022-06-16,0.6176,61.098224,-46.833734,0.1263
2022-06-17,0.7525,61.098188,-46.833815,0.7369
2022-06-18,0.7217,61.098223,-46.833734,0.9497
2022-06-19,0.7246,61.098186,-46.833808,0.9999
2022-06-20,0.707,61.098195,-46.833812,0.9993
2022-06-21,0.6165,61.098189,-46.833709,0.2494
2022-06-22,0.6189,61.098188,-46.833811,0.0531
2022-06-23,0.6238,61.098207,-46.833628,0.1802
2022-06-24,0.7116,61.09821,-46.833711,0.9037
2022-06-25,0.7467,61.09819,-46.833815,0.9907
2022-06-26,0.7053,61.098186,-46.833801,0.9818
2022-06-27,0.5604,61.098181,-46.83381,0.6096
2022-06-28,0.7453,61.09818,-46.83379,0.9533
2022-06-29,0.6426,61.098176,-46.833818,0.9685
2022-06-30,0.5775,61.098181,-46.833811,0.619
2022-07-01,0.5597,61.098178,-46.833812,0.5941
2022-07-02,0.5673,61.098175,-46.833823,0.5143
2022-07-03,0.5786,61.098175,-46.833815,0.9327
2022-07-04,0.568,61.098201,-46.833745,0.9998
2022-07-05,0.5628,61.098201,-46.833675,0.9662
2022-07-06,0.534,61.098167,-46.833814,0.985
2022-07-07,0.5428,61.098162,-46.833785,0.8588
2022-07-08,0.5746,61.09817,-46.833812,0.5824
2022-07-09,0.4755,61.098162,-46.833821,0.5944
2022-07-10,0.4618,61.098169,-46.833815,0.2106
2022-07-11,0.485,61.098171,-46.833822,0.2577
2022-07-12,0.486,61.098164,-46.833834,0.1828
2022-07-13,0.4719,61.098166,-46.833822,0.2468
2022-07-14,0.463,61.098165,-46.83383,0.9539
2022-07-15,0.4296,61.098164,-46.833832,0.6416
2022-07-16,0.5301,61.098165,-46.833825,0.9094
2022-07-17,0.4479,61.09816,-46.833813,0.5955
2022-07-18,0.417,61.098165,-46.833821,0.3248
2022-07-19,0.4358,61.098159,-46.833834,0.8648
2022-07-20,0.3424,61.098163,-46.833805,0.988
2022-07-21,0.2658,61.098155,-46.833846,0.5602
2022-07-22,0.2363,61.098163,-46.833824,0.2756
2022-07-23,0.3001,61.098179,-46.833715,0.273
2022-07-24,0.3277,61.09817,-46.833632,0.3665
2022-07-25,0.3013,61.098147,-46.83382,0.7304
2022-07-26,0.328,61.098155,-46.83383,0.9556
2022-07-27,0.3241,61.098154,-46.833817,0.4156
2022-07-28,0.3511,61.098153,-46.833824,0.1671
2022-07-29,0.3249,61.098146,-46.833832,0.3691
2022-07-30,0.2975,61.098139,-46.833837,0.3313
2022-07-31,0.3198,61.098143,-46.833827,0.5858
2022-08-01,0.2937,61.098142,-46.833832,0.6685
2022-08-02,0.2938,61.098132,-46.833835,0.4247
2022-08-03,0.3162,61.098132,-46.833837,0.8603
2022-08-04,0.2873,61.098137,-46.833847,0.9233
2022-08-05,0.299,61.098128,-46.833847,0.9859
2022-08-06,0.2402,61.098136,-46.833839,0.8545
2022-08-07,0.2629,61.098138,-46.833835,0.334
2022-08-08,0.2593,61.09813,-46.833821,0.2105
2022-08-09,0.2711,61.098161,-46.833742,0.2489
2022-08-10,0.297,61.098129,-46.833835,0.7114
2022-08-11,0.2427,61.098163,-46.833757,0.4491
2022-08-12,0.2827,61.098125,-46.833841,0.5867
2022-08-13,0.2424,61.098125,-46.833837,1.0
2022-08-14,0.2072,61.09812,-46.83384,0.8473
2022-08-15,0.233,61.098121,-46.833862,0.8477
2022-08-16,0.2525,61.098119,-46.833856,0.9447
2022-08-17,0.2179,61.098113,-46.833864,0.1923
2022-08-18,0.2219,61.098114,-46.833853,0.074
2022-08-19,0.2461,61.098119,-46.833847,0.4101
2022-08-20,0.5538,61.098114,-46.833838,0.8938
2022-08-21,0.3036,61.098148,-46.833727,0.1237
2022-08-22,0.245,61.098135,-46.833748,0.2147
2022-08-23,0.247,61.098114,-46.833847,0.7986
2022-08-24,0.2253,61.098113,-46.833854,0.4376
2022-08-25,0.2388,61.098129,-46.833751,0.9439
2022-08-26,0.2467,61.098136,-46.83375,0.9998
2022-08-27,0.2185,61.098114,-46.833841,0.5358
2022-08-28,0.2762,61.098105,-46.833863,0.6666
2022-08-29,0.2176,61.098115,-46.833839,0.5817
2022-08-30,0.2467,61.098107,-46.833853,0.6701
2022-09-10,0.318,61.10995,-46.808641,0.3089
2022-09-11,0.2358,61.10996,-46.808642,0.7865
2022-09-12,0.2868,61.109962,-46.808657,0.2951
2022-09-14,0.22,61.109949,-46.808644,0.2491
2022-09-17,0.2493,61.109944,-46.808636,0.6637
2022-09-20,0.2813,61.10994,-46.808645,0.1909
