time,alb_QAS_U,lat_QAS_U,lon_QAS_U,cloud_QAS_U
2017-05-01,0.0656,61.175002,-46.819724,0.9913
2017-05-02,0.0586,61.175015,-46.819728,0.9911
2017-05-03,0.0494,61.175002,-46.819722,0.9947
2017-05-04,0.3854,61.17501,-46.81973,1.0
2017-05-05,0.2782,61.175013,-46.819744,1.0
2017-05-06,0.3078,61.174989,-46.819741,1.0
2017-05-07,0.4461,61.175002,-46.819731,1.0
2017-05-08,0.4977,61.175001,-46.81973,1.0
2017-05-09,0.3739,61.175008,-46.819721,0.9662
2017-05-10,0.6368,61.175007,-46.819735,0.6553
2017-05-11,0.722,61.175009,-46.819738,0.4663
2017-05-12,0.7595,61.175012,-46.819735,0.5546
2017-05-13,0.7382,61.175002,-46.819741,0.3781
2017-05-14,0.7316,61.175005,-46.81974,0.0195
2017-05-15,0.6898,61.175004,-46.819747,0.0914
2017-05-16,0.7002,61.174993,-46.819756,0.1545
2017-05-17,0.7386,61.174994,-46.819749,0.4212
2017-05-18,0.8355,61.17499,-46.819756,0.9951
2017-05-19,0.8529,61.174999,-46.819766,1.0
2017-05-20,0.8146,61.174994,-46.819761,0.9392
2017-05-21,0.708,61.174993,-46.819763,0.202
2017-05-22,0.6974,61.174988,-46.819745,0.2507
2017-05-23,0.7347,61.174986,-46.819753,0.8657
2017-05-24,0.8018,61.174985,-46.819758,0.9826
2017-05-25,0.8156,61.174983,-46.819767,0.8753
2017-05-26,0.7993,61.174989,-46.819755,0.7817
2017-05-27,0.7012,61.17498,-46.819758,0.2565
2017-05-28,0.7355,61.174978,-46.819754,0.4024
2017-05-29,0.7966,61.174983,-46.819762,0.666
2017-05-30,0.6671,61.17498,-46.819765,0.2205
2017-05-31,0.7078,61.17497,-46.819775,0.2792
2017-06-01,0.6546,61.174978,-46.819768,0.1382
2017-06-02,0.6658,61.174973,-46.819778,0.1393
2017-06-03,0.6646,61.174965,-46.819775,0.1722
2017-06-04,0.6654,61.174971,-46.819779,0.1707
2017-06-05,0.8767,61.174971,-46.819778,0.7755
2017-06-06,0.7045,61.17497,-46.819783,0.5355
2017-06-07,0.7478,61.17497,-46.819778,0.5739
2017-06-08,0.6803,61.174966,-46.819774,0.2178
2017-06-09,0.6831,61.17496,-46.819782,0.4188
2017-06-10,0.7589,61.174962,-46.819788,0.7061
2017-06-11,0.7012,61.174946,-46.819768,0.363
2017-06-12,0.6436,61.174965,-46.819787,0.033
2017-06-13,0.642,61.17497,-46.819795,0.0848
2017-06-14,0.7466,61.174963,-46.819784,0.5756
2017-06-15,0.7341,61.174966,-46.819795,0.5233
2017-06-16,0.6468,61.174962,-46.819786,0.1682
2017-06-17,0.6497,61.174961,-46.819801,0.1409
2017-06-18,0.7244,61.174961,-46.819809,0.5484
2017-06-19,0.7746,61.174958,-46.819803,0.9903
2017-06-20,0.6276,61.174957,-46.819802,0.0662
2017-06-21,0.6342,61.174954,-46.819804,0.0375
2017-06-22,0.6397,61.174956,-46.819808,0.1183
2017-06-23,0.6461,61.174954,-46.819809,0.1259
2017-06-24,0.647,61.174954,-46.819809,0.1995
2017-06-25,0.7729,61.174956,-46.819806,0.536
2017-06-26,0.7934,61.174952,-46.819814,0.9226
2017-06-27,0.7293,61.174952,-46.819811,0.6626
2017-06-28,0.6588,61.174951,-46.819816,0.2178
2017-06-29,0.7646,61.174948,-46.819814,0.7272
2017-06-30,0.6594,61.174948,-46.819818,0.2293
2017-07-01,0.649,61.174945,-46.819817,0.2211
2017-07-02,0.66,61.174946,-46.819814,0.3693
2017-07-03,0.7951,61.174944,-46.819816,0.7609
2017-07-04,0.8209,61.17494,-46.819814,0.9834
2017-07-05,0.6409,61.174942,-46.81982,0.1876
2017-07-06,0.6493,61.174941,-46.819816,0.0802
2017-07-07,0.7794,61.174938,-46.819821,0.6616
2017-07-08,0.7749,61.174934,-46.819821,0.7807
2017-07-09,0.6573,61.174936,-46.819825,0.2031
2017-07-10,0.6998,61.174932,-46.819826,0.3911
2017-07-11,0.7748,61.174929,-46.819825,0.978
2017-07-12,0.6844,61.174932,-46.819829,0.5696
2017-07-13,0.7772,61.174929,-46.819828,0.9283
2017-07-14,0.7958,61.17493,-46.819835,0.7537
2017-07-15,0.7903,61.174926,-46.819837,0.6755
2017-07-16,0.7445,61.174926,-46.81984,0.7612
2017-07-17,0.6879,61.174924,-46.819838,0.3838
2017-07-18,0.8007,61.174926,-46.819842,0.6748
2017-07-19,0.8052,61.174923,-46.819839,0.909
2017-07-20,0.7108,61.174924,-46.81984,0.6338
2017-07-21,0.6985,61.17492,-46.819842,0.3743
2017-07-22,0.6622,61.17492,-46.819842,0.2993
2017-07-23,0.81,61.17492,-46.819849,0.7627
2017-07-24,0.7626,61.174918,-46.819845,0.8802
2017-07-25,0.6888,61.174915,-46.819845,0.719
2017-07-26,0.7686,61.174913,-46.819852,0.7237
2017-07-27,0.6679,61.174913,-46.819848,0.2626
2017-07-28,0.6524,61.174912,-46.819856,0.1977
2017-07-29,0.6626,61.174907,-46.819853,0.2186
2017-07-30,0.656,61.174908,-46.819853,0.2183
2017-07-31,0.6527,61.174906,-46.819853,0.1896
2017-08-01,0.6564,61.174907,-46.819859,0.1824
2017-08-02,0.6504,61.174905,-46.819858,0.1765
2017-08-03,0.6446,61.174905,-46.81986,0.1863
2017-08-04,0.6576,61.1749,-46.819859,0.5359
2017-08-05,0.6229,61.1749,-46.81986,0.2115
2017-08-06,0.6879,61.174897,-46.819861,0.8864
2017-08-07,0.6375,61.174897,-46.819862,1.0
2017-08-08,0.5789,61.174895,-46.819868,1.0
2017-08-09,0.4524,61.174894,-46.819868,0.9997
2017-08-10,0.4503,61.174892,-46.819867,1.0
2017-08-11,0.5161,61.174892,-46.819872,0.8908
2017-08-12,0.5656,61.174889,-46.819873,0.3478
2017-08-13,0.5598,61.174892,-46.819874,0.1122
2017-08-14,0.5278,61.174891,-46.819876,0.1051
2017-08-15,0.499,61.174887,-46.819874,0.1791
2017-08-16,0.4918,61.174888,-46.819877,0.2856
2017-08-17,0.4372,61.174883,-46.819877,0.3121
2017-08-18,0.4033,61.174886,-46.81988,0.7287
2017-08-19,0.4057,61.174884,-46.819884,0.8198
2017-08-20,0.5426,61.174882,-46.819884,0.9908
2017-08-21,0.3738,61.174876,-46.819881,0.9974
2017-08-22,0.2718,61.174875,-46.819884,0.9866
2017-08-23,0.229,61.174873,-46.819874,0.9451
2017-08-24,0.2501,61.17487,-46.819889,0.8229
2017-08-25,0.219,61.174869,-46.819886,0.9866
2017-08-26,0.2767,61.174868,-46.819888,0.6893
2017-08-27,0.3136,61.17487,-46.819895,0.6437
2017-08-28,0.3489,61.174871,-46.819896,0.2595
2017-08-29,0.2246,61.174872,-46.819902,0.3071
2017-08-30,0.181,61.174867,-46.819896,0.7623
2017-08-31,0.1906,61.174865,-46.819901,0.676
2017-09-01,0.217,61.174864,-46.819902,0.279
2017-09-02,0.2282,61.174862,-46.81991,0.2047
2017-09-03,0.255,61.17486,-46.81991,0.053
2017-09-04,0.2814,61.174858,-46.819906,0.1005
2017-09-05,0.2926,61.174857,-46.819911,0.4141
2017-09-06,0.29,61.174856,-46.819912,0.967
2017-09-07,0.3922,61.174858,-46.819912,0.341
2017-09-08,0.3921,61.17486,-46.819915,0.6345
2017-09-09,0.6845,61.174851,-46.819915,0.3146
2017-09-10,0.7449,61.174851,-46.819916,0.9107
2017-09-11,0.7351,61.174853,-46.819917,0.3294
2017-09-12,0.7442,61.174853,-46.819915,0.1404
2017-09-13,0.6603,61.174852,-46.819919,0.6013
2017-09-14,0.2607,61.174846,-46.819917,0.9985
2017-09-15,0.2544,61.174838,-46.819926,0.9966
2017-09-16,0.3504,61.174839,-46.819925,0.758
2017-09-17,0.4409,61.174843,-46.819928,0.5497
2017-09-18,0.4985,61.174837,-46.819936,0.1553
2017-09-19,0.4583,61.174836,-46.819936,0.0637
2017-09-20,0.4519,61.174835,-46.819937,0.0971
2017-09-21,0.471,61.174836,-46.819939,0.0886
2017-09-22,0.4432,61.174838,-46.819937,0.2831
2017-09-23,0.4667,61.174838,-46.819943,0.5323
2017-09-24,0.7969,61.174834,-46.819939,0.4921
2017-09-25,0.7483,61.174836,-46.81994,0.237
2017-09-26,0.8493,61.174834,-46.819944,0.6247
2017-09-27,0.8163,61.174833,-46.819943,0.2816
2017-09-28,0.768,61.17483,-46.819942,0.1491
2017-09-29,0.7644,61.174827,-46.819947,0.3363
2017-09-30,0.7739,61.174828,-46.819943,0.3617
2018-05-01,0.7221,61.174597,-46.82017,0.3538
2018-05-02,0.7784,61.174598,-46.820164,0.1809
2018-05-03,0.7061,61.174601,-46.820174,0.0642
2018-05-04,0.7164,61.174604,-46.820175,0.1186
2018-05-05,0.8778,61.174595,-46.820171,0.6193
2018-05-06,0.7108,61.174591,-46.820164,0.1568
2018-05-07,0.7073,61.174587,-46.820172,0.1864
2018-05-08,0.7091,61.174588,-46.820175,0.3345
2018-05-09,0.7023,61.174589,-46.820184,0.1418
2018-05-10,0.6986,61.174587,-46.820183,0.1355
2018-05-11,0.9428,61.174591,-46.82017,0.8836
2018-05-12,0.9264,61.174586,-46.820168,0.9294
2018-05-13,0.8456,61.17458,-46.820173,0.8096
2018-05-14,0.7153,61.174568,-46.820197,0.3483
2018-05-15,0.914,61.174569,-46.820198,0.658
2018-05-16,0.9484,61.17457,-46.820197,0.9644
2018-05-17,0.8846,61.174569,-46.820195,0.9164
2018-05-18,0.7277,61.174568,-46.820203,0.4774
2018-05-19,0.8355,61.17457,-46.820206,0.5516
2018-05-20,0.8493,61.174565,-46.820201,0.7512
2018-05-21,0.7288,61.174574,-46.820199,0.4302
2018-05-22,0.704,61.174574,-46.820203,0.1556
2018-05-23,0.9245,61.174566,-46.820209,0.9556
2018-05-24,0.8904,61.174561,-46.820187,0.8558
2018-05-25,0.8799,61.174564,-46.820206,0.6683
2018-05-26,0.7348,61.174563,-46.820206,0.5784
2018-05-27,0.8336,61.174564,-46.820213,0.5801
2018-05-28,0.7029,61.174561,-46.8202,0.13
2018-05-29,0.8147,61.174547,-46.820201,0.621
2018-05-30,0.9419,61.174556,-46.820208,0.9512
2018-05-31,0.9369,61.174559,-46.82022,0.956
2018-06-01,0.8982,61.174553,-46.820214,0.9479
2018-06-02,0.8906,61.174552,-46.820215,0.9746
2018-06-03,0.8666,61.174554,-46.820215,1.0
2018-06-04,0.81,61.174562,-46.82019,0.9111
2018-06-05,0.8521,61.174546,-46.820197,0.742
2018-06-06,0.8795,61.174566,-46.820205,0.7682
2018-06-07,0.9287,61.174555,-46.820213,1.0
2018-06-08,0.7063,61.17455,-46.820221,0.4937
2018-06-09,0.6767,61.174555,-46.820221,0.164
2018-06-10,0.739,61.174554,-46.820214,0.6602
2018-06-11,0.7682,61.174549,-46.820217,0.6914
2018-06-12,0.7713,61.174552,-46.820213,0.646
2018-06-13,0.6788,61.174547,-46.820213,0.2222
2018-06-14,0.8621,61.174543,-46.820224,0.8688
2018-06-15,0.8119,61.174544,-46.820225,0.7669
2018-06-16,0.6902,61.174542,-46.820232,0.3544
2018-06-17,0.7232,61.17454,-46.820234,0.4239
2018-06-18,0.6502,61.174541,-46.820236,0.1605
2018-06-19,0.6519,61.174539,-46.820235,0.2145
2018-06-20,0.816,61.174537,-46.820237,0.8481
2018-06-21,0.9337,61.174533,-46.820235,0.9715
2018-06-22,0.8951,61.174536,-46.820231,0.9596
2018-06-23,0.7563,61.174535,-46.820232,0.6839
2018-06-24,0.8625,61.174532,-46.82023,0.8441
2018-06-25,0.6918,61.174532,-46.82023,0.4552
2018-06-26,0.7383,61.174532,-46.820234,0.4453
2018-06-27,0.7359,61.174529,-46.820238,0.422
2018-06-28,0.7787,61.174529,-46.820243,0.7961
2018-06-29,0.6724,61.174525,-46.820248,0.492
2018-06-30,0.8107,61.174523,-46.820248,0.9382
2018-07-01,0.9145,61.174524,-46.820249,0.9458
2018-07-02,0.7364,61.17452,-46.820251,0.422
2018-07-03,0.7182,61.17452,-46.820256,0.2966
2018-07-04,0.8355,61.174513,-46.82025,0.9684
2018-07-05,0.7467,61.174517,-46.820252,0.8883
2018-07-06,0.6697,61.174516,-46.820258,0.5469
2018-07-07,0.8132,61.174511,-46.820257,0.8748
2018-07-08,0.758,61.17451,-46.820256,0.9453
2018-07-09,0.6793,61.174507,-46.820261,0.3857
2018-07-10,0.7972,61.174507,-46.82026,0.9233
2018-07-11,0.7075,61.174506,-46.820267,0.9118
2018-07-12,0.8555,61.174505,-46.820264,0.9307
2018-07-13,0.6563,61.174506,-46.820268,0.2541
2018-07-14,0.6547,61.174502,-46.820271,0.1877
2018-07-15,0.6778,61.174504,-46.820272,0.4633
2018-07-16,0.7754,61.174503,-46.820277,0.9325
2018-07-17,0.7144,61.174496,-46.820275,0.9657
2018-07-18,0.7482,61.174497,-46.820275,0.9968
2018-07-19,0.7665,61.174492,-46.820275,0.9982
2018-07-20,0.6893,61.174489,-46.820282,0.9201
2018-07-21,0.7109,61.174489,-46.82028,0.7019
2018-07-22,0.6284,61.174491,-46.820284,0.185
2018-07-23,0.6215,61.174492,-46.82029,0.073
2018-07-24,0.7034,61.174488,-46.820288,0.3922
2018-07-25,0.6275,61.174483,-46.820288,0.0775
2018-07-26,0.6355,61.174487,-46.820294,0.2033
2018-07-27,0.7381,61.174483,-46.820294,0.7266
2018-07-28,0.6167,61.174481,-46.820294,0.5433
2018-07-29,0.6149,61.174482,-46.820292,0.1805
2018-07-30,0.6239,61.174481,-46.820291,0.2582
2018-07-31,0.5865,61.174477,-46.820299,0.6907
2018-08-01,0.6393,61.174475,-46.820301,0.965
2018-08-02,0.6397,61.174474,-46.820306,0.3914
2018-08-03,0.6077,61.174473,-46.820303,0.4482
2018-08-04,0.5469,61.174472,-46.820306,0.5302
2018-08-05,0.6042,61.174473,-46.820305,0.7602
2018-08-06,0.5582,61.174473,-46.820307,0.1781
2018-08-07,0.5348,61.17447,-46.820309,0.423
2018-08-08,0.4536,61.174463,-46.8203,0.9978
2018-08-09,0.4592,61.174464,-46.820311,0.3615
2018-08-10,0.4528,61.174462,-46.82032,0.2587
2018-08-11,0.4448,61.174464,-46.820315,0.8326
2018-08-12,0.3677,61.174462,-46.820321,0.9448
2018-08-13,0.408,61.174459,-46.820321,0.8906
2018-08-14,0.3797,61.174459,-46.820322,0.9321
2018-08-15,0.3691,61.174457,-46.820327,0.9451
2018-08-16,0.3901,61.174454,-46.820326,0.9637
2018-08-17,0.3973,61.174453,-46.820332,0.3995
2018-08-18,0.4181,61.174451,-46.820333,0.9937
2018-08-19,0.4875,61.174447,-46.820333,0.9571
2018-08-20,0.4344,61.174453,-46.820327,0.4338
2018-08-21,0.442,61.174449,-46.820333,0.5628
2018-08-22,0.4908,61.174448,-46.820341,0.5383
2018-08-23,0.4727,61.174446,-46.820337,0.5578
2018-08-24,0.3594,61.174445,-46.820338,0.9539
2018-08-25,0.3517,61.174444,-46.820338,0.8429
2018-08-26,0.7255,61.174443,-46.82034,0.596
2018-08-27,0.565,61.174442,-46.820345,0.1658
2018-08-28,0.6322,61.17444,-46.820347,0.6403
2018-08-29,0.4571,61.174441,-46.820348,0.9775
2018-08-30,0.3948,61.17444,-46.820349,0.4163
2018-08-31,0.4613,61.17444,-46.820355,0.2307
2018-09-01,0.4206,61.174439,-46.820348,0.1688
2018-09-02,0.4628,61.174468,-46.820272,0.8806
2018-09-03,0.7,61.17447,-46.820272,0.9932
2018-09-04,0.673,61.174463,-46.820274,0.7892
2018-09-05,0.3429,61.174462,-46.82028,0.9072
2018-09-06,0.3826,61.174457,-46.820278,0.8661
2018-09-07,0.4189,61.174456,-46.820277,0.8712
2018-09-08,0.4375,61.174461,-46.820283,0.7058
2018-09-09,0.4803,61.174458,-46.820284,0.6049
2018-09-10,0.4443,61.174457,-46.820282,0.3767
2018-09-11,0.5917,61.174454,-46.820281,0.583
2018-09-12,0.5438,61.174455,-46.820286,0.2769
2018-09-13,0.5401,61.174455,-46.820284,0.4631
2018-09-14,0.746,61.174452,-46.820285,0.7528
2018-09-15,0.6105,61.174451,-46.820289,0.3532
2018-09-16,0.638,61.174449,-46.820291,0.6523
2018-09-17,0.8271,61.174448,-46.82029,0.8784
2018-09-18,0.7619,61.174451,-46.820294,0.74
2018-09-19,0.681,61.174448,-46.820297,0.3619
2018-09-20,0.6671,61.174444,-46.820293,0.3412
2018-09-21,0.7333,61.174445,-46.820297,0.8124
2018-09-22,0.833,61.174447,-46.8203,0.9663
2018-09-23,0.8688,61.174444,-46.820302,0.966
2018-09-24,0.8258,61.174443,-46.820299,0.8094
2018-09-25,0.771,61.174437,-46.820297,0.3544
2018-09-26,0.7705,61.174441,-46.820298,0.4822
2018-09-27,0.8869,61.174434,-46.820304,0.9942
2018-09-28,0.9826,61.17444,-46.820301,0.7739
2018-09-29,0.8734,61.174441,-46.8203,0.6012
2018-09-30,0.8814,61.174435,-46.820303,0.9788
2019-05-01,0.1815,61.17419,-46.820526,0.9922
2019-05-02,0.1862,61.174181,-46.820524,0.9999
2019-05-03,0.2339,61.174182,-46.820534,1.0
2019-05-04,0.2171,61.174188,-46.820532,1.0
2019-05-05,0.305,61.17419,-46.820527,0.9989
2019-05-06,0.3409,61.174193,-46.820541,1.0
2019-05-07,0.3866,61.174188,-46.820532,0.9853
2019-05-08,0.4966,61.174187,-46.820533,0.9801
2019-05-09,0.5149,61.174188,-46.820538,0.9795
2019-05-10,0.5042,61.17419,-46.820535,1.0
2019-05-11,0.48,61.174188,-46.82054,1.0
2019-05-12,0.4761,61.17418,-46.820537,1.0
2019-05-13,0.5159,61.17418,-46.820547,1.0
2019-05-14,0.5886,61.174178,-46.82054,0.9943
2019-05-15,0.5482,61.17418,-46.820543,0.9959
2019-05-16,0.4049,61.174179,-46.820547,0.7802
2019-05-17,0.3775,61.17418,-46.82055,0.6051
2019-05-18,0.5269,61.174175,-46.820552,0.8331
2019-05-19,0.5528,61.174177,-46.820552,0.5294
2019-05-20,0.6015,61.174176,-46.820551,0.3571
2019-05-21,0.6535,61.174177,-46.820553,0.3292
2019-05-22,0.6977,61.174174,-46.820558,0.5082
2019-05-23,0.6471,61.174177,-46.820563,0.6838
2019-05-24,0.7518,61.174173,-46.820562,0.7638
2019-05-25,0.785,61.174168,-46.820567,0.8216
2019-05-26,0.7383,61.174172,-46.820564,0.8538
2019-05-27,0.6554,61.174168,-46.820562,0.4487
2019-05-28,0.658,61.174166,-46.820566,0.3707
2019-05-29,0.6594,61.174164,-46.820563,0.3172
2019-05-30,0.6559,61.174152,-46.820579,0.2685
2019-05-31,0.6524,61.174159,-46.820571,0.2896
2019-06-01,0.6616,61.174157,-46.820568,0.4083
2019-06-02,0.7064,61.174156,-46.820573,0.7814
2019-06-03,0.6579,61.174161,-46.820576,0.3607
2019-06-04,0.6575,61.17415,-46.820579,0.328
2019-06-05,0.7013,61.174152,-46.820584,0.6299
2019-06-06,0.7908,61.174148,-46.820578,0.9581
2019-06-07,0.7353,61.174145,-46.820583,0.8414
2019-06-08,0.7885,61.174149,-46.820582,0.821
2019-06-09,0.7125,61.174149,-46.820584,0.8329
2019-06-10,0.6446,61.174157,-46.820597,0.4548
2019-06-11,0.7216,61.174143,-46.820595,0.6593
2019-06-12,0.7776,61.174149,-46.820594,0.885
2019-06-13,0.6272,61.174146,-46.820598,0.6446
2019-06-14,0.6477,61.174146,-46.820591,0.616
2019-06-15,0.6343,61.174141,-46.820604,0.5408
2019-06-16,0.6405,61.174144,-46.820605,0.486
2019-06-17,0.6356,61.174137,-46.8206,0.4632
2019-06-18,0.6374,61.17414,-46.820606,0.4835
2019-06-19,0.6458,61.174138,-46.820607,0.4417
2019-06-20,0.6544,61.17414,-46.82061,0.4405
2019-06-21,0.6513,61.174137,-46.820608,0.4008
2019-06-22,0.637,61.174135,-46.820614,0.4558
2019-06-23,0.7278,61.174133,-46.820616,0.9383
2019-06-24,0.7478,61.174128,-46.820617,0.9999
2019-06-25,0.6859,61.174129,-46.820621,0.9411
2019-06-26,0.7459,61.174125,-46.82062,0.9968
2019-06-27,0.6397,61.174126,-46.820627,0.7181
2019-06-28,0.6284,61.174129,-46.820626,0.4747
2019-06-29,0.7335,61.174124,-46.820623,0.9798
2019-06-30,0.6511,61.174126,-46.820624,0.5826
2019-07-01,0.6931,61.174123,-46.820628,0.6829
2019-07-02,0.7494,61.174118,-46.820627,0.7529
2019-07-03,0.6533,61.174119,-46.820632,0.351
2019-07-04,0.6337,61.174116,-46.820633,0.4352
2019-07-05,0.6383,61.174116,-46.820636,0.403
2019-07-06,0.6525,61.174117,-46.820638,0.767
2019-07-07,0.7021,61.174114,-46.820641,0.9213
2019-07-08,0.6396,61.174111,-46.820641,0.7319
2019-07-09,0.6372,61.174106,-46.820641,0.6679
2019-07-10,0.5777,61.17411,-46.820643,0.5708
2019-07-11,0.5819,61.174109,-46.820643,0.4456
2019-07-12,0.5773,61.174106,-46.820643,0.5602
2019-07-13,0.5785,61.17411,-46.820645,0.6298
2019-07-14,0.5652,61.174105,-46.820646,0.6821
2019-07-15,0.5719,61.174102,-46.820649,0.4525
2019-07-16,0.6514,61.174098,-46.820645,0.7537
2019-07-17,0.5731,61.174095,-46.82065,0.8972
2019-07-18,0.5994,61.174096,-46.820656,0.9017
2019-07-19,0.5464,61.174094,-46.82066,0.5339
2019-07-20,0.5326,61.174091,-46.820656,0.4732
2019-07-21,0.5134,61.174092,-46.820658,0.5351
2019-07-22,0.4942,61.17409,-46.82066,0.4384
2019-07-23,0.4613,61.174089,-46.820658,0.4543
2019-07-24,0.48,61.174088,-46.820663,0.8818
2019-07-25,0.4041,61.174086,-46.820669,0.8474
2019-07-26,0.4313,61.174085,-46.820665,0.9881
2019-07-27,0.3797,61.174084,-46.820664,0.9655
2019-07-28,0.5403,61.174079,-46.820667,0.7659
2019-07-29,0.4172,61.174083,-46.820665,0.4184
2019-07-30,0.4054,61.174081,-46.820666,0.5484
2019-07-31,0.3541,61.174081,-46.820668,0.9023
2019-08-01,0.3099,61.174079,-46.820667,0.7529
2019-08-02,0.3069,61.174076,-46.820672,0.5131
2019-08-03,0.2754,61.174075,-46.820675,0.7791
2019-08-04,0.2735,61.174072,-46.820676,0.6148
2019-08-05,0.2849,61.17407,-46.820682,0.645
2019-08-06,0.2777,61.174068,-46.820682,0.7863
2019-08-07,0.2878,61.174064,-46.820681,0.9282
2019-08-08,0.2718,61.174066,-46.820688,0.591
2019-08-09,0.2642,61.174065,-46.820687,1.0
2019-08-10,0.2552,61.174065,-46.82069,0.7457
2019-08-11,0.2639,61.174066,-46.820693,0.3629
2019-08-12,0.271,61.17406,-46.820691,0.6994
2019-08-13,0.2058,61.174057,-46.820695,0.7929
2019-08-14,0.2365,61.174058,-46.820693,0.3668
2019-08-15,0.274,61.174054,-46.820694,0.502
2019-08-16,0.2842,61.174054,-46.820702,0.3532
2019-08-17,0.2537,61.174052,-46.8207,0.6559
2019-08-18,0.2475,61.17405,-46.820707,0.9851
2019-08-19,0.2578,61.174049,-46.820709,0.7254
2019-08-20,0.2694,61.174048,-46.820709,0.4208
2019-08-21,0.2772,61.174043,-46.820711,0.3634
2019-08-22,0.2911,61.17404,-46.820707,0.3606
2019-08-23,0.3073,61.17404,-46.820715,0.4873
2019-08-24,0.2942,61.174037,-46.820716,0.4216
2019-08-25,0.2797,61.174039,-46.820716,0.2739
2019-08-26,0.2513,61.174035,-46.820712,0.3351
2019-08-27,0.2291,61.174039,-46.820716,0.8641
2019-08-28,0.2474,61.174038,-46.820715,0.4046
2019-08-29,0.2764,61.174036,-46.820717,0.257
2019-08-30,0.3091,61.173484,-46.820655,0.563
2019-08-31,0.2737,61.166908,-46.819913,0.4586
2019-09-01,0.3905,61.166908,-46.819913,0.9748
2019-09-02,0.2957,61.166908,-46.819913,0.6949
2019-09-03,0.2616,61.166908,-46.819913,0.9019
2019-09-04,0.2296,61.166908,-46.819913,0.7155
2019-09-05,0.2736,61.166908,-46.819913,0.3924
2019-09-06,0.1807,61.166908,-46.819913,0.9773
2019-09-07,0.2727,61.166908,-46.819913,0.5651
2019-09-08,0.3406,61.166908,-46.819913,0.0285
2019-09-09,0.3417,61.166908,-46.819913,0.4005
2019-09-10,0.3479,61.166908,-46.819913,0.1416
2019-09-11,0.3656,61.166908,-46.819913,0.1426
2019-09-12,0.5787,61.166908,-46.819913,0.6059
2019-09-13,0.7516,61.166908,-46.819913,0.3135
2019-09-14,0.8212,61.166908,-46.819913,0.6569
2019-09-15,0.7771,61.166908,-46.819913,0.1459
2019-09-16,0.7873,61.166908,-46.819913,0.342
2019-09-17,0.7835,61.166908,-46.819913,0.3266
2019-09-18,0.7782,61.166908,-46.819913,0.5924
2019-09-19,0.7893,61.166908,-46.819913,0.6099
2019-09-20,0.7368,61.166908,-46.819913,0.4166
2019-09-21,0.8722,61.166908,-46.819913,0.946
2019-09-22,0.7881,61.166908,-46.819913,0.767
2019-09-23,0.8066,61.166908,-46.819913,0.483
2019-09-24,0.7625,61.166908,-46.819913,0.2924
2019-09-25,0.7104,61.166908,-46.819913,0.167
2019-09-26,0.6838,61.166908,-46.819913,0.167
2019-09-27,0.6897,61.166908,-46.819913,0.4367
2019-09-28,0.642,61.166908,-46.819913,0.3878
2019-09-29,0.6406,61.166908,-46.819913,0.4922
2019-09-30,0.6046,61.166908,-46.819913,0.4559
2020-05-01,0.5305,61.173748,-46.820966,0.2845
2020-05-02,0.5721,61.17375,-46.820966,0.8988
2020-05-03,0.0709,61.173759,-46.82099,0.9939
2020-05-04,0.0746,61.173752,-46.820991,0.9977
2020-05-05,0.1184,61.173732,-46.820986,0.9925
2020-05-06,0.1468,61.173742,-46.820989,0.9986
2020-05-07,0.1919,61.173768,-46.820994,0.9898
2020-05-08,0.2528,61.173752,-46.821,0.9925
2020-05-09,0.2557,61.173728,-46.820978,0.9901
2020-05-10,0.2394,61.173739,-46.820964,0.9833
2020-05-11,0.2207,61.173744,-46.821006,0.9812
2020-05-12,0.2181,61.173764,-46.821004,0.9707
2020-05-13,0.2873,61.173761,-46.821008,0.772
2020-05-14,0.6228,61.173746,-46.821012,0.6123
2020-05-15,0.7325,61.173754,-46.82101,0.5596
2020-05-16,0.7895,61.173746,-46.821007,0.5318
2020-05-17,0.7403,61.173756,-46.82101,0.4355
2020-05-18,0.7306,61.173766,-46.821014,0.229
2020-05-19,0.7273,61.173749,-46.821008,0.099
2020-05-20,0.7284,61.173747,-46.821013,0.1011
2020-05-21,0.7503,61.173746,-46.821015,0.2718
2020-05-22,0.8349,61.173738,-46.821024,0.6379
2020-05-23,0.7463,61.173736,-46.821026,0.186
2020-05-24,0.7279,61.173734,-46.821024,0.0943
2020-05-25,0.7327,61.173748,-46.821015,0.3178
2020-05-26,0.8966,61.173734,-46.821018,0.9061
2020-05-27,0.8845,61.173732,-46.821021,0.8556
2020-05-28,0.7928,61.173732,-46.821028,0.5694
2020-05-29,0.7734,61.173728,-46.821023,0.3365
2020-05-30,0.7531,61.173725,-46.821028,0.0994
2020-05-31,0.8247,61.173724,-46.821027,0.7369
2020-06-01,0.7652,61.173723,-46.821035,0.9503
2020-06-02,0.8452,61.173728,-46.821037,0.9693
2020-06-03,0.7745,61.173715,-46.821032,0.9999
2020-06-04,0.791,61.173723,-46.821032,0.899
2020-06-05,0.829,61.173704,-46.821044,0.9768
2020-06-06,0.8278,61.173708,-46.821062,0.9732
2020-06-07,0.8961,61.17371,-46.82106,0.9839
2020-06-08,0.7702,61.173708,-46.821043,0.5396
2020-06-09,0.8456,61.173705,-46.821054,0.739
2020-06-10,0.8549,61.173703,-46.821046,0.9715
2020-06-11,0.8098,61.173708,-46.821046,0.7985
2020-06-12,0.926,61.173709,-46.821045,0.8224
2020-06-13,0.9258,61.173723,-46.821059,0.9902
2020-06-14,0.7627,61.173682,-46.821037,0.7017
2020-06-15,0.8734,61.173704,-46.82104,0.6325
2020-06-16,0.8709,61.173702,-46.821055,0.9566
2020-06-17,0.852,61.173696,-46.821039,0.9414
2020-06-18,0.8162,61.173704,-46.821043,0.8078
2020-06-19,0.8348,61.173703,-46.821054,0.61
2020-06-20,0.7823,61.173696,-46.821048,0.3808
2020-06-21,0.749,61.173691,-46.821056,0.5257
2020-06-22,0.7291,61.173687,-46.821067,0.3886
2020-06-23,0.732,61.173687,-46.821055,0.2311
2020-06-24,0.8177,61.173691,-46.821076,0.7313
2020-06-25,0.86,61.173682,-46.821077,0.9584
2020-06-26,0.7396,61.173694,-46.821072,0.2069
2020-06-27,0.7227,61.173694,-46.821052,0.1766
2020-06-28,0.7338,61.173689,-46.821082,0.539
2020-06-29,0.7134,61.173685,-46.821097,0.2608
2020-06-30,0.7025,61.173668,-46.821072,0.2959
2020-07-01,0.7193,61.173684,-46.821067,0.8411
2020-07-02,0.7802,61.173693,-46.821079,0.6775
2020-07-03,0.6859,61.173682,-46.821079,0.2595
2020-07-04,0.6886,61.173688,-46.82108,0.138
2020-07-05,0.7123,61.173678,-46.821075,0.4621
2020-07-06,0.7224,61.17368,-46.821078,0.8279
2020-07-07,0.7695,61.173674,-46.821085,0.9612
2020-07-08,0.7005,61.173676,-46.821086,0.9352
2020-07-09,0.7918,61.173677,-46.821092,0.9937
2020-07-10,0.7934,61.173671,-46.821096,0.9999
2020-07-11,0.684,61.173673,-46.821098,0.658
2020-07-12,0.7412,61.173668,-46.821094,0.6922
2020-07-13,0.7621,61.173666,-46.8211,1.0
2020-07-14,0.7208,61.173665,-46.821101,0.9861
2020-07-15,0.667,61.173661,-46.821104,0.4175
2020-07-16,0.6803,61.173661,-46.821102,0.2432
2020-07-17,0.6581,61.173662,-46.821107,0.1557
2020-07-18,0.6634,61.173658,-46.821105,0.4804
2020-07-19,0.6547,61.17366,-46.821107,0.441
2020-07-20,0.6919,61.173657,-46.821111,0.6231
2020-07-21,0.6607,61.173654,-46.82111,0.4591
2020-07-22,0.6707,61.17365,-46.821109,0.4675
2020-07-23,0.7446,61.173648,-46.821111,0.983
2020-07-24,0.6624,61.173651,-46.821118,0.8102
2020-07-25,0.6948,61.17365,-46.821114,0.9306
2020-07-26,0.6335,61.173648,-46.821117,0.6232
2020-07-27,0.6551,61.173644,-46.821118,0.6296
2020-07-28,0.6982,61.173644,-46.821119,0.9968
2020-07-29,0.6401,61.173642,-46.821123,0.8018
2020-07-30,0.6814,61.173642,-46.821122,0.9926
2020-07-31,0.6387,61.173643,-46.821123,0.8009
2020-08-01,0.6348,61.173644,-46.821124,0.6426
2020-08-02,0.6683,61.173639,-46.821123,0.9763
2020-08-03,0.6461,61.17364,-46.821124,0.9612
2020-08-04,0.5702,61.173635,-46.821124,0.5362
2020-08-05,0.5833,61.173634,-46.821126,0.3156
2020-08-06,0.5736,61.173635,-46.821126,0.771
2020-08-07,0.5395,61.173628,-46.821128,0.9953
2020-08-08,0.4728,61.17363,-46.821127,0.5594
2020-08-09,0.5326,61.173629,-46.821134,0.7633
2020-08-10,0.5262,61.17363,-46.82114,0.1325
2020-08-11,0.8082,61.173624,-46.82114,0.7218
2020-08-12,0.5196,61.173623,-46.821137,1.0
2020-08-13,0.4216,61.173623,-46.821145,0.9216
2020-08-14,0.4666,61.173623,-46.821144,0.2549
2020-08-15,0.4822,61.173621,-46.821146,0.4933
2020-08-16,0.4597,61.173617,-46.821148,0.1738
2020-08-17,0.3866,61.173619,-46.821148,0.3124
2020-08-18,0.316,61.173615,-46.821153,0.4101
2020-08-19,0.2964,61.173611,-46.821155,0.3116
2020-08-20,0.2802,61.173612,-46.821155,0.2374
2020-08-21,0.3111,61.17361,-46.821149,0.2135
2020-08-22,0.2995,61.173614,-46.821139,0.169
2020-08-23,0.2975,61.173614,-46.82114,0.1595
2020-08-24,0.2819,61.173612,-46.821143,0.2
2020-08-25,0.2788,61.173612,-46.821138,0.164
2020-08-26,0.2746,61.173606,-46.821144,0.1457
2020-08-27,0.2685,61.173608,-46.821146,0.312
2020-08-28,0.1651,61.173599,-46.82114,0.9553
2020-08-29,0.1772,61.173621,-46.821168,0.7894
2020-08-30,0.1965,61.173655,-46.821191,0.6427
2020-08-31,0.232,61.173657,-46.821193,0.1833
2020-09-01,0.2756,61.173654,-46.821197,0.4701
2020-09-02,0.263,61.173652,-46.8212,0.0105
2020-09-03,0.2735,61.173652,-46.821195,0.4501
2020-09-04,0.1627,61.173646,-46.821196,0.9952
2020-09-05,0.1624,61.173641,-46.821202,0.9935
2020-09-06,0.19,61.173644,-46.821201,0.9815
2020-09-07,0.3207,61.173644,-46.821198,0.273
2020-09-08,0.3759,61.173643,-46.821204,0.5441
2020-09-09,0.5697,61.173631,-46.821203,0.9806
2020-09-10,0.4944,61.17364,-46.82121,0.1429
2020-09-11,0.4598,61.173638,-46.821212,0.0084
2020-09-12,0.4719,61.173635,-46.821213,0.0994
2020-09-13,0.4796,61.173637,-46.821213,0.1121
2020-09-14,0.6699,61.173637,-46.821217,0.6103
2020-09-15,0.8984,61.173632,-46.821215,0.9542
2020-09-16,0.9105,61.173628,-46.821217,0.9361
2020-09-17,0.8233,61.173629,-46.82122,0.5897
2020-09-18,0.9252,61.173625,-46.821221,0.941
2020-09-19,0.8535,61.173624,-46.821222,0.4696
2020-09-20,0.8263,61.173631,-46.821223,0.3584
2020-09-21,0.8501,61.173624,-46.82122,0.6346
2020-09-22,0.8216,61.173625,-46.821216,0.3159
2020-09-23,0.8371,61.173629,-46.821224,0.4191
2020-09-24,0.9318,61.173623,-46.821226,0.9732
2020-09-25,0.9423,61.173616,-46.821227,0.9859
2020-09-26,0.8807,61.173616,-46.821224,0.6598
2020-09-27,0.8398,61.173615,-46.821228,0.1815
2020-09-28,0.8363,61.173613,-46.821233,0.08
2020-09-29,0.8296,61.173616,-46.821233,0.1403
2020-09-30,0.8801,61.173615,-46.821234,0.4116
2021-05-01,0.1078,61.17337,-46.821487,0.9655
2021-05-02,0.1188,61.17337,-46.82147,0.9659
2021-05-03,0.0981,61.173367,-46.821477,0.9674
2021-05-04,0.1675,61.173354,-46.821471,0.9699
2021-05-05,0.193,61.173355,-46.821468,0.971
2021-05-06,0.2183,61.173352,-46.821479,0.9711
2021-05-07,0.2091,61.173353,-46.821469,0.9709
2021-05-08,0.2413,61.17335,-46.821468,0.971
2021-05-09,0.2638,61.173351,-46.821481,0.97
2021-05-10,0.2866,61.173353,-46.821491,0.9698
2021-05-11,0.3054,61.173356,-46.82147,0.9685
2021-05-12,0.3219,61.173351,-46.821485,0.9673
2021-05-13,0.3415,61.173352,-46.821492,0.9723
2021-05-14,0.3608,61.17336,-46.821484,0.9763
2021-05-15,0.3876,61.173357,-46.821493,0.9795
2021-05-16,0.41,61.17335,-46.821488,0.9816
2021-05-17,0.4235,61.173355,-46.821499,0.9843
2021-05-18,0.4703,61.173347,-46.821504,0.9846
2021-05-19,0.4853,61.173353,-46.821496,0.9825
2021-05-20,0.5006,61.173354,-46.821501,0.9811
2021-05-21,0.5642,61.173344,-46.821497,0.9826
2021-05-22,0.5233,61.173349,-46.821499,0.9829
2021-05-23,0.4818,61.173345,-46.821504,0.9828
2021-05-24,0.4858,61.173348,-46.821507,0.9825
2021-05-25,0.9988,61.173344,-46.821507,0.9829
2021-05-26,0.9859,61.173344,-46.821513,0.9811
2021-05-27,0.4623,61.17334,-46.821512,0.9804
2021-05-28,0.436,61.17335,-46.821507,0.9804
2021-05-29,0.4324,61.173334,-46.821509,0.9803
2021-05-30,0.4475,61.173346,-46.821496,0.9801
2021-05-31,0.3709,61.173332,-46.821505,0.9801
2021-06-01,0.393,61.173322,-46.821502,0.9802
2021-06-02,0.4166,61.17333,-46.821507,0.9796
2021-06-03,0.4371,61.173336,-46.821515,0.9796
2021-06-04,0.4617,61.173339,-46.821522,0.9787
2021-06-05,0.4764,61.173331,-46.821515,0.9775
2021-06-06,0.4897,61.173331,-46.821516,0.9764
2021-06-07,0.4853,61.173323,-46.821515,0.9762
2021-06-08,0.466,61.173323,-46.821524,0.9744
2021-06-09,0.4489,61.173329,-46.821532,0.9736
2021-06-10,0.4404,61.173321,-46.821531,0.9707
2021-06-11,0.4358,61.173329,-46.821524,0.9677
2021-06-12,0.4304,61.173312,-46.821519,0.9602
2021-06-13,0.4344,61.173321,-46.821523,0.9395
2021-06-14,0.4309,61.173318,-46.82153,0.942
2021-06-15,0.3843,61.173321,-46.821539,0.9618
2021-06-16,0.2794,61.17332,-46.821553,0.9164
2021-06-17,0.2944,61.173306,-46.821543,0.1506
2021-06-18,0.2176,61.173307,-46.821557,0.4659
2021-06-19,0.1998,61.173324,-46.821531,0.9093
2021-06-20,0.5252,61.173323,-46.821553,0.9977
2021-06-21,0.5524,61.173323,-46.821538,0.2253
2021-06-22,0.5818,61.173318,-46.821541,0.2187
2021-06-23,0.7748,61.173332,-46.821545,0.8962
2021-06-24,0.7783,61.172265,-46.822545,0.9999
2021-06-25,0.7091,61.173315,-46.821545,0.9037
2021-06-26,0.7459,61.17333,-46.821572,0.8511
2021-06-27,0.7698,61.173306,-46.821525,0.9971
2021-06-28,0.7131,61.173287,-46.82156,0.9442
2021-06-29,0.6098,61.173299,-46.821543,0.1216
2021-06-30,0.6111,61.173288,-46.821572,0.1572
2021-07-01,0.6059,61.173292,-46.821559,0.1794
2021-07-02,0.6897,61.173271,-46.821555,0.6331
2021-07-03,0.6783,61.173304,-46.821566,0.7941
2021-07-04,0.6048,61.173301,-46.821571,0.3827
2021-07-05,0.7422,61.1733,-46.821564,0.9874
2021-07-06,0.7734,61.173289,-46.82157,0.9934
2021-07-07,0.675,61.173288,-46.821569,0.5258
2021-07-08,0.7684,61.173289,-46.821579,0.9621
2021-07-09,0.6786,61.173288,-46.821583,0.6171
2021-07-10,0.635,61.173285,-46.821585,0.7188
2021-07-11,0.757,61.173285,-46.821589,0.979
2021-07-12,0.7117,61.173285,-46.821589,0.6756
2021-07-13,0.5999,61.173279,-46.821588,0.4573
2021-07-14,0.7159,61.173279,-46.821589,0.9361
2021-07-15,0.5909,61.173279,-46.82159,0.1836
2021-07-16,0.7239,61.173273,-46.821588,0.8333
2021-07-17,0.7541,61.173275,-46.821594,1.0
2021-07-18,0.7229,61.173274,-46.821593,1.0
2021-07-19,0.7119,61.173272,-46.821598,0.8923
2021-07-20,0.7456,61.173273,-46.821599,0.9093
2021-07-21,0.7216,61.173268,-46.821602,0.8837
2021-07-22,0.5924,61.173269,-46.821599,0.4299
2021-07-23,0.5898,61.173268,-46.821602,0.4725
2021-07-24,0.6839,61.173266,-46.821603,0.7646
2021-07-25,0.6199,61.173264,-46.821607,0.2659
2021-07-26,0.5736,61.173262,-46.821607,0.4784
2021-07-27,0.6654,61.17326,-46.82161,0.7943
2021-07-28,0.5872,61.173259,-46.821608,0.5305
2021-07-29,0.5624,61.173259,-46.821609,0.4982
2021-07-30,0.7101,61.173259,-46.82161,0.7553
2021-07-31,0.6024,61.173256,-46.821608,0.7948
2021-08-01,0.7019,61.173256,-46.821612,0.8166
2021-08-02,0.6655,61.173257,-46.82161,0.9965
2021-08-03,0.6527,61.173253,-46.821613,0.9985
2021-08-04,0.6137,61.17325,-46.821615,0.9682
2021-08-05,0.5582,61.17325,-46.821613,0.617
2021-08-06,0.4925,61.173249,-46.821614,0.4236
2021-08-07,0.634,61.173248,-46.821622,0.7046
2021-08-08,0.4709,61.173243,-46.82162,0.3734
2021-08-09,0.4783,61.17324,-46.821618,0.1114
2021-08-10,0.4699,61.173242,-46.821621,0.347
2021-08-11,0.4246,61.173241,-46.821627,0.609
2021-08-12,0.4025,61.17324,-46.821628,0.2878
2021-08-13,0.4108,61.173237,-46.821625,0.6777
2021-08-14,0.4602,61.173236,-46.821631,0.9993
2021-08-15,0.3488,61.173239,-46.821626,0.7581
2021-08-16,0.3427,61.173235,-46.821628,1.0
2021-08-17,0.2798,61.173232,-46.821634,1.0
2021-08-18,0.2667,61.17323,-46.821634,0.9993
2021-08-19,0.2568,61.173226,-46.821635,0.9999
2021-08-20,0.237,61.173223,-46.821641,0.9048
2021-08-21,0.2271,61.173226,-46.821639,0.7329
2021-08-22,0.2053,61.173223,-46.821639,0.4243
2021-08-23,0.2153,61.173224,-46.821646,0.2389
2021-08-24,0.2308,61.173223,-46.82165,0.6045
2021-08-25,0.2071,61.173223,-46.821652,0.8226
2021-08-26,0.1888,61.173218,-46.821651,0.3487
2021-08-27,0.2009,61.173223,-46.821651,0.1466
2021-08-28,0.204,61.173215,-46.821654,0.2639
2021-08-29,0.2056,61.173215,-46.821655,0.3989
2021-08-30,0.2418,61.173215,-46.821658,0.414
2021-08-31,0.1883,61.173216,-46.821657,0.965
2021-09-01,0.1746,61.173208,-46.821642,0.9605
2021-09-02,0.2089,61.173188,-46.821591,0.99
2021-09-03,0.2022,61.173193,-46.821584,0.888
2021-09-04,0.2583,61.173188,-46.821587,0.0212
2021-09-05,0.2519,61.173187,-46.82159,0.0137
2021-09-06,0.2813,61.173185,-46.821593,0.0536
2021-09-07,0.2971,61.173185,-46.821592,0.2724
2021-09-08,0.3086,61.173186,-46.821596,0.5152
2021-09-09,0.3384,61.173187,-46.821595,0.4627
2021-09-10,0.3022,61.173179,-46.821593,0.9423
2021-09-11,0.2081,61.173176,-46.821603,0.9889
2021-09-12,0.3558,61.17318,-46.821605,0.5823
2021-09-13,0.4005,61.173177,-46.821604,0.0175
2021-09-14,0.3511,61.173178,-46.821603,0.0893
2021-09-15,0.3419,61.173176,-46.821599,0.0291
2021-09-16,0.3386,61.173174,-46.821607,0.5342
2021-09-17,0.7175,61.173177,-46.821604,0.3626
2021-09-18,0.8341,61.173175,-46.821609,0.6058
2021-09-19,0.7689,61.173166,-46.821606,0.6303
2021-09-20,0.7539,61.173172,-46.821609,0.2746
2021-09-21,0.7965,61.173169,-46.821605,0.3969
2021-09-22,0.8156,61.173168,-46.82161,0.954
2021-09-23,0.7006,61.173168,-46.821606,0.4501
2021-09-24,0.6982,61.173163,-46.821611,0.1527
2021-09-25,0.6897,61.173164,-46.821612,0.0386
2021-09-26,0.693,61.173163,-46.821615,0.2107
2021-09-27,0.693,61.173164,-46.821615,0.1067
2021-09-28,0.6977,61.173162,-46.821617,0.0834
2021-09-29,0.6975,61.173161,-46.821616,0.0814
2021-09-30,0.6961,61.173166,-46.821615,0.1721
2022-05-01,0.4213,61.172919,-46.821868,0.9874
2022-05-02,0.3939,61.172924,-46.821877,0.9946
2022-05-03,0.2969,61.17292,-46.821895,0.944
2022-05-04,0.3264,61.172915,-46.821898,0.9478
2022-05-05,0.3587,61.172907,-46.821889,0.8679
2022-05-06,0.7067,61.1729,-46.821905,0.9752
2022-05-07,0.3702,61.172901,-46.821902,0.9962
2022-05-08,0.4063,61.172914,-46.821895,0.9976
2022-05-09,0.3824,61.172909,-46.821895,0.9916
2022-05-10,0.3468,61.172911,-46.821876,0.99
2022-05-11,0.3512,61.172913,-46.82189,0.9884
2022-05-12,0.3613,61.172902,-46.821878,0.9878
2022-05-13,0.3819,61.172915,-46.82189,0.9692
2022-05-14,0.4202,61.172906,-46.821895,0.983
2022-05-15,0.3109,61.172905,-46.821898,0.9591
2022-05-16,0.4055,61.1729,-46.821894,0.9195
2022-05-17,0.4268,61.172896,-46.821888,0.8708
2022-05-18,0.1993,61.172899,-46.821894,0.1279
2022-05-19,0.3565,61.172895,-46.821887,0.0896
2022-05-20,0.5051,61.172888,-46.821894,0.042
2022-05-21,0.5911,61.172897,-46.821892,0.0384
2022-05-22,0.105,61.172894,-46.821892,0.8259
2022-05-23,0.0394,61.17289,-46.821899,0.652
2022-05-24,0.0643,61.172894,-46.8219,0.0957
2022-05-25,0.0703,61.172893,-46.821902,0.099
2022-05-26,0.0545,61.17289,-46.821901,0.6495
2022-05-27,0.115,61.172892,-46.821901,0.8235
2022-05-28,0.1677,61.172881,-46.821889,0.5564
2022-05-29,0.4017,61.172888,-46.821889,0.3063
2022-05-30,0.5342,61.172885,-46.821896,0.1879
2022-05-31,0.6438,61.172883,-46.821902,0.3662
2022-06-01,0.6492,61.172882,-46.821897,0.3896
2022-06-02,0.6201,61.172885,-46.821894,0.0455
2022-06-03,0.6358,61.172879,-46.821908,0.0342
2022-06-04,0.6414,61.172879,-46.821905,0.141
2022-06-05,0.7037,61.17288,-46.821908,0.7225
2022-06-06,0.751,61.17288,-46.821903,0.9735
2022-06-07,0.6704,61.172884,-46.821904,0.5127
2022-06-08,0.6495,61.172875,-46.821903,0.2764
2022-06-09,0.6393,61.17287,-46.821914,0.2422
2022-06-10,0.652,61.172896,-46.821994,0.2524
2022-06-11,0.7059,61.172887,-46.821894,0.6505
2022-06-12,0.7619,61.172841,-46.821974,0.8563
2022-06-13,0.6511,61.172864,-46.82193,0.0459
2022-06-14,0.6623,61.172863,-46.821918,0.4413
2022-06-15,0.6572,61.172871,-46.821916,0.3369
2022-06-16,0.6376,61.172869,-46.821929,0.1067
2022-06-17,0.785,61.17286,-46.82194,0.7398
2022-06-18,0.7589,61.17286,-46.821946,0.948
2022-06-19,0.7698,61.172869,-46.821951,1.0
2022-06-20,0.7717,61.172865,-46.821956,0.9985
2022-06-21,0.6425,61.172858,-46.821949,0.2208
2022-06-22,0.6503,61.17285,-46.821948,0.0459
2022-06-23,0.6436,61.172847,-46.821945,0.1636
2022-06-24,0.7643,61.17285,-46.821947,0.8862
2022-06-25,0.7825,61.172852,-46.82195,0.9537
2022-06-26,0.8267,61.172847,-46.821952,0.9765
2022-06-27,0.6916,61.172845,-46.821951,0.6428
2022-06-28,0.8317,61.172842,-46.821958,0.9269
2022-06-29,0.8104,61.172841,-46.821958,0.9763
2022-06-30,0.7239,61.172842,-46.821955,0.6731
2022-07-01,0.655,61.17284,-46.821955,0.626
2022-07-02,0.6523,61.172839,-46.821957,0.4882
2022-07-03,0.7147,61.172837,-46.82196,0.9142
2022-07-04,0.7963,61.172839,-46.821964,1.0
2022-07-05,0.7978,61.172835,-46.821967,0.9522
2022-07-06,0.777,61.172834,-46.821969,0.9857
2022-07-07,0.6653,61.172838,-46.821971,0.5664
2022-07-08,0.7169,61.172829,-46.82197,0.4804
2022-07-09,0.6624,61.172828,-46.82197,0.4703
2022-07-10,0.636,61.17283,-46.821976,0.0884
2022-07-11,0.6363,61.17283,-46.821972,0.1619
2022-07-12,0.6322,61.172824,-46.821971,0.0835
2022-07-13,0.6228,61.172819,-46.821975,0.1785
2022-07-14,0.7789,61.172822,-46.821982,0.9232
2022-07-15,0.6802,61.172826,-46.821979,0.4911
2022-07-16,0.7461,61.172822,-46.821978,0.8521
2022-07-17,0.64,61.172817,-46.82198,0.5499
2022-07-18,0.635,61.172819,-46.821981,0.1866
2022-07-19,0.7747,61.172819,-46.821984,0.8441
2022-07-20,0.7482,61.172815,-46.821982,0.9896
2022-07-21,0.6154,61.172816,-46.821985,0.447
2022-07-22,0.6007,61.172815,-46.821991,0.156
2022-07-23,0.6021,61.172813,-46.821988,0.1785
2022-07-24,0.5983,61.172811,-46.821989,0.1687
2022-07-25,0.6169,61.172811,-46.821992,0.5661
2022-07-26,0.6459,61.172811,-46.821996,0.6043
2022-07-27,0.5818,61.172809,-46.821994,0.1345
2022-07-28,0.5717,61.172807,-46.821993,0.0807
2022-07-29,0.542,61.172804,-46.821994,0.3042
2022-07-30,0.5239,61.172803,-46.821999,0.2035
2022-07-31,0.5683,61.172802,-46.822001,0.4312
2022-08-01,0.5431,61.172797,-46.822001,0.489
2022-08-02,0.5641,61.172798,-46.822004,0.2835
2022-08-03,0.6286,61.172796,-46.822001,0.83
2022-08-04,0.5549,61.172793,-46.822012,0.9159
2022-08-05,0.5964,61.172794,-46.822014,0.9845
2022-08-06,0.5,61.172787,-46.822018,0.7844
2022-08-07,0.473,61.172791,-46.822013,0.1399
2022-08-08,0.4759,61.172783,-46.822015,0.1044
2022-08-09,0.46,61.172784,-46.822019,0.1406
2022-08-10,0.4741,61.172783,-46.822015,0.5916
2022-08-11,0.4471,61.172785,-46.822019,0.36
2022-08-12,0.4821,61.172781,-46.822023,0.5331
2022-08-13,0.3959,61.172784,-46.822024,1.0
2022-08-14,0.326,61.17278,-46.82202,0.7377
2022-08-15,0.3365,61.172778,-46.822023,0.8401
2022-08-16,0.3089,61.172774,-46.822029,0.9359
2022-08-17,0.2773,61.172773,-46.822036,0.1706
2022-08-18,0.2775,61.172774,-46.822034,0.0396
2022-08-19,0.2864,61.172768,-46.822037,0.3729
2022-08-20,0.8158,61.172773,-46.822037,0.8654
2022-08-21,0.5945,61.172774,-46.822039,0.1001
2022-08-22,0.5513,61.172767,-46.822039,0.1508
2022-08-23,0.6716,61.172769,-46.822047,0.786
2022-08-24,0.4755,61.172767,-46.822037,0.3261
2022-08-25,0.4684,61.172765,-46.822041,0.9198
2022-08-26,0.3588,61.172763,-46.822045,0.9967
2022-08-27,0.3095,61.17276,-46.82205,0.4595
2022-08-28,0.4136,61.172759,-46.822049,0.6235
2022-08-29,0.3104,61.172756,-46.822047,0.5024
2022-08-30,0.3628,61.172761,-46.822048,0.446
2022-08-31,0.3755,61.172755,-46.822041,0.1868
2022-09-01,0.3367,61.172716,-46.822056,0.7357
2022-09-02,0.2093,61.172717,-46.82206,0.9997
2022-09-03,0.2376,61.172721,-46.822076,0.998
2022-09-04,0.2608,61.172712,-46.822065,0.6749
2022-09-05,0.2218,61.172712,-46.82207,0.9111
2022-09-06,0.206,61.172712,-46.822062,0.9946
2022-09-07,0.2616,61.172718,-46.822085,0.5373
2022-09-08,0.2906,61.172716,-46.822067,0.2646
2022-09-09,0.2874,61.172709,-46.822064,0.2815
2022-09-10,0.2799,61.17271,-46.822066,0.2978
2022-09-11,0.2468,61.172717,-46.822062,0.5453
2022-09-12,0.2523,61.172711,-46.822073,0.8084
2022-09-13,0.2523,61.172706,-46.822064,0.3268
2022-09-14,0.2357,61.172706,-46.822074,0.2765
2022-09-15,0.1633,61.172711,-46.822095,0.9011
2022-09-16,0.2003,61.172715,-46.822094,0.9957
2022-09-17,0.2292,61.172703,-46.822093,0.9535
2022-09-18,0.2097,61.172706,-46.822096,0.7997
2022-09-19,0.2286,61.172708,-46.822091,0.597
2022-09-20,0.3302,61.172699,-46.822093,0.1663
2022-09-21,0.3183,61.172691,-46.822089,0.2682
2022-09-22,0.2944,61.172694,-46.822089,0.8469
2022-09-23,0.2321,61.172693,-46.822099,0.994
2022-09-24,0.2653,61.172686,-46.822098,0.8824
2022-09-25,0.2488,61.172692,-46.8221,0.9123
2022-09-26,0.2636,61.172691,-46.822111,0.9926
2022-09-27,0.7834,61.172689,-46.822114,0.9791
2022-09-28,0.5542,61.172681,-46.822103,0.976
2022-09-29,0.6986,61.172682,-46.822122,0.684
2022-09-30,0.6454,61.172691,-46.822102,0.5729
2023-05-01,0.7312,61.172436,-46.822351,0.1326
2023-05-02,0.7093,61.172445,-46.822352,0.1607
2023-05-03,0.7126,61.172452,-46.822363,0.1564
2023-05-04,0.7149,61.172446,-46.822361,0.2382
2023-05-05,0.7026,61.172443,-46.822368,0.185
2023-05-06,0.6984,61.172442,-46.82236,0.1067
2023-05-07,0.8116,61.172447,-46.82237,0.6466
2023-05-08,0.7346,61.172443,-46.822372,0.4101
2023-05-09,0.8173,61.172438,-46.822369,0.9153
2023-05-10,0.8448,61.172437,-46.82237,0.8161
2023-05-11,0.8466,61.17245,-46.822372,0.6387
2023-05-12,0.7459,61.172453,-46.822373,0.3103
2023-05-13,0.7453,61.17245,-46.822368,0.3954
2023-05-14,0.8195,61.172447,-46.822373,0.6197
2023-05-15,0.9134,61.172437,-46.822371,0.7398
2023-05-16,0.8487,61.172431,-46.822377,0.7039
2023-05-17,0.9125,61.17244,-46.822374,0.9402
2023-05-18,0.8968,61.172435,-46.822382,0.8807
2023-05-19,0.869,61.172424,-46.822382,0.672
2023-05-20,0.905,61.172432,-46.822381,0.7602
2023-05-21,0.8752,61.172424,-46.82239,0.5474
2023-05-22,0.9248,61.172428,-46.822388,0.9358
2023-05-23,0.8244,61.172422,-46.822381,0.419
2023-05-24,0.908,61.17242,-46.822389,0.8685
2023-05-25,0.9151,61.172425,-46.822382,0.8525
2023-05-26,0.8342,61.172429,-46.822394,0.3724
2023-05-27,0.8265,61.172432,-46.82239,0.2995
2023-05-28,0.8226,61.172424,-46.822397,0.4712
2023-05-29,0.7882,61.172422,-46.822375,0.6858
2023-05-30,0.8767,61.172426,-46.822382,0.7669
2023-05-31,0.8938,61.17242,-46.822382,0.9434
2023-06-01,0.8288,61.172419,-46.82238,0.8005
2023-06-02,0.7765,61.172417,-46.822381,0.9656
2023-06-03,0.7146,61.172422,-46.82239,0.5759
2023-06-04,0.8305,61.172419,-46.822394,0.7783
2023-06-05,0.7724,61.172413,-46.822406,0.8112
2023-06-06,0.8279,61.172418,-46.822402,0.7873
2023-06-07,0.7296,61.172411,-46.822408,0.3975
2023-06-08,0.7368,61.17241,-46.822408,0.2896
2023-06-09,0.7003,61.172411,-46.822408,0.227
2023-06-10,0.6989,61.172407,-46.82241,0.2225
2023-06-11,0.6846,61.172412,-46.822419,0.0683
2023-06-12,0.7321,61.172404,-46.822408,0.4193
2023-06-13,0.7958,61.172404,-46.82241,0.9947
2023-06-14,0.693,61.172408,-46.822421,0.934
2023-06-15,0.7184,61.172408,-46.822428,0.6166
2023-06-16,0.6848,61.172396,-46.822419,0.2453
2023-06-17,0.6769,61.172399,-46.822422,0.0678
2023-06-18,0.672,61.172393,-46.822429,0.0815
2023-06-19,0.6755,61.172398,-46.822422,0.1333
2023-06-20,0.6978,61.172398,-46.822437,0.328
2023-06-21,0.8086,61.172391,-46.822432,0.9026
2023-06-22,0.7905,61.172391,-46.82243,0.9249
2023-06-23,0.7255,61.172394,-46.822433,0.3494
2023-06-24,0.6897,61.172396,-46.822432,0.0864
2023-06-25,0.6834,61.172397,-46.822429,0.125
2023-06-26,0.6971,61.172391,-46.822439,0.3774
2023-06-27,0.7583,61.172389,-46.82244,0.7131
2023-06-28,0.6816,61.172385,-46.822436,0.5862
2023-06-29,0.6905,61.172388,-46.822439,0.5523
2023-06-30,0.6673,61.17238,-46.822444,0.0099
2023-07-01,0.6885,61.172384,-46.822449,0.3579
2023-07-02,0.7184,61.172374,-46.822446,0.6412
2023-07-03,0.7034,61.172372,-46.82246,0.7601
2023-07-04,0.6712,61.172366,-46.822459,0.6105
2023-07-05,0.665,61.172366,-46.822455,0.2863
2023-07-06,0.649,61.172372,-46.822464,0.4829
2023-07-07,0.6426,61.172358,-46.822462,0.3076
2023-07-08,0.6529,61.172354,-46.822462,0.2285
2023-07-09,0.6764,61.172354,-46.822468,0.7371
2023-07-10,0.6426,61.172358,-46.822461,0.6977
2023-07-11,0.6124,61.172354,-46.822456,0.6006
2023-07-12,0.4953,61.172355,-46.82248,0.3711
2023-07-13,0.5311,61.17234,-46.822468,0.7511
2023-07-14,0.5213,61.172349,-46.822465,0.9525
2023-07-15,0.4746,61.172346,-46.822473,0.6488
2023-07-16,0.4511,61.172342,-46.822467,0.9988
2023-07-17,0.3573,61.172341,-46.822477,0.9553
2023-07-18,0.3277,61.172329,-46.822473,0.7495
2023-07-19,0.2959,61.172327,-46.822469,1.0
2023-07-20,0.2752,61.17232,-46.822471,0.9774
2023-07-21,0.3003,61.172332,-46.822479,0.6542
2023-07-22,0.3632,61.172331,-46.822481,0.5556
2023-07-23,0.3075,61.172323,-46.82248,0.4872
2023-07-24,0.3514,61.172325,-46.822483,0.4481
2023-07-25,0.3453,61.172329,-46.822479,0.4001
2023-07-26,0.3506,61.172322,-46.822479,0.1284
2023-07-27,0.3404,61.172324,-46.822487,0.7474
2023-07-28,0.2897,61.172319,-46.822477,0.5058
2023-07-29,0.2719,61.172318,-46.822474,0.2674
2023-07-30,0.2828,61.172315,-46.822477,0.1782
2023-07-31,0.2822,61.172321,-46.822491,0.1972
2023-08-01,0.2775,61.172311,-46.822504,0.1441
2023-08-02,0.2342,61.17232,-46.822497,0.1402
2023-08-03,0.216,61.172314,-46.822494,0.6848
2023-08-04,0.2171,61.172312,-46.822501,0.4107
2023-08-05,0.2092,61.172307,-46.822506,0.3204
2023-08-06,0.2196,61.172302,-46.822498,0.1889
2023-08-07,0.2449,61.172316,-46.822491,0.126
2023-08-08,0.2445,61.172301,-46.822495,0.1241
2023-08-09,0.2366,61.172304,-46.822501,0.1672
2023-08-10,0.2367,61.172295,-46.822508,0.1576
2023-08-11,0.227,61.172312,-46.82252,0.2105
2023-08-12,0.1972,61.17231,-46.822511,0.472
2023-08-13,0.1728,61.172304,-46.822515,0.8547
2023-08-14,0.1685,61.172295,-46.822505,0.7156
2023-08-15,0.188,61.172306,-46.822528,0.2567
2023-08-16,0.2027,61.172294,-46.822515,0.2158
2023-08-17,0.2088,61.172284,-46.822532,0.2625
2023-08-18,0.2157,61.172279,-46.822535,0.2013
2023-08-19,0.2057,61.172288,-46.822536,0.1727
2023-08-20,0.1763,61.172293,-46.822532,0.3976
2023-08-21,0.1717,61.172283,-46.822536,0.3673
2023-08-22,0.164,61.17228,-46.822528,0.9998
2023-08-23,0.1557,61.172278,-46.822546,0.9996
2023-08-24,0.1812,61.172279,-46.822534,0.7563
2023-08-25,0.2349,61.172268,-46.822523,0.2288
2023-08-26,0.2159,61.172276,-46.822538,0.8476
2023-08-27,0.2333,61.172275,-46.822524,0.331
2023-08-28,0.2146,61.172276,-46.822536,0.243
2023-08-29,0.2012,61.172272,-46.822537,0.8357
2023-08-30,0.1864,61.172276,-46.822537,0.651
2023-08-31,0.219,61.172275,-46.822539,0.8949
