time,alb_THU_L,lat_THU_L,lon_THU_L,cloud_THU_L
2017-05-01,0.7508,76.399813,-68.26649,0.2889
2017-05-02,0.7471,76.39981,-68.266504,0.1043
2017-05-03,0.8804,76.399809,-68.266497,0.6489
2017-05-04,0.8028,76.399812,-68.266504,0.6911
2017-05-05,0.7947,76.399801,-68.266502,0.4803
2017-05-06,0.7571,76.399808,-68.266508,0.3393
2017-05-07,0.8163,76.399806,-68.266507,0.7959
2017-05-08,0.8369,76.399805,-68.266509,0.797
2017-05-09,0.8323,76.399817,-68.266471,0.6309
2017-05-10,0.8251,76.399805,-68.266486,0.8883
2017-05-11,0.7474,76.3998,-68.266487,0.5476
2017-05-12,0.7677,76.399806,-68.266489,0.1262
2017-05-13,0.764,76.399807,-68.266499,0.2124
2017-05-14,0.7641,76.399815,-68.266442,0.1312
2017-05-15,0.7544,76.399821,-68.266476,0.0938
2017-05-16,0.7671,76.399815,-68.266497,0.169
2017-05-17,0.8495,76.399836,-68.266516,0.8486
2017-05-18,0.8407,76.399828,-68.266518,0.8953
2017-05-19,0.8406,76.399804,-68.266495,0.7011
2017-05-20,0.7907,76.399804,-68.266491,0.1608
2017-05-21,0.8183,76.399824,-68.266524,0.5644
2017-05-22,0.7947,76.399808,-68.266499,0.168
2017-05-23,0.8657,76.399803,-68.266466,0.8994
2017-05-24,0.7977,76.399814,-68.266476,0.7804
2017-05-25,0.7908,76.399808,-68.2665,0.5222
2017-05-26,0.8716,76.399804,-68.26649,0.7639
2017-05-27,0.8352,76.399811,-68.266495,0.9862
2017-05-28,0.8657,76.399811,-68.266494,0.9692
2017-05-29,0.8331,76.399805,-68.266513,0.644
2017-05-30,0.8657,76.399809,-68.266492,0.722
2017-05-31,0.8641,76.399811,-68.266508,0.8013
2017-06-01,0.8688,76.399802,-68.266512,0.8371
2017-06-02,0.8172,76.3998,-68.266504,0.275
2017-06-03,0.7992,76.399814,-68.266493,0.1935
2017-06-04,0.8814,76.399805,-68.266508,0.8107
2017-06-05,0.8866,76.399806,-68.2665,0.9463
2017-06-06,0.8861,76.399803,-68.266495,0.9332
2017-06-07,0.8682,76.399804,-68.266512,0.9147
2017-06-08,0.8503,76.399803,-68.266511,0.9019
2017-06-09,0.8948,76.399807,-68.266502,0.9911
2017-06-10,0.8611,76.399808,-68.26651,0.7965
2017-06-11,0.8042,76.39981,-68.266475,0.0747
2017-06-12,0.8832,76.399811,-68.266522,0.753
2017-06-13,0.8226,76.399811,-68.266489,0.6711
2017-06-14,0.8117,76.399812,-68.266497,0.4212
2017-06-15,0.8115,76.399812,-68.266507,0.397
2017-06-16,0.78,76.399823,-68.266555,0.0813
2017-06-17,0.7705,76.399809,-68.266505,0.1009
2017-06-18,0.7581,76.399813,-68.266504,0.3713
2017-06-19,0.7306,76.399808,-68.26651,0.0392
2017-06-20,0.7269,76.399805,-68.266514,0.1365
2017-06-21,0.7452,76.399803,-68.266516,0.3732
2017-06-22,0.7137,76.399808,-68.266519,0.0421
2017-06-23,0.7391,76.399808,-68.266509,0.1176
2017-06-24,0.8191,76.399806,-68.266505,0.7298
2017-06-25,0.8171,76.399809,-68.266504,0.8122
2017-06-26,0.7979,76.399809,-68.266509,0.71
2017-06-27,0.7118,76.399807,-68.2665,0.2215
2017-06-28,0.7955,76.399811,-68.26648,0.871
2017-06-29,0.7384,76.399815,-68.266498,0.1232
2017-06-30,0.7205,76.39981,-68.266521,0.0792
2017-07-01,0.6905,76.399812,-68.266522,0.0221
2017-07-02,0.6875,76.399813,-68.26652,0.0245
2017-07-03,0.6803,76.399813,-68.26651,0.0138
2017-07-04,0.6739,76.399812,-68.266509,0.0168
2017-07-05,0.6701,76.39981,-68.266522,0.0346
2017-07-06,0.6736,76.399812,-68.266514,0.0747
2017-07-07,0.6651,76.39981,-68.266508,0.0228
2017-07-08,0.6685,76.399811,-68.266517,0.1126
2017-07-09,0.6804,76.399812,-68.266521,0.1391
2017-07-10,0.8528,76.399811,-68.266512,0.868
2017-07-11,0.8155,76.399808,-68.266495,0.864
2017-07-12,0.7767,76.399807,-68.266514,0.788
2017-07-13,0.7276,76.399808,-68.266519,0.7501
2017-07-14,0.6125,76.399806,-68.266528,0.1033
2017-07-15,0.6006,76.399815,-68.266502,0.5513
2017-07-16,0.5811,76.399812,-68.266501,0.119
2017-07-17,0.5902,76.399812,-68.266507,0.5423
2017-07-18,0.5471,76.399816,-68.266508,0.2842
2017-07-19,0.5349,76.399813,-68.266495,0.1763
2017-07-20,0.6451,76.399818,-68.266501,0.6727
2017-07-21,0.6201,76.399813,-68.266503,0.7609
2017-07-22,0.5707,76.399817,-68.266503,0.2802
2017-07-23,0.5304,76.39981,-68.266507,0.2311
2017-07-24,0.5202,76.399812,-68.266502,0.0803
2017-07-25,0.488,76.399811,-68.266494,0.1376
2017-07-26,0.3858,76.399815,-68.266505,0.4806
2017-07-27,0.2834,76.399816,-68.266514,0.8276
2017-07-28,0.2532,76.399817,-68.266516,0.487
2017-07-29,0.2853,76.399816,-68.26651,0.9733
2017-07-30,0.2853,76.399818,-68.266517,0.8304
2017-07-31,0.2752,76.399817,-68.26652,0.9736
2017-08-01,0.3219,76.399821,-68.266525,0.892
2017-08-02,0.3984,76.399818,-68.266514,0.8284
2017-08-03,0.479,76.399818,-68.266522,0.9628
2017-08-04,0.3686,76.399819,-68.266518,0.951
2017-08-05,0.3418,76.399815,-68.266521,0.7123
2017-08-06,0.324,76.399817,-68.266512,0.7783
2017-08-07,0.3418,76.399813,-68.26652,0.6885
2017-08-08,0.3249,76.399816,-68.266533,0.7293
2017-08-09,0.352,76.399817,-68.266519,0.8251
2017-08-10,0.3046,76.399821,-68.266528,0.8667
2017-08-11,0.301,76.399818,-68.266531,0.8651
2017-08-12,0.3091,76.399822,-68.266548,0.8261
2017-08-13,0.3064,76.39982,-68.266531,0.9535
2017-08-14,0.2891,76.39982,-68.266513,0.9983
2017-08-15,0.3201,76.399814,-68.266535,0.0758
2017-08-16,0.3676,76.399813,-68.266525,0.398
2017-08-17,0.3806,76.399816,-68.266518,0.0169
2017-08-18,0.3956,76.399816,-68.266531,0.0494
2017-08-19,0.4018,76.399815,-68.266523,0.1466
2017-08-20,0.4272,76.399814,-68.266529,0.0536
2017-08-21,0.4401,76.399814,-68.266537,0.139
2017-08-22,0.4444,76.399811,-68.266527,0.0216
2017-08-23,0.67,76.399816,-68.266533,0.4756
2017-08-24,0.7595,76.399816,-68.266515,0.7772
2017-08-25,0.7191,76.399817,-68.266527,0.1912
2017-08-26,0.6808,76.399815,-68.266534,0.7321
2017-08-27,0.7744,76.399816,-68.266522,0.9993
2017-08-28,0.7948,76.399814,-68.266511,0.9706
2017-08-29,0.7708,76.39982,-68.26652,0.834
2017-08-30,0.7517,76.399818,-68.266533,0.9143
2017-08-31,0.752,76.399818,-68.266535,0.6431
2017-09-01,0.9591,76.399819,-68.266532,0.8971
2017-09-02,0.7291,76.39982,-68.266518,0.9007
2017-09-03,0.8247,76.399818,-68.266541,0.4986
2017-09-04,0.818,76.399813,-68.266527,0.7103
2017-09-05,0.8306,76.399812,-68.266523,0.7033
2018-05-01,0.733,76.399821,-68.266624,0.0408
2018-05-02,0.736,76.399821,-68.266624,0.0389
2018-05-03,0.7424,76.39982,-68.266631,0.1515
2018-05-04,0.8139,76.399822,-68.26663,0.4116
2018-05-05,0.8161,76.39982,-68.266633,0.6638
2018-05-06,0.812,76.399821,-68.266629,0.539
2018-05-07,0.8546,76.39982,-68.266631,0.5803
2018-05-08,0.8315,76.399821,-68.266632,0.4647
2018-05-09,0.8061,76.399818,-68.266622,0.3941
2018-05-10,0.8096,76.399819,-68.266627,0.3986
2018-05-11,0.7697,76.399818,-68.266628,0.1716
2018-05-12,0.7804,76.39982,-68.266628,0.1945
2018-05-13,0.7993,76.399822,-68.266638,0.3829
2018-05-14,0.7583,76.399821,-68.266629,0.0332
2018-05-15,0.7669,76.399823,-68.266619,0.1362
2018-05-16,0.7823,76.399822,-68.266621,0.5249
2018-05-17,0.7596,76.399822,-68.266643,0.2128
2018-05-18,0.76,76.399826,-68.266649,0.0886
2018-05-19,0.786,76.399823,-68.266642,0.3547
2018-05-20,0.7623,76.399825,-68.266636,0.2396
2018-05-21,0.7889,76.399824,-68.266645,0.5347
2018-05-22,0.7852,76.399822,-68.266644,0.3778
2018-05-23,0.7553,76.39982,-68.266634,0.0629
2018-05-24,0.809,76.399824,-68.266632,0.6903
2018-05-25,0.8367,76.399817,-68.266644,0.594
2018-05-26,0.7954,76.399823,-68.266623,0.1739
2018-05-27,0.8464,76.399827,-68.266625,0.769
2018-05-28,0.8309,76.399826,-68.266635,0.4997
2018-05-29,0.8205,76.399825,-68.266633,0.3809
2018-05-30,0.856,76.399828,-68.266635,0.7662
2018-05-31,0.8589,76.399829,-68.266624,0.7912
2018-06-01,0.8048,76.399827,-68.266625,0.2373
2018-06-02,0.8571,76.399827,-68.266629,0.7443
2018-06-03,0.8272,76.399828,-68.266636,0.5156
2018-06-04,0.8286,76.39983,-68.266631,0.3853
2018-06-05,0.8452,76.399827,-68.266629,0.4011
2018-06-06,0.8174,76.399828,-68.26663,0.5426
2018-06-07,0.7871,76.39983,-68.266628,0.0159
2018-06-08,0.8677,76.399826,-68.266638,0.7776
2018-06-09,0.8404,76.399827,-68.266623,0.7792
2018-06-10,0.7904,76.399826,-68.266629,0.2025
2018-06-11,0.7798,76.399831,-68.266625,0.0895
2018-06-12,0.8448,76.399829,-68.26664,0.6931
2018-06-13,0.7216,76.399828,-68.266632,0.538
2018-06-14,0.7013,76.399829,-68.26664,0.051
2018-06-15,0.696,76.39983,-68.266638,0.012
2018-06-16,0.7057,76.399833,-68.266633,0.2207
2018-06-17,0.8203,76.399831,-68.266634,0.8529
2018-06-18,0.83,76.39983,-68.266646,0.9261
2018-06-19,0.8238,76.399828,-68.266645,0.8225
2018-06-20,0.8048,76.399828,-68.266635,0.5234
2018-06-21,0.7641,76.399825,-68.266645,0.3034
2018-06-22,0.7736,76.399826,-68.266643,0.0446
2018-06-23,0.7513,76.399826,-68.266641,0.0811
2018-06-24,0.7395,76.399827,-68.266641,0.1147
2018-06-25,0.761,76.399828,-68.266633,0.3912
2018-06-26,0.7741,76.39983,-68.266636,0.7424
2018-06-27,0.7053,76.399829,-68.266639,0.1952
2018-06-28,0.6824,76.399827,-68.26665,0.0151
2018-06-29,0.6604,76.399827,-68.266643,0.08
2018-06-30,0.7128,76.399829,-68.266642,0.7411
2018-07-01,0.659,76.399833,-68.266631,0.1449
2018-07-02,0.7422,76.399831,-68.266639,0.6471
2018-07-03,0.8028,76.399831,-68.266638,0.8614
2018-07-04,0.7074,76.39983,-68.266649,0.5251
2018-07-05,0.725,76.399831,-68.266646,0.7005
2018-07-06,0.757,76.399829,-68.266647,0.7836
2018-07-07,0.7431,76.399827,-68.266647,0.6736
2018-07-08,0.7117,76.399829,-68.266652,0.0815
2018-07-09,0.8231,76.399828,-68.266635,0.8342
2018-07-10,0.8702,76.399828,-68.266648,0.8255
2018-07-11,0.8428,76.399834,-68.266639,0.7094
2018-07-12,0.896,76.399828,-68.266635,0.9473
2018-07-13,0.8461,76.399828,-68.266643,0.752
2018-07-14,0.7749,76.399832,-68.26664,0.5409
2018-07-15,0.8759,76.399831,-68.266648,0.8818
2018-07-16,0.7754,76.399834,-68.266654,0.7163
2018-07-17,0.7207,76.399833,-68.266656,0.0348
2018-07-18,0.7088,76.399834,-68.266634,0.1847
2018-07-19,0.7188,76.399832,-68.266645,0.5118
2018-07-20,0.6531,76.399827,-68.266653,0.1432
2018-07-21,0.8499,76.39983,-68.266655,0.9406
2018-07-22,0.9001,76.399827,-68.266641,0.7932
2018-07-23,0.8906,76.39983,-68.266647,0.7291
2018-07-24,0.7794,76.399827,-68.266649,0.5071
2018-07-25,0.748,76.399828,-68.266653,0.4755
2018-07-26,0.7073,76.399829,-68.266648,0.3508
2018-07-27,0.7698,76.399831,-68.266647,0.5334
2018-07-28,0.7948,76.399834,-68.266646,0.8165
2018-07-29,0.8541,76.39983,-68.266653,0.9231
2018-07-30,0.8741,76.399832,-68.266652,0.8729
2018-07-31,0.73,76.39983,-68.26666,0.7659
2018-08-01,0.6168,76.399833,-68.266661,0.7336
2018-08-02,0.5128,76.399837,-68.266655,0.5752
2018-08-03,0.591,76.39983,-68.266661,0.8231
2018-08-04,0.7258,76.399833,-68.266653,0.7896
2018-08-05,0.667,76.39983,-68.266661,0.8294
2018-08-06,0.5474,76.399829,-68.266664,0.8499
2018-08-07,0.8105,76.39983,-68.266659,0.8887
2018-08-08,0.6981,76.399828,-68.266642,0.5588
2018-08-09,0.7141,76.399832,-68.266658,0.6837
2018-08-10,0.7377,76.399834,-68.266661,0.7614
2018-08-11,0.7476,76.399832,-68.266661,0.924
2018-08-12,0.5727,76.39983,-68.266669,0.7909
2018-08-13,0.595,76.399829,-68.266641,0.6907
2018-08-14,0.5987,76.39983,-68.26666,0.4979
2018-08-15,0.6362,76.399832,-68.266657,0.4293
2018-08-16,0.6016,76.399831,-68.266661,0.5824
2018-08-17,0.6216,76.399834,-68.266663,0.5275
2018-08-18,0.6398,76.399834,-68.266679,0.9138
2018-08-19,0.5493,76.399831,-68.266681,0.5882
2018-08-20,0.5245,76.399827,-68.266674,0.4948
2018-08-21,0.5066,76.399832,-68.266663,0.259
2018-08-22,0.5579,76.39983,-68.266654,0.7254
2018-08-23,0.6422,76.399827,-68.26666,0.7214
2018-08-24,0.5665,76.399829,-68.26666,0.3837
2018-08-25,0.5618,76.399832,-68.266659,0.0082
2018-08-26,0.5678,76.399829,-68.26664,0.282
2018-08-27,0.6538,76.399829,-68.26665,0.7028
2018-08-28,0.7893,76.399831,-68.266645,0.8181
2018-08-29,0.7589,76.399835,-68.266651,0.595
2018-08-30,0.7278,76.399837,-68.266652,0.1053
2018-08-31,0.7203,76.399833,-68.266662,0.1329
2018-09-01,0.7292,76.399829,-68.266655,0.4756
2018-09-02,0.7609,76.399834,-68.266652,0.6748
2019-05-01,0.8068,76.399839,-68.266715,0.3145
2019-05-02,0.7673,76.399838,-68.26673,0.4694
2019-05-03,0.8424,76.399838,-68.266735,0.8618
2019-05-04,0.6606,76.399836,-68.26674,0.3806
2019-05-05,0.7508,76.399834,-68.26674,0.1342
2019-05-06,0.7633,76.399833,-68.266742,0.2774
2019-05-07,0.8018,76.399837,-68.266745,0.752
2019-05-08,0.7997,76.399835,-68.266735,0.8159
2019-05-09,0.7291,76.399835,-68.266748,0.0899
2019-05-10,0.7425,76.39983,-68.266757,0.1925
2019-05-11,0.7301,76.399834,-68.266742,0.5202
2019-05-12,0.7432,76.399831,-68.266734,0.409
2019-05-13,0.7365,76.399829,-68.266754,0.4705
2019-05-14,0.7002,76.399832,-68.266743,0.0199
2019-05-15,0.6901,76.399833,-68.266747,0.0229
2019-05-16,0.713,76.399835,-68.266736,0.2622
2019-05-17,0.8307,76.399835,-68.266738,0.7997
2019-05-18,0.8108,76.399832,-68.266746,0.7203
2019-05-19,0.7671,76.399833,-68.266751,0.4748
2019-05-20,0.7977,76.399838,-68.266755,0.7947
2019-05-21,0.75,76.399839,-68.266749,0.3293
2019-05-22,0.7447,76.399838,-68.266754,0.4906
2019-05-23,0.7036,76.399835,-68.266754,0.218
2019-05-24,0.7012,76.399832,-68.266758,0.186
2019-05-25,0.7385,76.399833,-68.266754,0.4
2019-05-26,0.7419,76.399831,-68.266755,0.6729
2019-05-27,0.7112,76.399833,-68.266757,0.4604
2019-05-28,0.6746,76.399834,-68.266764,0.0286
2019-05-29,0.6761,76.399833,-68.266752,0.0499
2019-05-30,0.6689,76.399834,-68.266743,0.0022
2019-05-31,0.7102,76.399835,-68.266755,0.2404
2019-06-01,0.7643,76.399838,-68.26675,0.6975
2019-06-02,0.7544,76.399836,-68.266753,0.5415
2019-06-03,0.8015,76.399839,-68.266761,0.7482
2019-06-04,0.7624,76.399834,-68.266764,0.4589
2019-06-05,0.8012,76.399835,-68.266767,0.7191
2019-06-06,0.7789,76.399836,-68.266766,0.6508
2019-06-07,0.7178,76.399835,-68.266769,0.1824
2019-06-08,0.7047,76.39983,-68.266775,0.1542
2019-06-09,0.6887,76.399835,-68.266765,0.1076
2019-06-10,0.6622,76.399833,-68.266763,0.0477
2019-06-11,0.7184,76.399835,-68.266764,0.7391
2019-06-12,0.612,76.399829,-68.266776,0.5913
2019-06-13,0.4962,76.399833,-68.266764,0.2648
2019-06-14,0.3764,76.399834,-68.26678,0.4421
2019-06-15,0.4306,76.399836,-68.266758,0.6958
2019-06-16,0.4362,76.399837,-68.266757,0.6168
2019-06-17,0.3556,76.399832,-68.266757,0.2757
2019-06-18,0.4904,76.399832,-68.266777,0.7059
2019-06-19,0.8354,76.399834,-68.266766,0.9272
2019-06-20,0.8334,76.399834,-68.266779,0.7105
2019-06-21,0.8177,76.399834,-68.266767,0.7413
2019-06-22,0.8483,76.399832,-68.266765,0.8163
2019-06-23,0.8661,76.399833,-68.266771,0.8652
2019-06-24,0.8889,76.399832,-68.266784,0.8607
2019-06-25,0.8873,76.399832,-68.266778,0.9412
2019-06-26,0.814,76.399833,-68.266775,0.6292
2019-06-27,0.7162,76.399834,-68.266761,0.0617
2019-06-28,0.6691,76.399833,-68.266782,0.1713
2019-06-29,0.5104,76.399835,-68.266774,0.072
2019-06-30,0.3982,76.399836,-68.266764,0.0066
2019-07-01,0.3201,76.399834,-68.266776,0.0516
2019-07-02,0.2988,76.399833,-68.266788,0.0432
2019-07-03,0.3581,76.399833,-68.266784,0.0567
2019-07-04,0.3895,76.399831,-68.26679,0.1138
2019-07-05,0.4214,76.399833,-68.266792,0.1639
2019-07-06,0.3807,76.399834,-68.266788,0.6681
2019-07-07,0.3201,76.399835,-68.266786,0.6224
2019-07-08,0.3708,76.399835,-68.26678,0.9147
2019-07-09,0.3451,76.399832,-68.266795,0.6273
2019-07-10,0.3681,76.399832,-68.266801,0.3426
2019-07-11,0.3579,76.399831,-68.266792,0.2776
2019-07-12,0.2762,76.399832,-68.266787,0.613
2019-07-13,0.2858,76.399835,-68.266794,0.3066
2019-07-14,0.2629,76.399834,-68.266804,0.8222
2019-07-15,0.2674,76.399834,-68.266804,0.8389
2019-07-16,0.2653,76.399836,-68.266797,0.5389
2019-07-17,0.3238,76.399836,-68.266817,0.124
2019-07-18,0.2626,76.399835,-68.266824,0.7741
2019-07-19,0.2951,76.399833,-68.266844,0.6172
2019-07-20,0.2677,76.399834,-68.266838,0.9328
2019-07-21,0.2928,76.399839,-68.266832,0.8913
2019-07-22,0.2879,76.399835,-68.266832,0.8069
2019-07-23,0.2572,76.399835,-68.266831,0.5259
2019-07-24,0.2511,76.399833,-68.266834,0.6152
2019-07-25,0.2755,76.399833,-68.266843,0.1996
2019-07-26,0.3047,76.399837,-68.266838,0.0459
2019-07-27,0.2903,76.399837,-68.26683,0.0992
2019-07-28,0.3093,76.399838,-68.266829,0.4434
2019-07-29,0.3137,76.399838,-68.266824,0.1853
2019-07-30,0.2777,76.399837,-68.266838,0.1638
2019-07-31,0.2686,76.399836,-68.266834,0.4667
2019-08-01,0.2603,76.399832,-68.266851,0.4615
2019-08-02,0.2595,76.399833,-68.266855,0.3983
2019-08-03,0.3417,76.399834,-68.266856,0.0053
2019-08-04,0.3256,76.399831,-68.266866,0.3276
2019-08-05,0.299,76.399833,-68.266859,0.3727
2019-08-06,0.3181,76.399833,-68.266849,0.1542
2019-08-07,0.2924,76.39983,-68.266854,0.6409
2019-08-08,0.2665,76.39983,-68.266877,0.8103
2019-08-09,0.3001,76.399832,-68.26686,0.3717
2019-08-10,0.2896,76.399832,-68.266865,0.5052
2019-08-11,0.3313,76.399832,-68.266865,0.1614
2019-08-12,0.3353,76.399834,-68.266865,0.1291
2019-08-13,0.337,76.399832,-68.266864,0.1276
2019-08-14,0.351,76.39983,-68.266878,0.031
2019-08-15,0.3694,76.399831,-68.266876,0.0223
2019-08-16,0.3715,76.399831,-68.266868,0.076
2019-08-17,0.3875,76.399833,-68.266878,0.3329
2019-08-18,0.3284,76.399832,-68.266875,0.3779
2019-08-19,0.3438,76.399831,-68.266886,0.2347
2019-08-20,0.3378,76.399833,-68.266884,0.6391
2019-08-21,0.3603,76.399835,-68.266874,0.5438
2019-08-22,0.3642,76.39983,-68.266879,0.6411
2019-08-23,0.6191,76.399832,-68.266873,0.5456
2019-08-24,0.7639,76.399831,-68.266876,0.9196
2019-08-25,0.6564,76.399832,-68.266887,0.825
2019-08-26,0.6156,76.39983,-68.26688,0.5558
2019-08-27,0.6132,76.399833,-68.266877,0.8683
2019-08-28,0.7492,76.399834,-68.266874,0.8315
2019-08-29,0.635,76.399831,-68.266899,0.9754
2019-08-30,0.406,76.399833,-68.266888,0.6472
2019-08-31,0.3756,76.399828,-68.266888,0.3505
2019-09-01,0.3686,76.399826,-68.266886,0.0031
2019-09-02,0.3773,76.39983,-68.266883,0.0319
2019-09-03,0.3697,76.399831,-68.266889,0.4433
2019-09-04,0.4014,76.399829,-68.266886,0.0986
2019-09-05,0.4,76.399829,-68.266889,0.099
2019-09-06,0.4059,76.399831,-68.266878,0.4063
2020-05-01,0.7845,76.399842,-68.266947,0.433
2020-05-02,0.8064,76.399841,-68.266956,0.536
2020-05-03,0.7799,76.399841,-68.266965,0.4998
2020-05-04,0.782,76.399841,-68.266975,0.3501
2020-05-05,0.8137,76.399841,-68.266966,0.5141
2020-05-06,0.8467,76.399842,-68.266967,0.7788
2020-05-07,0.855,76.399843,-68.26697,0.7426
2020-05-08,0.8188,76.39984,-68.266969,0.5349
2020-05-09,0.7778,76.399841,-68.26697,0.1147
2020-05-10,0.7717,76.39984,-68.266962,0.1072
2020-05-11,0.7637,76.399842,-68.266964,0.0458
2020-05-12,0.7775,76.399841,-68.266974,0.213
2020-05-13,0.7693,76.39984,-68.266977,0.226
2020-05-14,0.8592,76.399839,-68.266972,0.7522
2020-05-15,0.8153,76.39984,-68.266975,0.6599
2020-05-16,0.741,76.39984,-68.266975,0.4899
2020-05-17,0.7466,76.39984,-68.266974,0.0058
2020-05-18,0.7517,76.399841,-68.266972,0.0806
2020-05-19,0.7536,76.399844,-68.266967,0.1636
2020-05-20,0.8233,76.399843,-68.266973,0.6749
2020-05-21,0.7507,76.399839,-68.266978,0.1086
2020-05-22,0.7414,76.39984,-68.266987,0.0518
2020-05-23,0.7923,76.399837,-68.26697,0.3933
2020-05-24,0.7397,76.399842,-68.266976,0.0697
2020-05-25,0.7413,76.39984,-68.266974,0.119
2020-05-26,0.8081,76.399843,-68.266974,0.5738
2020-05-27,0.806,76.39984,-68.266985,0.5658
2020-05-28,0.7247,76.399837,-68.266979,0.3637
2020-05-29,0.7576,76.399839,-68.266975,0.057
2020-05-30,0.7547,76.39984,-68.266971,0.0459
2020-05-31,0.7658,76.39984,-68.266978,0.2228
2020-06-01,0.8847,76.399841,-68.266981,0.8166
2020-06-02,0.8473,76.399841,-68.266973,0.8301
2020-06-03,0.8358,76.399842,-68.266982,0.8126
2020-06-04,0.8545,76.399841,-68.266981,0.4471
2020-06-05,0.7973,76.39984,-68.266987,0.1537
2020-06-06,0.7853,76.399842,-68.266974,0.0218
2020-06-07,0.7737,76.39984,-68.26698,0.0068
2020-06-08,0.7715,76.39984,-68.266974,0.0047
2020-06-09,0.7665,76.399842,-68.266977,0.0153
2020-06-10,0.7638,76.399843,-68.266977,0.0383
2020-06-11,0.8383,76.399839,-68.266973,0.4881
2020-06-12,0.7693,76.399839,-68.266976,0.5691
2020-06-13,0.7257,76.399841,-68.266977,0.0529
2020-06-14,0.6969,76.399839,-68.266982,0.0131
2020-06-15,0.7114,76.399837,-68.266979,0.1027
2020-06-16,0.7147,76.399839,-68.266988,0.2665
2020-06-17,0.7509,76.39984,-68.266984,0.3673
2020-06-18,0.7112,76.399841,-68.266987,0.1811
2020-06-19,0.7052,76.399842,-68.266982,0.0064
2020-06-20,0.6928,76.399843,-68.266987,0.0826
2020-06-21,0.6749,76.399842,-68.26699,0.0361
2020-06-22,0.8061,76.399841,-68.266996,0.749
2020-06-23,0.6893,76.399842,-68.267,0.5004
2020-06-24,0.6745,76.399842,-68.266996,0.0484
2020-06-25,0.6725,76.399841,-68.266987,0.1246
2020-06-26,0.6654,76.399842,-68.266997,0.1699
2020-06-27,0.6526,76.399844,-68.266985,0.0417
2020-06-28,0.6395,76.39984,-68.266983,0.0196
2020-06-29,0.6022,76.399837,-68.266994,0.0513
2020-06-30,0.6251,76.399839,-68.266991,0.1441
2020-07-01,0.6386,76.399838,-68.266999,0.0279
2020-07-02,0.6259,76.399838,-68.266987,0.1174
2020-07-03,0.5825,76.39984,-68.26698,0.0678
2020-07-04,0.5694,76.399839,-68.266984,0.296
2020-07-05,0.5389,76.399838,-68.266983,0.4366
2020-07-06,0.4917,76.399839,-68.266998,0.2047
2020-07-07,0.4846,76.399839,-68.266999,0.0736
2020-07-08,0.4593,76.399838,-68.267002,0.0878
2020-07-09,0.4359,76.399841,-68.266987,0.0547
2020-07-10,0.4183,76.399835,-68.266992,0.5499
2020-07-11,0.3059,76.399838,-68.266986,0.5988
2020-07-12,0.3894,76.39984,-68.266991,0.0555
2020-07-13,0.3883,76.39984,-68.266993,0.0846
2020-07-14,0.3745,76.399843,-68.266991,0.6245
2020-07-15,0.3406,76.399839,-68.267005,0.904
2020-07-16,0.2739,76.399842,-68.266985,0.6965
2020-07-17,0.2655,76.399843,-68.267006,0.8066
2020-07-18,0.2534,76.399841,-68.266999,0.4933
2020-07-19,0.2952,76.399843,-68.267008,0.5792
2020-07-20,0.2733,76.399836,-68.267023,0.5928
2020-07-21,0.2967,76.399835,-68.267026,0.3477
2020-07-22,0.3102,76.399838,-68.267018,0.0804
2020-07-23,0.3127,76.399841,-68.267013,0.1217
2020-07-24,0.3314,76.399836,-68.26703,0.052
2020-07-25,0.3516,76.399835,-68.267035,0.1317
2020-07-26,0.3266,76.399839,-68.267022,0.152
2020-07-27,0.3314,76.399841,-68.26702,0.0402
2020-07-28,0.3534,76.399838,-68.267026,0.1526
2020-07-29,0.3659,76.399838,-68.267029,0.0917
2020-07-30,0.3635,76.399837,-68.267023,0.1774
2020-07-31,0.3779,76.399837,-68.267041,0.114
2020-08-01,0.3654,76.399838,-68.267031,0.4641
2020-08-02,0.7283,76.399837,-68.267042,0.8716
2020-08-03,0.7641,76.399839,-68.267029,0.7829
2020-08-04,0.7568,76.399837,-68.267032,0.6524
2020-08-05,0.6759,76.399835,-68.267039,0.1544
2020-08-06,0.6249,76.399835,-68.267045,0.0725
2020-08-07,0.5452,76.399838,-68.267031,0.2514
2020-08-08,0.4729,76.399837,-68.267035,0.2381
2020-08-09,0.416,76.399835,-68.267043,0.1685
2020-08-10,0.4177,76.399836,-68.267035,0.0074
2020-08-11,0.4566,76.399841,-68.267019,0.2709
2020-08-12,0.4404,76.39984,-68.267021,0.3173
2020-08-13,0.4334,76.399836,-68.26703,0.6255
2020-08-14,0.3899,76.399836,-68.26703,0.7035
2020-08-15,0.3792,76.399841,-68.267032,0.2631
2020-08-16,0.4185,76.39984,-68.267034,0.0817
2020-08-17,0.4326,76.39984,-68.267033,0.5444
2020-08-18,0.2711,76.399837,-68.267035,0.7884
2020-08-19,0.2392,76.399837,-68.267048,0.9242
2020-08-20,0.2548,76.399835,-68.267062,0.8283
2020-08-21,0.3015,76.399836,-68.267057,0.5599
2020-08-22,0.3919,76.399836,-68.267039,0.3655
2020-08-25,0.9229,76.399835,-68.267036,0.9757
2020-08-26,0.8919,76.399833,-68.267046,0.9671
2020-08-27,0.8656,76.399834,-68.267038,0.9695
2020-08-28,0.817,76.399834,-68.267056,0.9699
2020-08-29,0.6916,76.399836,-68.267052,0.1267
2020-08-30,0.6845,76.399841,-68.267038,0.0722
2020-08-31,0.7145,76.399842,-68.267042,0.2896
2020-09-01,0.8158,76.399839,-68.267041,0.6861
2020-09-02,0.8229,76.399836,-68.267046,0.7786
2021-05-01,0.7719,76.399843,-68.267121,0.2972
2021-05-02,0.7283,76.399848,-68.267121,0.1406
2021-05-03,0.7255,76.399848,-68.267115,0.1565
2021-05-04,0.7183,76.399843,-68.267115,0.0391
2021-05-05,0.7282,76.399844,-68.267122,0.0885
2021-05-06,0.7228,76.39984,-68.267121,0.1681
2021-05-07,0.801,76.399842,-68.267127,0.6632
2021-05-08,0.7594,76.399841,-68.267128,0.4905
2021-05-09,0.7903,76.399842,-68.267132,0.7246
2021-05-10,0.7157,76.399842,-68.267141,0.439
2021-05-11,0.7982,76.399841,-68.26713,0.7235
2021-05-12,0.842,76.399846,-68.267132,0.8736
2021-05-13,0.842,76.399849,-68.267126,0.8324
2021-05-14,0.8274,76.399847,-68.267125,0.716
2021-05-15,0.7969,76.399847,-68.26713,0.6201
2021-05-16,0.8125,76.399845,-68.267131,0.6774
2021-05-17,0.8751,76.39985,-68.267128,0.7986
2021-05-18,0.8437,76.39985,-68.267122,0.5255
2021-05-19,0.8901,76.399846,-68.267127,0.9416
2021-05-20,0.8248,76.399843,-68.267133,0.6708
2021-05-21,0.7713,76.399843,-68.267135,0.2402
2021-05-22,0.8365,76.399842,-68.267139,0.4762
2021-05-23,0.7627,76.399846,-68.267144,0.2255
2021-05-24,0.7553,76.399846,-68.267139,0.0806
2021-05-25,0.7512,76.399846,-68.26714,0.0347
2021-05-26,0.7628,76.399843,-68.267139,0.1077
2021-05-27,0.7869,76.399843,-68.267128,0.283
2021-05-28,0.7203,76.399842,-68.267125,0.2799
2021-05-29,0.7531,76.399843,-68.267136,0.3607
2021-05-30,0.8431,76.399845,-68.267132,0.921
2021-05-31,0.8215,76.399845,-68.267134,0.8312
2021-06-01,0.8707,76.399844,-68.267137,0.901
2021-06-02,0.8638,76.399848,-68.267136,0.872
2021-06-03,0.7877,76.399847,-68.267134,0.4106
2021-06-04,0.7531,76.399841,-68.267135,0.2479
2021-06-05,0.7242,76.39984,-68.267133,0.0336
2021-06-06,0.6969,76.399844,-68.267132,0.0024
2021-06-07,0.6879,76.399844,-68.267145,0.0062
2021-06-08,0.6833,76.399844,-68.26714,0.0243
2021-06-09,0.6839,76.399842,-68.267143,0.0376
2021-06-10,0.6764,76.399845,-68.267135,0.0238
2021-06-11,0.6648,76.399842,-68.267142,0.0022
2021-06-12,0.6673,76.399847,-68.267138,0.026
2021-06-13,0.6638,76.399846,-68.267136,0.094
2021-06-14,0.6638,76.399844,-68.267141,0.0208
2021-06-15,0.6746,76.399846,-68.267132,0.1512
2021-06-16,0.7106,76.399844,-68.267136,0.7252
2021-06-17,0.6492,76.399843,-68.267131,0.0985
2021-06-18,0.6452,76.399845,-68.267134,0.015
2021-06-19,0.64,76.399844,-68.26715,0.0
2021-06-20,0.6339,76.399846,-68.267139,0.0017
2021-06-21,0.6424,76.399843,-68.267145,0.0417
2021-06-22,0.6601,76.399845,-68.267142,0.3362
2021-06-23,0.5972,76.399843,-68.26714,0.1922
2021-06-24,0.6822,76.399843,-68.267159,0.6136
2021-06-25,0.6186,76.399841,-68.267154,0.5685
2021-06-26,0.7265,76.399843,-68.267143,0.6907
2021-06-27,0.7074,76.399842,-68.267153,0.8461
2021-06-28,0.593,76.399845,-68.26715,0.2392
2021-06-29,0.5919,76.399845,-68.267142,0.5685
2021-06-30,0.6066,76.399845,-68.267132,0.8579
2021-07-01,0.7827,76.399844,-68.26714,0.8887
2021-07-02,0.7917,76.399845,-68.267147,0.6971
2021-07-03,0.7429,76.399844,-68.267144,0.2744
2021-07-04,0.7496,76.399844,-68.267144,0.5256
2021-07-05,0.7023,76.399842,-68.267144,0.1034
2021-07-06,0.7147,76.399845,-68.267157,0.2453
2021-07-07,0.6708,76.399846,-68.26715,0.29
2021-07-08,0.6797,76.399844,-68.267144,0.3671
2021-07-09,0.6575,76.399843,-68.267151,0.2341
2021-07-10,0.6371,76.399846,-68.267133,0.6219
2021-07-11,0.6067,76.399846,-68.267136,0.2508
2021-07-12,0.6379,76.399845,-68.267146,0.5189
2021-07-13,0.569,76.399847,-68.267143,0.7314
2021-07-14,0.6097,76.399843,-68.26716,0.9136
2021-07-15,0.7332,76.399843,-68.267164,0.8541
2021-07-16,0.8441,76.399846,-68.267158,0.9219
2021-07-17,0.907,76.399844,-68.267144,0.8968
2021-07-18,0.8657,76.399846,-68.267148,0.8343
2021-07-19,0.7431,76.399841,-68.267139,0.3893
2021-07-20,0.7614,76.399845,-68.267144,0.7625
2021-07-21,0.8192,76.399841,-68.267154,0.9315
2021-07-22,0.7782,76.399842,-68.26715,0.9002
2021-07-23,0.6871,76.399842,-68.267163,0.5689
2021-07-24,0.6635,76.399845,-68.267157,0.0665
2021-07-25,0.7253,76.399843,-68.26715,0.3344
2021-07-26,0.7252,76.399841,-68.26715,0.4502
2021-07-27,0.3387,76.399846,-68.267167,0.9033
2021-07-28,0.2705,76.399844,-68.267181,0.9643
2021-07-29,0.2806,76.399842,-68.267177,0.8549
2021-07-30,0.2907,76.399842,-68.267171,0.838
2021-07-31,0.2827,76.399842,-68.267154,0.5531
2021-08-01,0.3027,76.399842,-68.267168,0.6581
2021-08-02,0.3167,76.399844,-68.267175,0.4964
2021-08-03,0.3,76.399842,-68.267171,0.6793
2021-08-04,0.3279,76.39984,-68.267171,0.4019
2021-08-05,0.3696,76.399842,-68.267164,0.1229
2021-08-06,0.366,76.399844,-68.267174,0.1226
2021-08-07,0.345,76.39984,-68.267174,0.5636
2021-08-08,0.4346,76.399842,-68.267157,0.1696
2021-08-09,0.4428,76.399842,-68.267173,0.7506
2021-08-10,0.4498,76.399842,-68.267175,0.611
2021-08-11,0.3044,76.399846,-68.267198,0.9232
2021-08-12,0.3562,76.399843,-68.267189,0.4376
2021-08-13,0.4188,76.399844,-68.267173,0.0796
2021-08-14,0.305,76.399842,-68.267182,0.8713
2021-08-15,0.346,76.399844,-68.267202,0.9522
2021-08-16,0.3285,76.399843,-68.267188,0.9493
2021-08-17,0.2779,76.399842,-68.267201,0.7757
2021-08-18,0.3308,76.399841,-68.267202,0.4839
2021-08-19,0.3542,76.399839,-68.267194,0.1209
2021-08-20,0.3434,76.399841,-68.267194,0.1554
2021-08-21,0.3522,76.399844,-68.26719,0.7159
2021-08-22,0.3779,76.399845,-68.267181,0.3892
2021-08-23,0.3711,76.399843,-68.267184,0.0163
2021-08-24,0.3255,76.399844,-68.267175,0.7495
2021-08-25,0.4052,76.399844,-68.267193,0.9146
2021-08-26,0.7673,76.399843,-68.26717,0.8195
2021-08-27,0.7231,76.399846,-68.267189,0.7544
2021-08-28,0.7191,76.399841,-68.267199,0.8816
2021-08-29,0.6697,76.399845,-68.267198,0.8582
2021-08-30,0.6177,76.399845,-68.267207,0.2024
2021-08-31,0.6344,76.399844,-68.267203,0.2965
2021-09-01,0.6327,76.399845,-68.267199,0.4576
2021-09-03,0.7918,76.39984,-68.267204,0.757
2021-09-05,0.7767,76.399838,-68.267123,0.5266
2021-09-06,0.749,76.399837,-68.267116,0.3584
2022-05-01,0.7288,76.399845,-68.267232,0.1064
2022-05-02,0.7313,76.399839,-68.267248,0.0363
2022-05-03,0.7342,76.399841,-68.267262,0.0756
2022-05-04,0.7592,76.399843,-68.267243,0.7531
2022-05-05,0.7454,76.399845,-68.267248,0.6284
2022-05-06,0.7286,76.399841,-68.267241,0.185
2022-05-07,0.7736,76.399847,-68.26728,0.3049
2022-05-08,0.7799,76.399848,-68.267279,0.4065
2022-05-09,0.6777,76.399844,-68.267271,0.133
2022-05-10,0.6914,76.399844,-68.267245,0.1373
2022-05-11,0.6729,76.399838,-68.267226,0.4126
2022-05-12,0.7536,76.399842,-68.267248,0.2551
2022-05-13,0.749,76.399836,-68.267236,0.0
2022-05-14,0.7647,76.399839,-68.267224,0.0
2022-05-15,0.7094,76.399848,-68.267257,0.4579
2022-05-16,0.7138,76.399837,-68.267188,0.1409
2022-05-17,0.7114,76.399846,-68.267227,0.0057
2022-05-18,0.6919,76.399842,-68.267223,0.1709
2022-05-19,0.7065,76.399843,-68.267236,0.8971
2022-05-20,0.7468,76.399841,-68.267241,0.6089
2022-05-21,0.7005,76.399839,-68.26722,0.7563
2022-05-22,0.7157,76.399844,-68.267215,0.7574
2022-05-23,0.7461,76.399846,-68.267185,0.8879
2022-05-24,0.7097,76.399846,-68.267218,0.3071
2022-05-25,0.7453,76.399842,-68.267225,0.5945
2022-05-26,0.7008,76.399845,-68.267274,0.0746
2022-05-27,0.6999,76.399847,-68.267302,0.5506
2022-05-28,0.7412,76.399844,-68.267252,0.5864
2022-05-29,0.7113,76.39984,-68.267276,0.6029
2022-05-30,0.78,76.399839,-68.267268,0.7337
2022-05-31,0.7248,76.399853,-68.267248,0.3619
2022-06-01,0.7242,76.399844,-68.26725,0.0777
2022-06-02,0.7175,76.399846,-68.267256,0.9618
2022-06-03,0.7382,76.39985,-68.26727,0.9525
2022-06-04,0.833,76.399846,-68.267227,0.5252
2022-06-05,0.6723,76.399851,-68.267233,0.063
2022-06-06,0.7392,76.399836,-68.267221,0.7052
2022-06-07,0.7004,76.399831,-68.267206,0.4635
2022-06-08,0.7395,76.399827,-68.267197,0.949
2022-06-09,0.7826,76.399837,-68.267247,0.9329
2022-06-10,0.71,76.399842,-68.267231,0.5167
2022-06-11,0.7419,76.399838,-68.267221,0.8641
2022-06-12,0.7174,76.399837,-68.267224,0.6651
2022-06-13,0.683,76.39984,-68.26724,0.2188
2022-06-14,0.7104,76.399839,-68.267271,0.0608
2022-06-15,0.7556,76.399835,-68.267215,0.0933
2022-06-16,0.743,76.399837,-68.267244,0.125
2022-06-17,0.6878,76.399843,-68.267219,0.0
2022-06-18,0.6959,76.399844,-68.267234,0.0
2022-06-19,0.7125,76.399842,-68.267196,0.1532
2022-06-20,0.6745,76.399839,-68.267246,0.489
2022-06-21,0.6544,76.399843,-68.267256,0.4832
2022-06-22,0.7334,76.399842,-68.267268,0.3317
2022-06-23,0.6973,76.399847,-68.267261,0.0046
2022-06-24,0.668,76.399844,-68.267231,0.098
2022-06-25,0.6699,76.399846,-68.267254,0.4801
2022-06-26,0.6372,76.399843,-68.267256,0.7339
2022-06-27,0.5792,76.399844,-68.267234,0.4738
2022-06-28,0.4916,76.399844,-68.267234,0.0109
2022-06-29,0.4618,76.399842,-68.267222,0.0112
2022-06-30,0.4171,76.399851,-68.267256,0.1266
2022-07-01,0.4126,76.399846,-68.267243,0.3895
2022-07-02,0.3455,76.399843,-68.267269,0.3429
2022-07-03,0.5336,76.399848,-68.26725,0.9254
2022-07-04,0.5266,76.399848,-68.267262,0.3847
2022-07-05,0.3403,76.399846,-68.267266,0.0
2022-07-06,0.2681,76.399844,-68.267274,0.3172
2022-07-07,0.2478,76.399848,-68.267271,0.401
2022-07-08,0.2375,76.39985,-68.26725,0.0
2022-07-09,0.2899,76.39985,-68.267291,0.0702
2022-07-10,0.2947,76.39985,-68.267306,0.1738
2022-07-11,0.2934,76.399843,-68.267265,0.246
2022-07-12,0.284,76.399836,-68.267272,0.0579
2022-07-13,0.2268,76.399838,-68.267271,0.9117
2022-07-14,0.2308,76.399846,-68.267284,0.5539
2022-07-15,0.2252,76.399843,-68.267292,0.2783
2022-07-16,0.2464,76.399844,-68.267278,0.1036
2022-07-17,0.2495,76.399846,-68.267286,0.0077
2022-07-18,0.3039,76.399844,-68.267281,0.0001
2022-07-19,0.3325,76.399834,-68.267254,0.0246
2022-07-20,0.2699,76.399836,-68.267247,0.1583
2022-07-21,0.2222,76.399846,-68.26728,0.8747
2022-07-22,0.3501,76.399841,-68.267278,0.8788
2022-07-23,0.576,76.399844,-68.267299,0.9268
2022-07-24,0.3164,76.399841,-68.267296,0.9768
2022-07-25,0.3064,76.399839,-68.267334,0.2083
2022-07-26,0.3095,76.399846,-68.267306,0.0
2022-07-27,0.2689,76.399841,-68.267254,0.3266
2022-07-28,0.2899,76.399839,-68.26727,0.4103
2022-07-29,0.3601,76.399843,-68.267322,0.1092
2022-07-30,0.2338,76.399843,-68.267288,0.6714
2022-07-31,0.2224,76.399836,-68.267301,0.5497
2022-08-01,0.2678,76.399837,-68.267271,0.0234
2022-08-02,0.2435,76.399844,-68.267325,0.306
2022-08-03,0.2929,76.399844,-68.267264,0.1365
2022-08-04,0.2776,76.399836,-68.267282,0.0
2022-08-05,0.2848,76.39984,-68.267289,0.0
2022-08-06,0.3372,76.399843,-68.267328,0.0124
2022-08-07,0.3205,76.399834,-68.267297,0.0
2022-08-08,0.371,76.39984,-68.267288,0.0084
2022-08-09,0.369,76.399836,-68.267318,0.0414
2022-08-10,0.3447,76.399841,-68.267286,0.5691
2022-08-11,0.4326,76.399832,-68.267261,0.4245
2022-08-12,0.6449,76.399837,-68.267257,0.859
2022-08-13,0.4767,76.399848,-68.267302,0.8158
2022-08-14,0.2382,76.399838,-68.267291,0.7071
2022-08-15,0.1823,76.399848,-68.267286,0.6035
2022-08-16,0.2524,76.399844,-68.267307,0.2884
2022-08-17,0.1974,76.399856,-68.267311,0.8422
2022-08-18,0.2254,76.399844,-68.267312,0.9121
2022-08-19,0.2451,76.399845,-68.267328,0.7513
2022-08-20,0.3152,76.399852,-68.267317,0.0
2022-08-21,0.502,76.399846,-68.267302,0.5791
2022-08-22,0.5659,76.399848,-68.267329,0.2276
2022-08-23,0.5094,76.399846,-68.267324,0.0005
2022-08-24,0.5206,76.399849,-68.267343,0.5828
2022-08-25,0.3806,76.399845,-68.267327,0.0148
2022-08-26,0.3607,76.399844,-68.267335,0.4858
2022-08-27,0.4032,76.399837,-68.267336,0.1467
2022-08-28,0.4272,76.399841,-68.267342,0.3332
2022-08-29,0.4482,76.399845,-68.267346,0.4706
2022-08-30,0.4253,76.39985,-68.267338,0.0
2022-08-31,0.431,76.399842,-68.26734,0.0249
2022-09-01,0.651,76.399836,-68.267287,0.25
2022-09-02,0.5029,76.399835,-68.267296,0.7053
2022-09-03,0.2845,76.399832,-68.267268,0.8355
2022-09-04,0.3729,76.399841,-68.267322,0.883
2022-09-05,0.1795,76.399839,-68.267306,0.7862
2023-05-01,0.734,76.399849,-68.267358,0.3738
2023-05-02,0.7046,76.399846,-68.267366,0.5086
2023-05-03,0.7329,76.399843,-68.267362,0.8545
2023-05-04,0.7509,76.399844,-68.267355,0.8577
2023-05-05,0.7403,76.39985,-68.267363,0.3725
2023-05-06,0.6994,76.399841,-68.267347,0.0
2023-05-07,0.6952,76.399849,-68.26737,0.0
2023-05-08,0.6601,76.399852,-68.267368,0.3737
2023-05-09,0.7349,76.399847,-68.267369,0.6363
2023-05-10,0.675,76.399854,-68.267422,0.2165
2023-05-11,0.6984,76.399854,-68.267424,0.0
2023-05-12,0.6987,76.399854,-68.267411,0.0031
2023-05-13,0.6885,76.399855,-68.267415,0.0005
2023-05-14,0.6946,76.399852,-68.267406,0.0239
2023-05-15,0.694,76.399851,-68.267427,0.0
2023-05-16,0.7523,76.399846,-68.267412,0.1801
2023-05-17,0.7254,76.399847,-68.267402,0.9517
2023-05-18,0.7061,76.399843,-68.267398,0.3493
2023-05-19,0.6815,76.399846,-68.267418,0.1555
2023-05-20,0.7232,76.399853,-68.267445,0.3799
2023-05-21,0.7512,76.399848,-68.267424,0.8666
2023-05-22,0.7606,76.399837,-68.267442,0.7515
2023-05-23,0.7419,76.399837,-68.267341,0.4457
2023-05-24,0.712,76.399827,-68.267348,0.6467
2023-05-25,0.7272,76.399841,-68.267394,0.8449
2023-05-26,0.7608,76.399846,-68.267363,0.9516
2023-05-27,0.6976,76.399846,-68.26734,0.5957
2023-05-28,0.7114,76.39984,-68.26735,0.4296
2023-05-29,0.6905,76.399846,-68.267391,0.081
2023-05-30,0.688,76.399849,-68.267378,0.0
2023-05-31,0.6764,76.399848,-68.267385,0.0048
2023-06-01,0.7002,76.399835,-68.267431,0.0216
2023-06-02,0.6819,76.399842,-68.267433,0.0809
2023-06-03,0.6976,76.399836,-68.26742,0.2438
2023-06-04,0.6954,76.399855,-68.267438,0.0
2023-06-05,0.6942,76.399843,-68.267434,0.0006
2023-06-06,0.7419,76.39984,-68.26743,0.6697
2023-06-07,0.7458,76.399847,-68.267443,0.7218
2023-06-08,0.7142,76.399843,-68.26741,0.0707
2023-06-09,0.7347,76.39984,-68.267399,0.6934
2023-06-10,0.7099,76.399846,-68.267407,0.1713
2023-06-11,0.7141,76.399847,-68.267409,0.51
2023-06-12,0.6899,76.399846,-68.267426,0.2105
2023-06-13,0.7325,76.399845,-68.267405,0.3351
2023-06-14,0.7026,76.399842,-68.267421,0.1384
2023-06-15,0.7054,76.399846,-68.267434,0.0036
2023-06-16,0.6521,76.399849,-68.267418,0.1458
2023-06-17,0.723,76.39985,-68.267424,0.7803
2023-06-18,0.7261,76.39984,-68.267416,0.8515
2023-06-19,0.7455,76.399851,-68.26739,0.9507
2023-06-20,0.7488,76.39985,-68.267406,0.9024
2023-06-21,0.7278,76.399852,-68.267446,0.6651
2023-06-22,0.6677,76.399854,-68.267441,0.4417
2023-06-23,0.6665,76.399844,-68.2674,0.0286
2023-06-24,0.6529,76.399848,-68.267395,0.2582
2023-06-25,0.6496,76.399848,-68.26744,0.0523
2023-06-26,0.6187,76.399844,-68.267401,0.1295
2023-06-27,0.5133,76.399843,-68.267427,0.0694
2023-06-28,0.5778,76.399842,-68.267442,0.6072
2023-06-29,0.4845,76.399848,-68.267439,0.0727
2023-06-30,0.4539,76.399844,-68.267452,0.0
2023-07-01,0.4617,76.399844,-68.267417,0.1926
2023-07-02,0.6095,76.399844,-68.267426,0.5415
2023-07-03,0.4921,76.399844,-68.267429,0.0
2023-07-04,0.3752,76.399852,-68.267461,0.3842
2023-07-05,0.3255,76.399848,-68.267403,0.5147
2023-07-06,0.3131,76.399838,-68.267442,0.558
2023-07-07,0.2687,76.399835,-68.267419,0.6059
2023-07-08,0.5194,76.399849,-68.267469,0.4691
2023-07-09,0.3574,76.399844,-68.267411,0.549
2023-07-10,0.4633,76.399841,-68.267446,0.9392
2023-07-11,0.6572,76.399834,-68.267456,0.6316
2023-07-12,0.5329,76.39983,-68.267386,0.3687
2023-07-13,0.3674,76.39984,-68.2674,0.1099
2023-07-14,0.3211,76.399838,-68.267401,0.0038
2023-07-15,0.2648,76.399844,-68.267428,0.0246
2023-07-16,0.2441,76.399849,-68.267406,0.2477
2023-07-17,0.271,76.399841,-68.267441,0.5504
2023-07-18,0.3241,76.399842,-68.267451,0.0525
2023-07-19,0.3116,76.39984,-68.267435,0.0
2023-07-20,0.3135,76.399846,-68.267441,0.006
2023-07-21,0.2704,76.399844,-68.26746,0.0571
2023-07-22,0.2755,76.399847,-68.267432,0.8117
2023-07-23,0.2359,76.39984,-68.267392,0.1869
2023-07-24,0.2547,76.399838,-68.267456,0.6656
2023-07-25,0.2558,76.399843,-68.26749,0.127
2023-07-26,0.286,76.39984,-68.267464,0.1092
2023-07-27,0.2853,76.399847,-68.267452,0.0099
2023-07-28,0.279,76.399844,-68.267468,0.0407
2023-07-29,0.3028,76.399844,-68.267471,0.0512
2023-07-30,0.3118,76.399849,-68.267444,0.2508
2023-07-31,0.3234,76.399846,-68.26745,0.2674
2023-08-01,0.2797,76.399847,-68.267452,0.7686
2023-08-02,0.4355,76.399847,-68.267481,0.9974
2023-08-03,0.2646,76.399848,-68.267437,0.9401
2023-08-04,0.2356,76.399851,-68.267452,0.6926
2023-08-05,0.4777,76.399844,-68.267472,0.9676
2023-08-06,0.3591,76.399851,-68.267455,0.9454
2023-08-07,0.3215,76.399848,-68.26745,0.8954
2023-08-08,0.2727,76.399844,-68.267445,0.5327
2023-08-09,0.3115,76.399842,-68.267454,0.0064
2023-08-10,0.2731,76.39985,-68.267446,0.2116
2023-08-11,0.2951,76.399841,-68.267506,0.6334
2023-08-12,0.2006,76.399841,-68.267466,0.7128
2023-08-13,0.1978,76.399848,-68.267468,0.862
2023-08-14,0.3185,76.399839,-68.267412,0.2071
2023-08-15,0.2752,76.399834,-68.267389,0.1721
2023-08-16,0.2199,76.399834,-68.267436,0.8923
2023-08-17,0.2973,76.399838,-68.26747,0.1494
2023-08-18,0.3273,76.399846,-68.267495,0.0
2023-08-19,0.3031,76.399842,-68.267468,0.2946
2023-08-20,0.2154,76.399853,-68.267518,0.8998
2023-08-21,0.2131,76.399839,-68.267458,0.8722
2023-08-22,0.2287,76.399842,-68.2675,0.8869
2023-08-23,0.2436,76.399849,-68.26751,0.9324
2023-08-24,0.2315,76.399844,-68.26748,0.9359
2023-08-25,0.5157,76.399837,-68.267461,0.887
2023-08-26,0.4597,76.39984,-68.267499,0.6874
2023-08-27,0.3606,76.399849,-68.267519,0.5505
2023-08-28,0.3849,76.39985,-68.267486,0.339
2023-08-29,0.3834,76.399848,-68.267502,0.3214
2023-08-30,0.4487,76.399847,-68.267508,0.2611
2023-08-31,0.503,76.399852,-68.267516,0.3116
2023-09-01,0.5479,76.399844,-68.267471,0.346
2023-09-02,0.5342,76.399844,-68.26748,0.0709
2023-09-03,0.5865,76.39985,-68.267483,0.3468
2023-09-04,0.7089,76.399848,-68.267514,0.2618
2023-09-05,0.6758,76.399845,-68.267481,0.0778
