time,alb_UPE_L,lat_UPE_L,lon_UPE_L,cloud_UPE_L
2017-05-01,0.7409,72.893222,-54.295437,0.1614
2017-05-02,0.6619,72.893225,-54.29544,0.1715
2017-05-03,0.8566,72.893226,-54.295436,0.988
2017-05-04,0.724,72.893225,-54.295441,0.7673
2017-05-05,0.7713,72.893224,-54.295448,0.7073
2017-05-06,0.7194,72.893225,-54.295439,0.63
2017-05-07,0.7174,72.893229,-54.295448,0.9048
2017-05-08,0.8677,72.893228,-54.295455,0.9861
2017-05-09,0.7806,72.893226,-54.29545,0.9435
2017-05-10,0.7143,72.893226,-54.295441,0.368
2017-05-11,0.8318,72.893226,-54.295451,0.8649
2017-05-12,0.8224,72.893226,-54.295456,0.964
2017-05-13,0.7983,72.893227,-54.295449,0.7427
2017-05-14,0.7661,72.893228,-54.295454,0.4664
2017-05-15,0.741,72.893223,-54.295453,0.5672
2017-05-16,0.7558,72.893222,-54.295439,0.6737
2017-05-17,0.7765,72.893223,-54.295445,0.7966
2017-05-18,0.8624,72.893226,-54.295446,0.9156
2017-05-19,0.8327,72.893226,-54.295449,1.0
2017-05-20,0.896,72.893226,-54.29545,0.9927
2017-05-21,0.8301,72.893226,-54.295447,0.9484
2017-05-22,0.8389,72.893227,-54.295447,0.8951
2017-05-23,0.8066,72.893225,-54.295449,0.7022
2017-05-24,0.7517,72.893227,-54.295451,0.222
2017-05-25,0.7365,72.893226,-54.295455,0.5669
2017-05-26,0.6905,72.893226,-54.295451,0.5652
2017-05-27,0.8533,72.893225,-54.295448,0.921
2017-05-28,0.825,72.893228,-54.295453,0.9773
2017-05-29,0.8441,72.893227,-54.29545,0.9657
2017-05-30,0.761,72.893225,-54.295445,0.584
2017-05-31,0.7318,72.893224,-54.295448,0.3919
2017-06-01,0.6969,72.893226,-54.295448,0.2581
2017-06-02,0.6781,72.893224,-54.29545,0.3716
2017-06-03,0.7184,72.893224,-54.295452,0.5253
2017-06-04,0.6584,72.893225,-54.29545,0.5663
2017-06-05,0.7121,72.893226,-54.295449,0.6565
2017-06-06,0.7123,72.893223,-54.295447,0.8132
2017-06-07,0.7027,72.893224,-54.29545,0.9478
2017-06-08,0.6241,72.893224,-54.295445,0.6147
2017-06-09,0.6163,72.893228,-54.295455,0.8208
2017-06-10,0.6245,72.893225,-54.295456,0.3241
2017-06-11,0.6112,72.893226,-54.295461,0.3193
2017-06-12,0.6339,72.893225,-54.295454,0.7655
2017-06-13,0.5873,72.893224,-54.295451,0.4387
2017-06-14,0.6497,72.893224,-54.295454,0.7721
2017-06-15,0.6458,72.893224,-54.295456,0.9191
2017-06-16,0.6273,72.893227,-54.295462,0.3324
2017-06-17,0.6769,72.893227,-54.295465,0.9477
2017-06-18,0.6427,72.893227,-54.295455,0.8427
2017-06-19,0.6194,72.893226,-54.295455,0.2802
2017-06-20,0.6744,72.893226,-54.29546,0.9686
2017-06-21,0.6403,72.893228,-54.295465,0.9425
2017-06-22,0.6397,72.893229,-54.295451,0.7777
2017-06-23,0.6456,72.89323,-54.295459,0.6748
2017-06-24,0.6673,72.893226,-54.295465,0.8109
2017-06-25,0.6109,72.893229,-54.295467,0.8699
2017-06-26,0.634,72.893226,-54.295462,0.873
2017-06-27,0.6154,72.893228,-54.295459,0.753
2017-06-28,0.6678,72.893227,-54.295462,0.6392
2017-06-29,0.6854,72.893227,-54.295459,0.9981
2017-06-30,0.7163,72.893227,-54.295459,0.7722
2017-07-01,0.6612,72.893228,-54.295461,0.4983
2017-07-02,0.6334,72.893227,-54.295461,0.2125
2017-07-03,0.6374,72.893226,-54.295461,0.3208
2017-07-04,0.5833,72.893226,-54.295459,0.119
2017-07-05,0.6546,72.893228,-54.295453,0.4538
2017-07-06,0.6017,72.893229,-54.295452,0.187
2017-07-07,0.5942,72.89323,-54.295453,0.2907
2017-07-08,0.538,72.893231,-54.295465,0.2166
2017-07-09,0.5601,72.893229,-54.295469,0.2947
2017-07-10,0.5854,72.893227,-54.295462,0.3787
2017-07-11,0.5982,72.893227,-54.295469,0.9227
2017-07-12,0.5886,72.893226,-54.29547,0.8446
2017-07-13,0.5291,72.893227,-54.295465,0.4704
2017-07-14,0.5448,72.893227,-54.295464,0.443
2017-07-15,0.5103,72.893227,-54.295468,0.2099
2017-07-16,0.5551,72.893225,-54.295468,0.3107
2017-07-17,0.6145,72.89323,-54.295473,0.9818
2017-07-18,0.559,72.89323,-54.295464,0.5441
2017-07-19,0.5669,72.893227,-54.295465,0.5063
2017-07-20,0.5505,72.893227,-54.295473,0.8862
2017-07-21,0.5592,72.893229,-54.295469,0.7897
2017-07-22,0.5243,72.893227,-54.29547,0.2651
2017-07-23,0.5327,72.893225,-54.29547,0.1769
2017-07-24,0.5285,72.893228,-54.295469,0.1512
2017-07-25,0.5074,72.893224,-54.295473,0.374
2017-07-26,0.5011,72.893228,-54.295482,0.4808
2017-07-27,0.489,72.893229,-54.295476,0.2769
2017-07-28,0.483,72.893225,-54.295476,0.3158
2017-07-29,0.5438,72.893228,-54.295477,0.7487
2017-07-30,0.4981,72.893229,-54.295471,0.5167
2017-07-31,0.4889,72.893229,-54.295481,0.405
2017-08-01,0.5623,72.89323,-54.295483,0.8743
2017-08-02,0.5513,72.89323,-54.295486,0.9954
2017-08-03,0.5331,72.89323,-54.295477,0.8034
2017-08-04,0.5528,72.89323,-54.295476,0.2563
2017-08-05,0.5504,72.89323,-54.295475,0.4336
2017-08-06,0.5534,72.893232,-54.29548,0.7164
2017-08-07,0.5456,72.893228,-54.295482,0.2956
2017-08-08,0.5461,72.893229,-54.295477,0.4603
2017-08-09,0.6357,72.893229,-54.29548,0.9268
2017-08-10,0.5066,72.89323,-54.29548,0.5032
2017-08-11,0.4986,72.89323,-54.295487,0.5287
2017-08-12,0.5261,72.89323,-54.295486,0.267
2017-08-13,0.541,72.893231,-54.295484,0.3108
2017-08-14,0.5192,72.893232,-54.295478,0.314
2017-08-15,0.5921,72.893229,-54.295478,0.8552
2017-08-16,0.5468,72.89323,-54.295476,0.9953
2017-08-17,0.5816,72.893228,-54.295481,0.8203
2017-08-18,0.5761,72.893229,-54.295482,0.7214
2017-08-19,0.4994,72.893229,-54.295478,0.2382
2017-08-20,0.5196,72.893229,-54.295481,0.4947
2017-08-21,0.4965,72.893231,-54.29548,0.4088
2017-08-22,0.5526,72.893229,-54.295479,0.4128
2017-08-23,0.5461,72.893228,-54.295482,0.6741
2017-08-24,0.5191,72.893231,-54.295479,0.4015
2017-08-25,0.5544,72.893233,-54.29548,0.1225
2017-08-26,0.5548,72.893229,-54.295491,0.0809
2017-08-27,0.5502,72.89323,-54.295484,0.2042
2017-08-28,0.5865,72.89323,-54.295486,0.9173
2017-08-29,0.5811,72.893231,-54.295486,0.9484
2017-08-30,0.5198,72.89323,-54.295487,0.8229
2017-08-31,0.5477,72.893228,-54.295492,0.9152
2017-09-01,0.5312,72.893229,-54.29549,0.5797
2017-09-02,0.5409,72.89323,-54.295487,0.2992
2017-09-03,0.7776,72.893231,-54.295492,0.8383
2017-09-04,0.6778,72.893229,-54.295489,0.3401
2017-09-05,0.6866,72.89323,-54.295489,0.0895
2017-09-06,0.69,72.89323,-54.295489,0.2251
2017-09-07,0.6777,72.893232,-54.295496,0.1459
2017-09-08,0.6712,72.89323,-54.295487,0.0566
2017-09-09,0.6844,72.89323,-54.295489,0.4415
2017-09-10,0.5391,72.893227,-54.295485,0.8171
2017-09-11,0.7821,72.893227,-54.295483,0.8888
2017-09-12,0.7937,72.893232,-54.295484,0.766
2017-09-13,0.7709,72.893232,-54.295483,0.4693
2017-09-14,0.7435,72.893232,-54.295493,0.3182
2017-09-15,0.7845,72.893231,-54.295492,0.9736
2018-05-01,0.7996,72.893232,-54.295515,0.1312
2018-05-02,0.7927,72.893231,-54.295512,0.2937
2018-05-03,0.8124,72.893234,-54.295513,0.4787
2018-05-04,0.8478,72.893234,-54.295517,0.8002
2018-05-05,0.8254,72.893235,-54.295514,0.4603
2018-05-06,0.8008,72.893232,-54.295515,0.5081
2018-05-07,0.8078,72.893231,-54.295518,0.4208
2018-05-08,0.7963,72.89323,-54.29552,0.2525
2018-05-09,0.7869,72.89323,-54.295518,0.1615
2018-05-10,0.7826,72.893234,-54.295518,0.1464
2018-05-11,0.7838,72.893233,-54.295526,0.2714
2018-05-12,0.7776,72.893231,-54.295525,0.4339
2018-05-13,0.7718,72.893234,-54.295536,0.3016
2018-05-14,0.768,72.893229,-54.295524,0.2421
2018-05-15,0.7932,72.893231,-54.295516,0.723
2018-05-16,0.7921,72.893229,-54.295514,0.788
2018-05-17,0.7766,72.893231,-54.295523,0.7147
2018-05-18,0.766,72.893233,-54.295519,0.5665
2018-05-19,0.8053,72.893232,-54.295517,0.8339
2018-05-20,0.8172,72.89323,-54.295517,0.8971
2018-05-21,0.7904,72.893231,-54.295519,0.777
2018-05-22,0.7545,72.893228,-54.29552,0.1701
2018-05-23,0.7212,72.89323,-54.295522,0.3845
2018-05-24,0.8402,72.89323,-54.295521,0.9591
2018-05-25,0.8369,72.893232,-54.295516,0.8778
2018-05-26,0.7903,72.89323,-54.295517,0.8639
2018-05-27,0.8708,72.89323,-54.295519,0.9399
2018-05-28,0.8315,72.893229,-54.295522,0.6123
2018-05-29,0.7857,72.893228,-54.295521,0.3645
2018-05-30,0.7873,72.893227,-54.295517,0.7296
2018-05-31,0.8572,72.89323,-54.295517,0.6948
2018-06-01,0.822,72.89323,-54.295517,0.8042
2018-06-02,0.7931,72.89323,-54.295522,0.3318
2018-06-03,0.7532,72.893231,-54.295526,0.1766
2018-06-04,0.7439,72.893229,-54.295516,0.2322
2018-06-05,0.7734,72.893229,-54.295523,0.8421
2018-06-06,0.7467,72.893228,-54.29552,0.9055
2018-06-07,0.7731,72.893233,-54.29552,0.9409
2018-06-08,0.8279,72.893228,-54.295524,0.9303
2018-06-09,0.7297,72.89323,-54.295524,0.9778
2018-06-10,0.732,72.893229,-54.295522,0.8038
2018-06-11,0.7211,72.89323,-54.29552,0.8422
2018-06-12,0.7577,72.893232,-54.295523,0.873
2018-06-13,0.7406,72.893229,-54.295523,0.7353
2018-06-14,0.6972,72.893229,-54.295521,0.5365
2018-06-15,0.645,72.893224,-54.29552,0.089
2018-06-16,0.6729,72.893229,-54.295523,0.3345
2018-06-17,0.6509,72.893229,-54.295516,0.4033
2018-06-18,0.6275,72.893226,-54.295523,0.6909
2018-06-19,0.6189,72.893228,-54.29552,0.7604
2018-06-20,0.5966,72.893228,-54.295527,0.6541
2018-06-21,0.6039,72.893225,-54.295524,0.5648
2018-06-22,0.6082,72.893229,-54.295529,0.7373
2018-06-23,0.583,72.893228,-54.295525,0.352
2018-06-24,0.6222,72.893227,-54.295527,0.9506
2018-06-25,0.6153,72.893227,-54.29553,0.864
2018-06-26,0.6119,72.893231,-54.295531,0.7648
2018-06-27,0.5623,72.893229,-54.295532,0.1428
2018-06-28,0.4755,72.893231,-54.295529,0.0306
2018-06-29,0.5352,72.89323,-54.295539,0.5142
2018-06-30,0.5835,72.893228,-54.295524,0.6485
2018-07-01,0.6727,72.893228,-54.295531,0.6802
2018-07-02,0.5796,72.893231,-54.29553,0.1339
2018-07-03,0.5762,72.893229,-54.295535,0.4051
2018-07-04,0.5748,72.893231,-54.295529,0.6087
2018-07-05,0.6252,72.893231,-54.295538,0.8406
2018-07-06,0.5856,72.893231,-54.295533,0.762
2018-07-07,0.574,72.893232,-54.295533,0.4378
2018-07-08,0.5649,72.89323,-54.295531,0.1367
2018-07-09,0.5699,72.893232,-54.295535,0.4872
2018-07-10,0.5735,72.893231,-54.295536,0.7637
2018-07-11,0.5736,72.893233,-54.295532,0.9109
2018-07-12,0.5532,72.893232,-54.295529,0.8375
2018-07-13,0.591,72.893228,-54.295528,0.8198
2018-07-14,0.547,72.893229,-54.295531,0.6743
2018-07-15,0.5916,72.893231,-54.295527,0.8202
2018-07-16,0.5404,72.893235,-54.295534,0.997
2018-07-17,0.5572,72.893229,-54.295526,0.9945
2018-07-18,0.568,72.893231,-54.295527,0.6185
2018-07-19,0.5517,72.893233,-54.29553,0.0771
2018-07-20,0.5336,72.893234,-54.295538,0.1562
2018-07-21,0.5304,72.893234,-54.295535,0.448
2018-07-22,0.5943,72.893234,-54.295527,0.868
2018-07-23,0.5457,72.893235,-54.295537,0.7499
2018-07-24,0.5331,72.893232,-54.295539,0.5235
2018-07-25,0.584,72.893234,-54.295537,0.9358
2018-07-26,0.5457,72.893234,-54.295534,0.9692
2018-07-27,0.5557,72.893231,-54.29553,0.901
2018-07-28,0.536,72.893235,-54.295534,0.7251
2018-07-29,0.5347,72.893237,-54.295541,0.3713
2018-07-30,0.4977,72.893234,-54.295539,0.8411
2018-07-31,0.4917,72.893232,-54.295539,0.2149
2018-08-01,0.4997,72.893232,-54.295538,0.756
2018-08-02,0.5554,72.893232,-54.295541,0.9689
2018-08-03,0.5267,72.893233,-54.295545,0.8197
2018-08-04,0.5119,72.893228,-54.295543,0.647
2018-08-05,0.5012,72.89323,-54.295543,0.4065
2018-08-06,0.5334,72.893229,-54.295536,0.4687
2018-08-07,0.5983,72.893231,-54.295537,0.9566
2018-08-08,0.5917,72.893234,-54.295538,0.9893
2018-08-09,0.5808,72.893231,-54.29554,0.9757
2018-08-10,0.516,72.893231,-54.295544,0.6186
2018-08-11,0.5254,72.893231,-54.295547,0.7066
2018-08-12,0.5609,72.893231,-54.295542,0.7511
2018-08-13,0.5256,72.893233,-54.295536,0.4601
2018-08-14,0.5539,72.893231,-54.295541,0.2002
2018-08-15,0.5598,72.893231,-54.295543,0.4824
2018-08-16,0.527,72.893231,-54.295544,0.1636
2018-08-17,0.5641,72.89323,-54.295545,0.4748
2018-08-18,0.5988,72.893233,-54.295542,0.9219
2018-08-19,0.5552,72.893232,-54.295543,0.7913
2018-08-20,0.5864,72.893233,-54.295548,0.884
2018-08-21,0.5186,72.893231,-54.295542,0.2916
2018-08-22,0.5895,72.893232,-54.295542,0.736
2018-08-23,0.5652,72.893232,-54.295549,0.5307
2018-08-24,0.5408,72.893232,-54.29555,0.0522
2018-08-25,0.6185,72.893232,-54.295551,0.3979
2018-08-26,0.556,72.893234,-54.295542,0.7561
2018-08-27,0.6152,72.893233,-54.295544,0.8477
2018-08-28,0.6214,72.893235,-54.295549,0.9646
2018-08-29,0.5691,72.893235,-54.295547,0.2648
2018-08-30,0.5772,72.893235,-54.295548,0.2338
2018-08-31,0.6436,72.893234,-54.29554,0.6669
2018-09-01,0.6132,72.893232,-54.295543,0.791
2018-09-02,0.5875,72.893234,-54.295544,0.2956
2018-09-03,0.5894,72.893237,-54.295548,0.3646
2018-09-04,0.5855,72.893236,-54.295543,0.1396
2018-09-05,0.5597,72.893234,-54.295541,0.011
2018-09-06,0.5625,72.893236,-54.295542,0.1292
2018-09-07,0.5547,72.893233,-54.295543,0.558
2018-09-08,0.55,72.893236,-54.295545,0.6873
2018-09-09,0.5825,72.893234,-54.295545,0.5688
2019-05-01,0.5599,72.893231,-54.295565,0.1216
2019-05-02,0.6007,72.893236,-54.295573,0.2934
2019-05-03,0.7261,72.893237,-54.295566,0.8815
2019-05-04,0.6444,72.893238,-54.295565,0.4097
2019-05-05,0.614,72.893233,-54.295567,0.2727
2019-05-06,0.5607,72.893231,-54.295559,0.5266
2019-05-07,0.5942,72.893231,-54.295559,0.4413
2019-05-08,0.7046,72.893231,-54.295556,0.9495
2019-05-09,0.7606,72.893233,-54.29556,0.8424
2019-05-10,0.7299,72.893232,-54.295564,0.8356
2019-05-11,0.7031,72.893229,-54.295567,0.3035
2019-05-12,0.6828,72.893232,-54.295568,0.1072
2019-05-13,0.6167,72.893231,-54.29557,0.0246
2019-05-14,0.6209,72.893233,-54.295571,0.0889
2019-05-15,0.6082,72.893232,-54.295568,0.2185
2019-05-16,0.6366,72.893233,-54.295567,0.6944
2019-05-17,0.8056,72.893234,-54.29557,0.9729
2019-05-18,0.7888,72.893234,-54.295567,0.9705
2019-05-19,0.7481,72.893234,-54.29556,0.9171
2019-05-20,0.7394,72.893234,-54.295564,0.6225
2019-05-21,0.6691,72.893232,-54.295567,0.2184
2019-05-22,0.7077,72.893233,-54.295565,0.856
2019-05-23,0.6373,72.893231,-54.295566,0.2496
2019-05-24,0.6068,72.893231,-54.295563,0.1883
2019-05-25,0.594,72.893231,-54.295561,0.1266
2019-05-26,0.6353,72.89323,-54.295566,0.6168
2019-05-27,0.6586,72.893231,-54.295566,0.8123
2019-05-28,0.6029,72.893232,-54.295569,0.134
2019-05-29,0.6074,72.893233,-54.295569,0.1432
2019-05-30,0.6155,72.893233,-54.295572,0.1792
2019-05-31,0.6327,72.893233,-54.295574,0.6451
2019-06-01,0.6513,72.893235,-54.295575,0.7358
2019-06-02,0.688,72.893233,-54.295568,0.6124
2019-06-03,0.631,72.893235,-54.295566,0.3046
2019-06-04,0.6384,72.893233,-54.295571,0.8947
2019-06-05,0.5968,72.893233,-54.295574,0.6463
2019-06-06,0.5731,72.893234,-54.295567,0.2614
2019-06-07,0.59,72.893234,-54.295572,0.5296
2019-06-08,0.5983,72.893231,-54.295566,0.9226
2019-06-09,0.6033,72.893232,-54.295565,0.8802
2019-06-10,0.6179,72.89323,-54.295574,0.683
2019-06-11,0.5047,72.89323,-54.295569,0.0661
2019-06-12,0.4995,72.893231,-54.295576,0.0947
2019-06-13,0.5403,72.893232,-54.295569,0.4035
2019-06-14,0.5811,72.893233,-54.295575,0.6221
2019-06-15,0.5914,72.893234,-54.295568,0.9923
2019-06-16,0.5676,72.893235,-54.295572,0.526
2019-06-17,0.5938,72.893235,-54.29557,0.1709
2019-06-18,0.6142,72.893232,-54.295573,0.75
2019-06-19,0.6228,72.893235,-54.295578,0.7279
2019-06-20,0.6094,72.893236,-54.295576,0.9856
2019-06-21,0.6013,72.893236,-54.295574,0.9993
2019-06-22,0.7219,72.893234,-54.295569,0.9961
2019-06-23,0.6991,72.893233,-54.295573,0.9645
2019-06-24,0.6114,72.893231,-54.29557,0.6535
2019-06-25,0.6442,72.893231,-54.295574,0.9353
2019-06-26,0.6151,72.893232,-54.295572,0.9925
2019-06-27,0.6587,72.893234,-54.295581,0.5884
2019-06-28,0.6073,72.893237,-54.29558,0.1182
2019-06-29,0.5933,72.893235,-54.295575,0.2912
2019-06-30,0.5689,72.893234,-54.295573,0.2021
2019-07-01,0.5989,72.893238,-54.295572,0.4948
2019-07-02,0.5823,72.893236,-54.295569,0.5379
2019-07-03,0.525,72.893237,-54.295573,0.1986
2019-07-04,0.5503,72.893234,-54.295577,0.2273
2019-07-05,0.5452,72.893234,-54.295581,0.3782
2019-07-06,0.5376,72.893231,-54.295571,0.5093
2019-07-07,0.5191,72.893232,-54.295579,0.1893
2019-07-08,0.5155,72.893233,-54.295581,0.3205
2019-07-09,0.5465,72.893233,-54.295583,0.3601
2019-07-10,0.538,72.893231,-54.295582,0.2081
2019-07-11,0.5283,72.893235,-54.295582,0.1788
2019-07-12,0.5054,72.893236,-54.295577,0.2013
2019-07-13,0.5083,72.893232,-54.295576,0.2188
2019-07-14,0.521,72.893235,-54.29557,0.1755
2019-07-15,0.5049,72.893234,-54.295582,0.1106
2019-07-16,0.4995,72.893236,-54.29558,0.099
2019-07-17,0.5082,72.893236,-54.295586,0.2744
2019-07-18,0.527,72.893234,-54.295591,0.7473
2019-07-19,0.53,72.893234,-54.295579,0.9753
2019-07-20,0.565,72.893236,-54.295588,0.9562
2019-07-21,0.5731,72.893237,-54.295587,0.9663
2019-07-22,0.4979,72.893233,-54.295586,0.7861
2019-07-23,0.4911,72.893233,-54.295586,0.224
2019-07-24,0.48,72.893237,-54.295599,0.1323
2019-07-25,0.4823,72.893233,-54.295589,0.119
2019-07-26,0.4684,72.893236,-54.295591,0.0885
2019-07-27,0.5137,72.893234,-54.295583,0.2466
2019-07-28,0.5125,72.893236,-54.295583,0.276
2019-07-29,0.5061,72.893236,-54.295585,0.1997
2019-07-30,0.484,72.893239,-54.295582,0.2718
2019-07-31,0.4759,72.893236,-54.295589,0.2978
2019-08-01,0.4811,72.893233,-54.295594,0.4387
2019-08-02,0.4743,72.893238,-54.29559,0.2516
2019-08-03,0.49,72.893236,-54.295596,0.2291
2019-08-04,0.5123,72.893234,-54.295588,0.2472
2019-08-05,0.5419,72.893234,-54.295593,0.2135
2019-08-06,0.5492,72.893238,-54.295587,0.2159
2019-08-07,0.5254,72.893236,-54.295586,0.175
2019-08-08,0.5493,72.893235,-54.295596,0.2082
2019-08-09,0.5607,72.893237,-54.295592,0.1951
2019-08-10,0.5398,72.893238,-54.295593,0.1929
2019-08-11,0.5295,72.893237,-54.295592,0.1537
2019-08-12,0.529,72.893238,-54.295597,0.1057
2019-08-13,0.5321,72.893238,-54.295589,0.137
2019-08-14,0.548,72.893237,-54.295588,0.1128
2019-08-15,0.5146,72.893237,-54.295591,0.0873
2019-08-16,0.5351,72.893238,-54.295596,0.1617
2019-08-17,0.5338,72.893237,-54.295588,0.4372
2019-08-18,0.5529,72.893238,-54.295591,0.0865
2019-08-19,0.5551,72.893235,-54.295593,0.3579
2019-08-20,0.5847,72.893235,-54.295592,0.9081
2019-08-21,0.5558,72.893236,-54.295596,0.5932
2019-08-22,0.5444,72.893234,-54.295598,0.1164
2019-08-23,0.5419,72.893237,-54.295596,0.0806
2019-08-24,0.5428,72.893238,-54.295593,0.1513
2019-08-25,0.5409,72.893237,-54.295593,0.1831
2019-08-26,0.5679,72.893238,-54.295596,0.3552
2019-08-27,0.5742,72.893241,-54.295602,0.3668
2019-08-28,0.5713,72.89324,-54.295596,0.2729
2019-08-29,0.5312,72.893237,-54.295597,0.38
2019-08-30,0.5023,72.893241,-54.2956,0.0198
2019-08-31,0.4948,72.893236,-54.295591,0.0121
2019-09-01,0.4933,72.893235,-54.295584,0.0059
2019-09-02,0.516,72.893235,-54.295584,0.0923
2019-09-03,0.5222,72.893237,-54.29559,0.3402
2019-09-04,0.5403,72.893233,-54.295588,0.2423
2019-09-05,0.5337,72.893235,-54.295583,0.4225
2019-09-06,0.5453,72.893235,-54.295586,0.0904
2020-05-01,0.8279,72.893235,-54.295596,0.6089
2020-05-02,0.8207,72.893236,-54.295601,0.7074
2020-05-03,0.8694,72.893234,-54.295599,0.94
2020-05-04,0.9549,72.893233,-54.295602,0.9606
2020-05-05,0.8218,72.893232,-54.295594,0.4528
2020-05-06,0.7984,72.893234,-54.295603,0.4027
2020-05-07,0.8283,72.893234,-54.295595,0.7903
2020-05-08,0.8443,72.893233,-54.295592,0.6021
2020-05-09,0.8649,72.893235,-54.295598,0.8277
2020-05-10,0.8077,72.893234,-54.295596,0.4188
2020-05-11,0.8319,72.893235,-54.295599,0.6419
2020-05-12,0.7593,72.893235,-54.295605,0.2805
2020-05-13,0.7462,72.893232,-54.295601,0.2655
2020-05-14,0.7656,72.893232,-54.295596,0.7537
2020-05-15,0.7792,72.893232,-54.295602,0.9421
2020-05-16,0.7398,72.893233,-54.295602,0.9606
2020-05-17,0.6919,72.893233,-54.295602,0.4054
2020-05-18,0.6638,72.893232,-54.295602,0.0741
2020-05-19,0.6501,72.893234,-54.295601,0.0854
2020-05-20,0.7151,72.893233,-54.295602,0.7589
2020-05-21,0.666,72.893233,-54.295605,0.0777
2020-05-22,0.6701,72.893233,-54.295599,0.1603
2020-05-23,0.7914,72.893232,-54.295599,0.9511
2020-05-24,0.8055,72.893234,-54.295601,0.9427
2020-05-25,0.7951,72.893233,-54.2956,0.9102
2020-05-26,0.8126,72.893235,-54.295602,0.8744
2020-05-27,0.7903,72.893233,-54.295601,0.7878
2020-05-28,0.7741,72.893232,-54.295596,0.6809
2020-05-29,0.7784,72.893232,-54.295602,0.7311
2020-05-30,0.7274,72.893235,-54.295607,0.3202
2020-05-31,0.7206,72.893234,-54.295608,0.4511
2020-06-01,0.759,72.893235,-54.295603,0.9376
2020-06-02,0.8287,72.893235,-54.295604,0.9999
2020-06-03,0.8305,72.893233,-54.295601,0.9261
2020-06-04,0.7586,72.893233,-54.295605,0.3671
2020-06-05,0.7332,72.893233,-54.295602,0.0829
2020-06-06,0.7226,72.893232,-54.295603,0.264
2020-06-07,0.7219,72.893233,-54.295606,0.7126
2020-06-08,0.707,72.893235,-54.295602,0.8922
2020-06-09,0.7143,72.893234,-54.295604,0.8956
2020-06-10,0.6949,72.893232,-54.295602,0.8811
2020-06-11,0.785,72.893231,-54.295602,0.9824
2020-06-12,0.7567,72.89323,-54.295598,0.6188
2020-06-13,0.6943,72.893233,-54.2956,0.2062
2020-06-14,0.666,72.893232,-54.295604,0.1995
2020-06-15,0.7265,72.893236,-54.295609,0.8791
2020-06-16,0.6932,72.893234,-54.295605,0.7508
2020-06-17,0.6563,72.893232,-54.295609,0.7412
2020-06-18,0.6364,72.893232,-54.29561,0.0821
2020-06-19,0.6128,72.893234,-54.295607,0.1017
2020-06-20,0.5639,72.893233,-54.295603,0.1264
2020-06-21,0.6064,72.893234,-54.29561,0.395
2020-06-22,0.5728,72.893233,-54.295608,0.1662
2020-06-23,0.6059,72.893234,-54.295601,0.2036
2020-06-24,0.6154,72.893234,-54.29561,0.6284
2020-06-25,0.6201,72.893235,-54.295613,0.8794
2020-06-26,0.5939,72.893234,-54.295604,0.3688
2020-06-27,0.6313,72.893237,-54.295612,0.5812
2020-06-28,0.5783,72.893233,-54.295611,0.152
2020-06-29,0.6106,72.893232,-54.295614,0.5101
2020-06-30,0.5671,72.893231,-54.295613,0.373
2020-07-01,0.5826,72.893234,-54.295611,0.1616
2020-07-02,0.5931,72.893234,-54.295614,0.2186
2020-07-03,0.5831,72.893235,-54.295618,0.3735
2020-07-04,0.5755,72.893233,-54.295615,0.611
2020-07-05,0.5856,72.893234,-54.295607,0.6287
2020-07-06,0.5583,72.893233,-54.295614,0.4428
2020-07-07,0.5337,72.893233,-54.295611,0.3624
2020-07-08,0.5473,72.893232,-54.295606,0.2825
2020-07-09,0.5075,72.893234,-54.295614,0.373
2020-07-10,0.5632,72.893234,-54.295607,0.8504
2020-07-11,0.5478,72.893233,-54.29561,0.5541
2020-07-12,0.577,72.893233,-54.295608,0.5838
2020-07-13,0.565,72.893233,-54.295619,0.8203
2020-07-14,0.5637,72.893236,-54.295613,0.8485
2020-07-15,0.5429,72.893236,-54.295621,0.8393
2020-07-16,0.5218,72.893239,-54.295626,0.439
2020-07-17,0.5287,72.893233,-54.295614,0.212
2020-07-18,0.5122,72.893234,-54.295616,0.1623
2020-07-19,0.5051,72.893235,-54.295619,0.1427
2020-07-20,0.5216,72.893233,-54.295619,0.16
2020-07-21,0.5498,72.893232,-54.295613,0.8257
2020-07-22,0.5055,72.893234,-54.29561,0.39
2020-07-23,0.5099,72.893233,-54.295612,0.2017
2020-07-24,0.5395,72.893233,-54.295618,0.7054
2020-07-25,0.5654,72.893232,-54.295619,0.8238
2020-07-26,0.5317,72.893234,-54.295624,0.7633
2020-07-27,0.5418,72.893234,-54.295617,0.2811
2020-07-28,0.5549,72.893234,-54.295623,0.5901
2020-07-29,0.5363,72.893236,-54.295624,0.8143
2020-07-30,0.5428,72.893237,-54.295622,0.6702
2020-07-31,0.531,72.893233,-54.295622,0.5297
2020-08-01,0.534,72.893234,-54.295615,0.0672
2020-08-02,0.5523,72.893236,-54.295622,0.0906
2020-08-03,0.5631,72.893232,-54.29562,0.7768
2020-08-04,0.5781,72.893235,-54.295616,0.9886
2020-08-05,0.5828,72.893232,-54.295621,0.9008
2020-08-06,0.5766,72.893235,-54.29562,0.9603
2020-08-07,0.5723,72.893233,-54.29562,0.709
2020-08-08,0.5691,72.893235,-54.295624,0.3337
2020-08-09,0.5406,72.893233,-54.295623,0.3642
2020-08-10,0.5621,72.893302,-54.295663,0.4718
2020-08-11,0.6031,72.893376,-54.295696,0.6495
2020-08-12,0.5986,72.893377,-54.295694,0.2552
2020-08-13,0.6215,72.893375,-54.295686,0.847
2020-08-14,0.5423,72.893377,-54.295694,0.2952
2020-08-15,0.5763,72.893377,-54.2957,0.1573
2020-08-16,0.5462,72.893377,-54.295693,0.0875
2020-08-17,0.5622,72.893374,-54.295703,0.3225
2020-08-18,0.5774,72.893376,-54.295697,0.9065
2020-08-19,0.5743,72.893375,-54.295694,0.8905
2020-08-20,0.5284,72.893371,-54.295695,0.5599
2020-08-21,0.535,72.893375,-54.295693,0.2068
2020-08-22,0.5662,72.893376,-54.295702,0.385
2020-08-23,0.565,72.893376,-54.295704,0.4887
2020-08-24,0.5976,72.893374,-54.295706,0.8734
2020-08-25,0.6162,72.893374,-54.2957,0.9048
2020-08-26,0.6002,72.893375,-54.295701,0.7923
2020-08-27,0.5529,72.893378,-54.295699,0.6117
2020-08-28,0.5244,72.893376,-54.295697,0.189
2020-08-29,0.5573,72.893377,-54.295695,0.0351
2020-08-30,0.5489,72.893376,-54.295693,0.1325
2020-08-31,0.5605,72.893377,-54.29569,0.6557
2020-09-01,0.6156,72.893375,-54.295693,0.9475
2020-09-02,0.6156,72.893373,-54.295702,0.8522
2020-09-03,0.5681,72.893376,-54.295699,0.3797
2020-09-04,0.5708,72.893376,-54.295695,0.0381
2020-09-05,0.5724,72.893377,-54.295695,0.1058
2020-09-06,0.606,72.893375,-54.295699,0.5189
2020-09-07,0.6474,72.893376,-54.295694,0.6472
2020-09-08,0.7445,72.893376,-54.295694,0.7161
2020-09-09,0.6153,72.893375,-54.295697,0.1127
2020-09-10,0.8524,72.893372,-54.295699,0.6684
2020-09-11,0.7857,72.893371,-54.295696,0.4686
2020-09-12,0.722,72.893372,-54.295697,0.4184
2020-09-13,0.8579,72.893372,-54.2957,0.7892
2020-09-14,0.6528,72.893375,-54.295694,0.2418
2021-05-01,0.6879,72.893372,-54.295717,0.0457
2021-05-02,0.649,72.893376,-54.29572,0.0235
2021-05-03,0.6095,72.893375,-54.295717,0.0042
2021-05-04,0.582,72.893372,-54.295712,0.0021
2021-05-05,0.5859,72.893374,-54.295716,0.0054
2021-05-06,0.6014,72.893374,-54.295717,0.3255
2021-05-07,0.7065,72.893374,-54.295712,0.8767
2021-05-08,0.8546,72.893374,-54.295717,0.8195
2021-05-09,0.8814,72.893373,-54.295708,0.9974
2021-05-10,0.9676,72.893376,-54.295722,0.9594
2021-05-11,0.8573,72.893372,-54.295711,0.6803
2021-05-12,0.8694,72.893375,-54.29572,0.8807
2021-05-13,0.8253,72.893374,-54.295718,0.462
2021-05-14,0.8216,72.893372,-54.295713,0.5809
2021-05-15,0.717,72.89337,-54.295721,0.1395
2021-05-16,0.7903,72.893372,-54.29571,0.7254
2021-05-17,0.83,72.893374,-54.295711,0.8694
2021-05-18,0.7473,72.893374,-54.295728,0.359
2021-05-19,0.634,72.893375,-54.295717,0.2472
2021-05-20,0.6725,72.893375,-54.29571,0.5656
2021-05-21,0.8194,72.893375,-54.295715,0.8999
2021-05-22,0.8386,72.893376,-54.295722,0.9311
2021-05-23,0.7454,72.893376,-54.29572,0.2413
2021-05-24,0.6519,72.893373,-54.295714,0.0177
2021-05-25,0.5746,72.89337,-54.295722,0.2244
2021-05-26,0.5913,72.893374,-54.295719,0.4114
2021-05-27,0.5626,72.893374,-54.295722,0.1792
2021-05-28,0.5797,72.893375,-54.295728,0.1232
2021-05-29,0.672,72.893373,-54.29572,0.5673
2021-05-30,0.8718,72.893372,-54.295724,0.9927
2021-05-31,0.8922,72.893373,-54.29572,0.9918
2021-06-01,0.8091,72.893371,-54.295723,0.7343
2021-06-02,0.7156,72.893374,-54.295723,0.0821
2021-06-03,0.6706,72.893375,-54.295718,0.0263
2021-06-04,0.6488,72.893375,-54.295722,0.1152
2021-06-05,0.5794,72.893375,-54.29572,0.0901
2021-06-06,0.5709,72.893376,-54.295725,0.1094
2021-06-07,0.5841,72.89338,-54.295731,0.1205
2021-06-08,0.5614,72.893375,-54.295732,0.1074
2021-06-09,0.6049,72.893378,-54.295735,0.2205
2021-06-10,0.6128,72.893378,-54.295738,0.2141
2021-06-11,0.6117,72.893376,-54.29574,0.1402
2021-06-12,0.6808,72.893376,-54.295735,0.8808
2021-06-13,0.6385,72.893376,-54.295734,0.8124
2021-06-14,0.6435,72.893376,-54.295731,0.7283
2021-06-15,0.6491,72.893376,-54.295726,0.5735
2021-06-16,0.6606,72.893374,-54.295725,0.4817
2021-06-17,0.6347,72.893376,-54.295734,0.1607
2021-06-18,0.6097,72.893378,-54.295734,0.0447
2021-06-19,0.6095,72.893377,-54.295733,0.0361
2021-06-20,0.6034,72.893379,-54.295726,0.0772
2021-06-21,0.6175,72.893379,-54.295734,0.2487
2021-06-22,0.5991,72.893381,-54.295747,0.0568
2021-06-23,0.5201,72.893375,-54.295736,0.0288
2021-06-24,0.6231,72.893377,-54.295738,0.9296
2021-06-25,0.6501,72.893378,-54.295735,0.9548
2021-06-26,0.5852,72.893374,-54.295736,0.6218
2021-06-27,0.5646,72.893374,-54.295748,0.4171
2021-06-28,0.6223,72.893374,-54.295749,0.6833
2021-06-29,0.6281,72.893374,-54.295747,0.9926
2021-06-30,0.7332,72.893374,-54.295744,0.9842
2021-07-01,0.63,72.893375,-54.295742,0.9072
2021-07-02,0.6394,72.893378,-54.295744,0.9714
2021-07-03,0.6361,72.893378,-54.295749,0.9863
2021-07-04,0.6345,72.893374,-54.295742,0.9272
2021-07-05,0.6665,72.893378,-54.295738,0.8441
2021-07-06,0.6661,72.893379,-54.295745,0.7739
2021-07-07,0.6753,72.893378,-54.295751,0.8069
2021-07-08,0.6595,72.893375,-54.29574,0.7618
2021-07-09,0.6171,72.893376,-54.295739,0.2073
2021-07-10,0.6028,72.893378,-54.295734,0.1999
2021-07-11,0.5861,72.893378,-54.295741,0.2728
2021-07-12,0.5824,72.893376,-54.295744,0.1353
2021-07-13,0.6319,72.893375,-54.295749,0.7168
2021-07-14,0.6354,72.893378,-54.29576,0.9875
2021-07-15,0.5749,72.893378,-54.295754,0.807
2021-07-16,0.6636,72.893375,-54.295746,0.8767
2021-07-17,0.5705,72.893379,-54.29575,0.9468
2021-07-18,0.5353,72.893374,-54.29575,0.5305
2021-07-19,0.5934,72.893373,-54.295752,0.8079
2021-07-20,0.588,72.893379,-54.295745,0.9646
2021-07-21,0.5701,72.893378,-54.29575,0.5821
2021-07-22,0.604,72.893377,-54.295748,0.7402
2021-07-23,0.6063,72.893375,-54.295754,0.8819
2021-07-24,0.5864,72.893378,-54.295759,0.9681
2021-07-25,0.5601,72.893376,-54.295756,0.4187
2021-07-26,0.6007,72.893373,-54.295756,0.8383
2021-07-27,0.5755,72.893375,-54.295758,0.8502
2021-07-28,0.5223,72.893374,-54.295763,0.6541
2021-07-29,0.5614,72.89337,-54.295757,0.7364
2021-07-30,0.5154,72.893375,-54.295761,0.3502
2021-07-31,0.5172,72.893373,-54.295765,0.2723
2021-08-01,0.5135,72.893373,-54.295761,0.282
2021-08-02,0.5088,72.893372,-54.295757,0.2126
2021-08-03,0.5443,72.893374,-54.29575,0.7378
2021-08-04,0.5229,72.893373,-54.29574,0.2268
2021-08-05,0.5274,72.893375,-54.295764,0.2087
2021-08-06,0.6231,72.893372,-54.295749,0.6319
2021-08-07,0.5739,72.893374,-54.295759,0.7122
2021-08-08,0.5645,72.893372,-54.295759,0.2973
2021-08-09,0.5844,72.893372,-54.295759,0.6697
2021-08-10,0.6042,72.893372,-54.295764,0.5862
2021-08-11,0.6073,72.893369,-54.295765,0.9284
2021-08-12,0.6238,72.893373,-54.295752,0.9387
2021-08-13,0.6257,72.893367,-54.295765,0.9462
2021-08-14,0.6133,72.893372,-54.295776,0.9768
2021-08-15,0.6123,72.893368,-54.295767,0.9567
2021-08-16,0.549,72.893366,-54.295774,0.9095
2021-08-17,0.4948,72.893368,-54.295761,0.6127
2021-08-18,0.5008,72.893369,-54.295761,0.2771
2021-08-19,0.579,72.893366,-54.295757,0.6382
2021-08-20,0.5383,72.893369,-54.295767,0.6544
2021-08-21,0.5551,72.893369,-54.295765,0.421
2021-08-22,0.5612,72.893368,-54.295762,0.3113
2021-08-23,0.5508,72.893369,-54.295762,0.4213
2021-08-24,0.5249,72.893373,-54.295774,0.412
2021-08-25,0.6302,72.893367,-54.295766,0.9023
2021-08-26,0.5892,72.893369,-54.295786,0.9197
2021-08-27,0.613,72.893365,-54.295775,0.9566
2021-08-28,0.5644,72.89337,-54.295785,0.9748
2021-08-29,0.5934,72.893369,-54.29577,0.8644
2021-08-30,0.5975,72.893369,-54.295767,0.7915
2021-08-31,0.6279,72.89337,-54.295766,0.4647
2021-09-01,0.6108,72.893368,-54.29578,0.4045
2021-09-02,0.5671,72.893368,-54.295767,0.0237
2021-09-03,0.6471,72.893365,-54.295764,0.559
2021-09-04,0.7375,72.893369,-54.295769,0.9539
2021-09-05,0.6716,72.893369,-54.295773,0.9116
2021-09-06,0.9126,72.89337,-54.295771,0.9549
2021-09-07,0.8537,72.893373,-54.29577,0.7392
2021-09-08,0.8679,72.893369,-54.295771,0.5945
2021-09-09,0.8108,72.893368,-54.295777,0.2802
2021-09-10,0.7503,72.89337,-54.295785,0.4806
2021-09-11,0.7236,72.893368,-54.295772,0.1131
2021-09-12,0.6046,72.893371,-54.295777,0.1102
2021-09-13,0.7492,72.89337,-54.295767,0.7276
2021-09-14,0.6092,72.893369,-54.295762,0.1507
2021-09-15,0.7199,72.893371,-54.295771,0.6458
2022-05-01,0.7728,72.893372,-54.295796,0.0538
2022-05-02,0.7626,72.893369,-54.295789,0.1638
2022-05-03,0.7615,72.893372,-54.295798,0.1783
2022-05-04,0.7464,72.89337,-54.295791,0.1872
2022-05-05,0.7828,72.89337,-54.295795,0.3791
2022-05-06,0.7547,72.893369,-54.295792,0.2048
2022-05-07,0.7553,72.893372,-54.295792,0.1707
2022-05-08,0.7544,72.893374,-54.295794,0.1273
2022-05-09,0.8304,72.893372,-54.295791,0.4841
2022-05-10,0.8321,72.89337,-54.295795,0.8251
2022-05-11,0.8168,72.893369,-54.295796,0.3928
2022-05-12,0.7667,72.893372,-54.295795,0.3218
2022-05-13,0.7832,72.893368,-54.295795,0.162
2022-05-14,0.7776,72.89337,-54.295805,0.1812
2022-05-15,0.7745,72.89337,-54.295809,0.264
2022-05-16,0.7657,72.893368,-54.295796,0.1835
2022-05-17,0.7498,72.893371,-54.295803,0.1811
2022-05-18,0.7604,72.893369,-54.295797,0.1861
2022-05-19,0.8292,72.893371,-54.295802,0.6463
2022-05-20,0.8521,72.89337,-54.295793,0.8899
2022-05-21,0.8374,72.89337,-54.295786,0.8227
2022-05-22,0.8697,72.89337,-54.295794,0.8356
2022-05-23,0.8873,72.893371,-54.295803,0.9176
2022-05-24,0.902,72.893371,-54.295808,0.8491
2022-05-25,0.8293,72.893368,-54.295798,0.6242
2022-05-26,0.8159,72.893369,-54.2958,0.2969
2022-05-27,0.8423,72.893371,-54.295801,0.651
2022-05-28,0.8656,72.89337,-54.2958,0.8459
2022-05-29,0.844,72.893372,-54.295803,0.8117
2022-05-30,0.8352,72.893372,-54.295805,0.8131
2022-05-31,0.8247,72.893369,-54.295798,0.8634
2022-06-01,0.7368,72.89337,-54.2958,0.4676
2022-06-02,0.7343,72.893372,-54.295804,0.2401
2022-06-03,0.7806,72.893372,-54.2958,0.7878
2022-06-04,0.7438,72.893375,-54.2958,0.5588
2022-06-05,0.7008,72.893374,-54.2958,0.0569
2022-06-06,0.6901,72.893374,-54.295799,0.0726
2022-06-07,0.6643,72.893373,-54.295796,0.2452
2022-06-08,0.767,72.893369,-54.295791,0.8932
2022-06-09,0.8482,72.893373,-54.295798,0.9422
2022-06-10,0.898,72.893378,-54.295798,0.9527
2022-06-11,0.7951,72.893373,-54.295798,0.6782
2022-06-12,0.7591,72.893372,-54.295796,0.425
2022-06-13,0.8304,72.893372,-54.295791,0.9576
2022-06-14,0.7741,72.893371,-54.295792,0.5545
2022-06-15,0.7435,72.893369,-54.295791,0.2325
2022-06-16,0.6797,72.893373,-54.2958,0.1135
2022-06-17,0.5931,72.893371,-54.295795,0.0458
2022-06-18,0.7037,72.893375,-54.295791,0.5997
2022-06-19,0.6087,72.893376,-54.295793,0.2146
2022-06-20,0.6106,72.893372,-54.295802,0.0928
2022-06-21,0.7179,72.893375,-54.2958,0.7681
2022-06-22,0.796,72.893375,-54.295795,0.9964
2022-06-23,0.7237,72.893373,-54.2958,0.6507
2022-06-24,0.7098,72.89337,-54.295795,0.6369
2022-06-25,0.6164,72.893374,-54.295802,0.6191
2022-06-26,0.5483,72.893374,-54.295799,0.2002
2022-06-27,0.5681,72.893373,-54.295788,0.161
2022-06-28,0.5799,72.893374,-54.295797,0.1719
2022-06-29,0.5942,72.893376,-54.295818,0.1244
2022-06-30,0.6411,72.893375,-54.295805,0.6114
2022-07-01,0.5965,72.893375,-54.295805,0.3768
2022-07-02,0.5864,72.893378,-54.295803,0.4065
2022-07-03,0.5878,72.893379,-54.295812,0.3805
2022-07-04,0.5904,72.893379,-54.295814,0.0864
2022-07-05,0.586,72.893374,-54.295814,0.1267
2022-07-06,0.5841,72.893374,-54.295803,0.1677
2022-07-07,0.5836,72.893374,-54.2958,0.2245
2022-07-08,0.5877,72.893374,-54.295801,0.4632
2022-07-09,0.5674,72.893375,-54.295818,0.1058
2022-07-10,0.5853,72.893376,-54.295811,0.1801
2022-07-11,0.592,72.893377,-54.29581,0.1876
2022-07-12,0.6035,72.893374,-54.2958,0.5162
2022-07-13,0.5842,72.89337,-54.295806,0.1965
2022-07-14,0.6082,72.893372,-54.295803,0.2915
2022-07-15,0.5119,72.89337,-54.295813,0.0487
2022-07-16,0.5207,72.893368,-54.295816,0.1111
2022-07-17,0.557,72.893373,-54.295807,0.1894
2022-07-18,0.579,72.893371,-54.295813,0.3027
2022-07-19,0.5604,72.893371,-54.295822,0.3464
2022-07-20,0.5536,72.893373,-54.29582,0.4904
2022-07-21,0.6037,72.893377,-54.295822,0.7425
2022-07-22,0.5837,72.893377,-54.295814,0.9089
2022-07-23,0.5564,72.893376,-54.295816,0.88
2022-07-24,0.5678,72.893374,-54.295823,0.872
2022-07-25,0.5572,72.893376,-54.295831,0.8114
2022-07-26,0.5583,72.893374,-54.29582,0.4679
2022-07-27,0.5982,72.893379,-54.295836,0.8924
2022-07-28,0.6012,72.893377,-54.295831,0.8852
2022-07-29,0.6366,72.893376,-54.295828,0.6093
2022-07-30,0.5459,72.893371,-54.29582,0.6219
2022-07-31,0.5162,72.893376,-54.295834,0.4077
2022-08-01,0.5206,72.893376,-54.295825,0.2175
2022-08-02,0.5535,72.893374,-54.295826,0.4267
2022-08-03,0.55,72.893373,-54.295824,0.3101
2022-08-04,0.5808,72.893372,-54.295829,0.4691
2022-08-05,0.5689,72.893377,-54.295838,0.8056
2022-08-06,0.5455,72.893372,-54.295838,0.3043
2022-08-07,0.5686,72.893371,-54.295834,0.2024
2022-08-08,0.6167,72.893372,-54.29584,0.9129
2022-08-09,0.6394,72.893372,-54.295833,0.9933
2022-08-10,0.5941,72.893374,-54.295838,0.9118
2022-08-11,0.6453,72.893368,-54.295838,0.9142
2022-08-12,0.5705,72.89337,-54.295833,0.4349
2022-08-13,0.5332,72.893369,-54.295839,0.4843
2022-08-14,0.5581,72.893371,-54.295831,0.4754
2022-08-15,0.5398,72.893378,-54.295841,0.4638
2022-08-16,0.558,72.893372,-54.295834,0.7067
2022-08-17,0.6228,72.893378,-54.295846,0.9598
2022-08-18,0.5517,72.893374,-54.295838,0.8159
2022-08-19,0.5898,72.893374,-54.295842,0.5269
2022-08-20,0.5497,72.893373,-54.295832,0.2594
2022-08-21,0.5478,72.893373,-54.295837,0.1385
2022-08-22,0.6205,72.89337,-54.29584,0.495
2022-08-23,0.599,72.893373,-54.295841,0.8698
2022-08-24,0.5813,72.893374,-54.29584,0.665
2022-08-25,0.5704,72.893372,-54.295842,0.5078
2022-08-26,0.6109,72.893374,-54.295836,0.7603
2022-08-27,0.5749,72.893375,-54.295851,0.9733
2022-08-28,0.5659,72.893372,-54.295842,0.5009
2022-08-29,0.6129,72.893372,-54.295841,0.3303
2022-08-30,0.6502,72.893374,-54.295822,0.5871
2022-08-31,0.6169,72.893374,-54.295839,0.5664
2022-09-01,0.5439,72.893377,-54.295852,0.8725
2022-09-02,0.6027,72.893374,-54.295841,0.8612
2022-09-03,0.6176,72.89337,-54.295844,0.9731
2022-09-04,0.55,72.893372,-54.295842,0.8458
2022-09-05,0.6482,72.893369,-54.295837,0.9455
2022-09-06,0.605,72.893369,-54.295838,0.9823
2022-09-07,0.5163,72.893364,-54.295844,0.6769
2022-09-08,0.5316,72.893368,-54.29583,0.5276
2022-09-09,0.6801,72.89337,-54.295844,0.9353
2022-09-10,0.6331,72.893368,-54.295845,0.8915
2022-09-11,0.612,72.893366,-54.295839,0.856
2022-09-12,0.5655,72.893366,-54.295837,0.8617
2023-05-01,0.7384,72.893365,-54.29585,0.0604
2023-05-02,0.73,72.893366,-54.295855,0.0778
2023-05-03,0.8701,72.893371,-54.295862,0.6344
2023-05-04,0.937,72.893372,-54.295853,0.9805
2023-05-05,0.9266,72.893373,-54.295853,0.9776
2023-05-06,0.8839,72.893367,-54.295837,0.9875
2023-05-07,0.8855,72.893372,-54.295841,0.9534
2023-05-08,0.9379,72.893365,-54.295837,0.9816
2023-05-09,0.9917,72.893366,-54.295846,0.9511
2023-05-10,0.8343,72.893376,-54.295869,0.6135
2023-05-11,0.7862,72.89337,-54.295853,0.181
2023-05-12,0.7633,72.893371,-54.295863,0.2909
2023-05-13,0.8184,72.893372,-54.295858,0.6411
2023-05-14,0.8331,72.893367,-54.295843,0.5623
2023-05-15,0.7656,72.893368,-54.295848,0.3316
2023-05-16,0.7617,72.893371,-54.29585,0.1103
2023-05-17,0.7595,72.89337,-54.295845,0.1243
2023-05-18,0.8279,72.893367,-54.295837,0.3627
2023-05-19,0.7699,72.893369,-54.295837,0.2325
2023-05-20,0.9111,72.893371,-54.295846,0.9308
2023-05-21,0.8953,72.893366,-54.295849,0.9323
2023-05-22,0.8204,72.893368,-54.295851,0.5931
2023-05-23,0.91,72.89337,-54.29585,0.749
2023-05-24,0.8723,72.893372,-54.295856,0.6466
2023-05-25,0.8095,72.893369,-54.295848,0.4972
2023-05-26,0.8968,72.893371,-54.295842,0.733
2023-05-27,0.9349,72.893368,-54.295849,0.9294
2023-05-28,0.8826,72.893367,-54.295841,0.6655
2023-05-29,0.8172,72.893371,-54.295856,0.3876
2023-05-30,0.93,72.893374,-54.29585,0.9142
2023-05-31,0.9103,72.893368,-54.295863,0.9936
2023-06-01,0.9005,72.893372,-54.295846,0.9937
2023-06-02,0.9503,72.893369,-54.295835,0.9766
2023-06-03,0.8273,72.893371,-54.295853,0.4793
2023-06-04,0.8467,72.893377,-54.295856,0.4538
2023-06-05,0.7852,72.893372,-54.295855,0.2772
2023-06-06,0.788,72.89337,-54.295854,0.2038
2023-06-07,0.8123,72.89337,-54.29585,0.546
2023-06-08,0.77,72.893366,-54.29585,0.3954
2023-06-09,0.8272,72.893371,-54.295851,0.2194
2023-06-10,0.8928,72.893374,-54.29586,0.8713
2023-06-11,0.8485,72.893369,-54.29586,0.8515
2023-06-12,0.9019,72.893368,-54.295846,0.8885
2023-06-13,0.8597,72.893372,-54.29585,0.7812
2023-06-14,0.7926,72.89337,-54.29585,0.4831
2023-06-15,0.742,72.89337,-54.295859,0.3559
2023-06-16,0.8164,72.893374,-54.295851,0.8291
2023-06-17,0.8839,72.89337,-54.295858,0.933
2023-06-18,0.7681,72.893369,-54.295849,0.275
2023-06-19,0.8438,72.893372,-54.295847,0.6664
2023-06-20,0.837,72.893374,-54.295857,0.9372
2023-06-21,0.809,72.893373,-54.295859,0.9914
2023-06-22,0.7679,72.893368,-54.295851,0.9514
2023-06-23,0.7175,72.893375,-54.295861,0.5647
2023-06-24,0.725,72.893374,-54.295856,0.402
2023-06-25,0.7477,72.893374,-54.295868,0.6222
2023-06-26,0.6804,72.893371,-54.295856,0.4667
2023-06-27,0.6734,72.893373,-54.295851,0.5234
2023-06-28,0.6642,72.893374,-54.295867,0.9306
2023-06-29,0.5898,72.893376,-54.295849,0.2918
2023-06-30,0.6152,72.893368,-54.29585,0.5746
2023-07-01,0.6532,72.893366,-54.295841,0.9781
2023-07-02,0.5769,72.893371,-54.295842,0.336
2023-07-03,0.4984,72.893372,-54.295866,0.0365
2023-07-04,0.6111,72.89337,-54.295864,0.8775
2023-07-05,0.5855,72.893369,-54.29585,0.7488
2023-07-06,0.6153,72.893369,-54.295859,0.9405
2023-07-07,0.6327,72.893369,-54.295864,0.9743
2023-07-08,0.5832,72.893371,-54.295861,0.6898
2023-07-09,0.6293,72.893372,-54.295869,0.597
2023-07-10,0.6116,72.893368,-54.295864,0.9538
2023-07-11,0.5622,72.893368,-54.295855,0.9793
2023-07-12,0.5583,72.893369,-54.295848,0.5623
2023-07-13,0.5565,72.893374,-54.29586,0.4112
2023-07-14,0.5642,72.893367,-54.295856,0.7609
2023-07-15,0.609,72.893371,-54.295864,0.9715
2023-07-16,0.5858,72.893373,-54.295852,0.9793
2023-07-17,0.57,72.89337,-54.295863,0.7444
2023-07-18,0.5642,72.893373,-54.29586,0.7504
2023-07-19,0.5558,72.893372,-54.295866,0.2676
2023-07-20,0.5984,72.893371,-54.295864,0.8497
2023-07-21,0.5631,72.89337,-54.29587,0.9171
2023-07-22,0.5406,72.893377,-54.29588,0.7457
2023-07-23,0.5731,72.893372,-54.295871,0.9321
2023-07-24,0.5641,72.893369,-54.295879,0.7403
2023-07-25,0.5883,72.893369,-54.295865,0.7216
2023-07-26,0.5612,72.893371,-54.295875,0.2255
2023-07-27,0.5098,72.89337,-54.295875,0.0599
2023-07-28,0.5553,72.893369,-54.295861,0.1304
2023-07-29,0.558,72.893364,-54.29586,0.1409
2023-07-30,0.5775,72.893365,-54.295848,0.3723
2023-07-31,0.5762,72.893366,-54.295852,0.5668
2023-08-01,0.5682,72.893369,-54.295865,0.1467
2023-08-02,0.5757,72.893369,-54.295866,0.1781
2023-08-03,0.5906,72.893374,-54.295883,0.4336
2023-08-04,0.5853,72.893372,-54.29588,0.4022
2023-08-05,0.573,72.89337,-54.295875,0.4601
2023-08-06,0.5656,72.893371,-54.295876,0.4528
2023-08-07,0.6119,72.893364,-54.295862,0.4051
2023-08-08,0.5956,72.893378,-54.295771,0.29
2023-08-09,0.5801,72.893388,-54.295784,0.2368
2023-08-10,0.5547,72.893392,-54.295791,0.6741
2023-08-11,0.5817,72.893386,-54.29579,0.9452
2023-08-12,0.5528,72.893382,-54.29578,0.8875
2023-08-13,0.5971,72.893373,-54.29578,0.8099
2023-08-14,0.5864,72.893374,-54.295779,0.9443
2023-08-15,0.5646,72.893384,-54.295782,0.4778
2023-08-16,0.5499,72.893374,-54.295766,0.1966
2023-08-17,0.5414,72.893388,-54.295804,0.0372
2023-08-18,0.5492,72.893388,-54.295828,0.0692
2023-08-19,0.6236,72.893386,-54.295804,0.5613
2023-08-20,0.5894,72.893393,-54.295817,0.967
2023-08-21,0.5357,72.89339,-54.2958,0.9052
2023-08-22,0.5135,72.893382,-54.295806,0.6908
2023-08-23,0.5269,72.893391,-54.295819,0.4372
2023-08-24,0.5661,72.893391,-54.295799,0.8471
2023-08-25,0.5418,72.893385,-54.295799,0.845
2023-08-26,0.5452,72.893379,-54.295809,0.31
2023-08-27,0.5635,72.893388,-54.295785,0.3493
2023-08-28,0.5617,72.893388,-54.295819,0.5475
2023-08-29,0.5933,72.893386,-54.29583,0.5422
2023-08-30,0.6054,72.893389,-54.295818,0.6954
2023-08-31,0.6095,72.89339,-54.295806,0.8046
2023-09-02,0.8036,72.89339,-54.295796,0.7949
2023-09-03,0.7588,72.893388,-54.295793,0.7924
2023-09-04,0.7552,72.89339,-54.295806,0.2762
2023-09-05,0.6446,72.893378,-54.29579,0.7721
2023-09-06,0.5513,72.893388,-54.295797,0.669
2023-09-07,0.5875,72.893392,-54.295794,0.9985
2023-09-08,0.6176,72.893386,-54.295803,0.8596
2023-09-09,0.617,72.893388,-54.295813,0.6807
2023-09-10,0.6167,72.893386,-54.295798,0.7772
2023-09-11,0.5742,72.893385,-54.295807,0.808
2023-09-12,0.6667,72.893376,-54.295783,0.5885
2023-09-13,0.617,72.893381,-54.295791,0.3639
2023-09-14,0.582,72.893391,-54.295812,0.7491
2023-09-15,0.5982,72.89339,-54.295806,0.3513
