time,alb_UPE_U,lat_UPE_U,lon_UPE_U,cloud_UPE_U
2017-05-01,0.7887,72.887554,-53.581606,0.0714
2017-05-02,0.7847,72.88755,-53.581627,0.0958
2017-05-03,0.8412,72.887548,-53.581633,0.7235
2017-05-04,0.7989,72.887546,-53.581652,0.314
2017-05-05,0.8625,72.887541,-53.581664,0.575
2017-05-06,0.8035,72.887542,-53.581683,0.6131
2017-05-07,0.8866,72.887545,-53.581703,0.9209
2017-05-08,0.9232,72.887543,-53.581716,0.9932
2017-05-09,0.8219,72.88754,-53.58173,0.6969
2017-05-10,0.7938,72.887545,-53.58175,0.1096
2017-05-11,0.8868,72.887541,-53.581769,0.8651
2017-05-12,0.7913,72.88754,-53.58178,0.3157
2017-05-13,0.7697,72.887541,-53.581796,0.1108
2017-05-14,0.8322,72.88754,-53.581816,0.3403
2017-05-15,0.8182,72.887539,-53.581839,0.4454
2017-05-16,0.8424,72.887462,-53.581884,0.6828
2017-05-17,0.8536,72.887535,-53.581863,0.767
2017-05-18,0.9146,72.887532,-53.581884,0.869
2017-05-19,0.8744,72.88753,-53.581897,0.8059
2017-05-20,0.9213,72.887529,-53.581921,0.9775
2017-05-21,0.8353,72.887528,-53.581928,0.7953
2017-05-22,0.7975,72.88753,-53.581943,0.446
2017-05-23,0.7891,72.887526,-53.58195,0.0711
2017-05-24,0.7831,72.887524,-53.581973,0.0064
2017-05-25,0.8134,72.887526,-53.581991,0.4487
2017-05-26,0.7658,72.887524,-53.582004,0.1217
2017-05-27,0.863,72.887526,-53.582024,0.6117
2017-05-28,0.8929,72.887525,-53.582046,0.9009
2017-05-29,0.8607,72.887522,-53.582069,0.9036
2017-05-30,0.795,72.887518,-53.58207,0.4172
2017-05-31,0.759,72.887516,-53.582086,0.0998
2017-06-01,0.7567,72.887513,-53.582106,0.0919
2017-06-02,0.7571,72.887513,-53.582114,0.2347
2017-06-03,0.7642,72.887507,-53.582133,0.3176
2017-06-04,0.7339,72.887502,-53.582141,0.1142
2017-06-05,0.763,72.887507,-53.582162,0.3793
2017-06-06,0.7977,72.887507,-53.582175,0.7845
2017-06-07,0.7483,72.887503,-53.582193,0.3837
2017-06-08,0.7169,72.887505,-53.582215,0.2001
2017-06-09,0.7361,72.887508,-53.582232,0.2953
2017-06-10,0.7223,72.887505,-53.582246,0.1112
2017-06-11,0.7151,72.887508,-53.582262,0.2317
2017-06-12,0.8072,72.887504,-53.582278,0.7186
2017-06-13,0.7126,72.887503,-53.582299,0.2157
2017-06-14,0.7059,72.887501,-53.582315,0.1267
2017-06-15,0.7225,72.887499,-53.582328,0.2592
2017-06-16,0.7296,72.887499,-53.582347,0.0623
2017-06-17,0.8074,72.887494,-53.582364,0.7984
2017-06-18,0.7886,72.887488,-53.58238,0.626
2017-06-19,0.723,72.88749,-53.58239,0.0627
2017-06-20,0.7137,72.887493,-53.582408,0.0981
2017-06-21,0.7106,72.887489,-53.582427,0.0949
2017-06-22,0.6973,72.887489,-53.582443,0.0616
2017-06-23,0.7284,72.887488,-53.58245,0.3915
2017-06-24,0.7687,72.887486,-53.582471,0.7289
2017-06-25,0.7951,72.887489,-53.58249,0.8014
2017-06-26,0.7084,72.887484,-53.582504,0.1028
2017-06-27,0.671,72.887485,-53.582515,0.0162
2017-06-28,0.718,72.887477,-53.582532,0.4731
2017-06-29,0.879,72.887478,-53.582558,0.8611
2017-06-30,0.8641,72.887481,-53.582576,0.7286
2017-07-01,0.8081,72.887478,-53.58259,0.5356
2017-07-02,0.7727,72.887475,-53.582602,0.1141
2017-07-03,0.8408,72.887474,-53.582621,0.2958
2017-07-04,0.7815,72.887471,-53.582634,0.0394
2017-07-05,0.7993,72.887476,-53.582654,0.3006
2017-07-06,0.728,72.887472,-53.582667,0.0679
2017-07-07,0.6971,72.887467,-53.58268,0.0667
2017-07-08,0.6817,72.887471,-53.582704,0.0441
2017-07-09,0.6777,72.88747,-53.582712,0.1238
2017-07-10,0.6259,72.887469,-53.582736,0.1976
2017-07-11,0.6332,72.887469,-53.582748,0.8975
2017-07-12,0.6125,72.887465,-53.582761,0.786
2017-07-13,0.5584,72.887465,-53.582776,0.3266
2017-07-14,0.5788,72.887463,-53.582804,0.3062
2017-07-15,0.5503,72.887462,-53.582818,0.0521
2017-07-16,0.5247,72.88746,-53.582829,0.0992
2017-07-17,0.747,72.887452,-53.582859,0.9633
2017-07-18,0.6216,72.887455,-53.582863,0.2309
2017-07-19,0.5815,72.887451,-53.582883,0.4984
2017-07-20,0.5418,72.887454,-53.582894,0.806
2017-07-21,0.5628,72.887454,-53.582921,0.5608
2017-07-22,0.5433,72.887451,-53.582926,0.1024
2017-07-23,0.5393,72.887452,-53.582952,0.0028
2017-07-24,0.5218,72.887455,-53.582973,0.1029
2017-07-25,0.416,72.887455,-53.582986,0.2624
2017-07-26,0.4039,72.88745,-53.583005,0.2773
2017-07-27,0.403,72.887445,-53.583017,0.0446
2017-07-28,0.3915,72.887444,-53.58304,0.1019
2017-07-29,0.4149,72.887444,-53.583065,0.6062
2017-07-30,0.4193,72.887442,-53.583071,0.337
2017-07-31,0.4195,72.887432,-53.583133,0.1967
2017-08-01,0.4394,72.887437,-53.583113,0.6438
2017-08-02,0.4769,72.887435,-53.58313,0.9931
2017-08-03,0.4969,72.88744,-53.583154,0.3371
2017-08-04,0.4606,72.88744,-53.583167,0.1022
2017-08-05,0.4513,72.887439,-53.583186,0.2979
2017-08-06,0.5026,72.887438,-53.5832,0.6603
2017-08-07,0.4946,72.887433,-53.583211,0.1216
2017-08-08,0.4912,72.887438,-53.583241,0.2758
2017-08-09,0.5313,72.88743,-53.583252,0.8936
2017-08-10,0.4713,72.887434,-53.58327,0.4409
2017-08-11,0.4868,72.887431,-53.583277,0.2406
2017-08-12,0.488,72.887432,-53.583306,0.0775
2017-08-13,0.5,72.887428,-53.583318,0.1566
2017-08-14,0.4864,72.887425,-53.583331,0.1778
2017-08-15,0.517,72.887423,-53.583356,0.8267
2017-08-16,0.693,72.887419,-53.583364,0.9844
2017-08-17,0.9136,72.887416,-53.583378,0.9121
2017-08-18,0.7981,72.88742,-53.583395,0.6826
2017-08-19,0.7245,72.887418,-53.583415,0.1373
2017-08-20,0.7054,72.887417,-53.583424,0.3547
2017-08-21,0.7178,72.887419,-53.583445,0.1858
2017-08-22,0.7607,72.887416,-53.583449,0.4141
2017-08-23,0.7361,72.887412,-53.583446,0.6905
2017-08-24,0.741,72.88742,-53.583433,0.3323
2017-08-25,0.6912,72.887416,-53.583447,0.052
2017-08-26,0.6832,72.887416,-53.583463,0.0481
2017-08-27,0.6886,72.887408,-53.58348,0.1312
2017-08-28,0.8656,72.887412,-53.583495,0.9129
2017-08-29,0.7711,72.887408,-53.583514,0.9777
2017-08-30,0.6728,72.887405,-53.583524,0.8508
2017-08-31,0.7843,72.887407,-53.583548,0.921
2017-09-01,0.8227,72.887407,-53.583566,0.6227
2017-09-02,0.6849,72.887407,-53.583574,0.3247
2017-09-03,0.8562,72.887403,-53.583592,0.7884
2017-09-04,0.6938,72.887401,-53.583605,0.2733
2017-09-05,0.6788,72.887401,-53.583609,0.1612
2017-09-06,0.6942,72.887403,-53.583622,0.2033
2017-09-07,0.6711,72.887362,-53.583522,0.237
2017-09-08,0.6645,72.887401,-53.583663,0.0455
2017-09-09,0.8143,72.8874,-53.583682,0.453
2017-09-10,0.7672,72.887393,-53.583689,0.7893
2017-09-11,0.8199,72.887395,-53.583707,0.8758
2017-09-12,0.8279,72.887404,-53.583732,0.8059
2017-09-13,0.7375,72.887396,-53.583747,0.5376
2017-09-14,0.6603,72.887393,-53.58377,0.269
2017-09-15,0.7996,72.887387,-53.583787,0.9568
2018-05-01,0.739,72.887114,-53.587406,0.0633
2018-05-02,0.7494,72.887111,-53.587419,0.3898
2018-05-03,0.7589,72.887117,-53.587449,0.5015
2018-05-04,0.8826,72.88711,-53.587466,0.8527
2018-05-05,0.7557,72.88711,-53.587488,0.3266
2018-05-06,0.734,72.88711,-53.5875,0.2234
2018-05-07,0.7639,72.887106,-53.587507,0.3515
2018-05-08,0.7436,72.887107,-53.587535,0.2377
2018-05-09,0.7364,72.887103,-53.587545,0.1471
2018-05-10,0.7315,72.887107,-53.587559,0.0692
2018-05-11,0.7368,72.88711,-53.587582,0.1871
2018-05-12,0.7559,72.887107,-53.58759,0.2175
2018-05-13,0.7591,72.887104,-53.587612,0.1763
2018-05-14,0.792,72.887101,-53.58762,0.2677
2018-05-15,0.7895,72.8871,-53.58763,0.7142
2018-05-16,0.7639,72.887099,-53.587647,0.4861
2018-05-17,0.7328,72.887094,-53.587675,0.0053
2018-05-18,0.7196,72.887099,-53.58769,0.0346
2018-05-19,0.8295,72.887099,-53.587713,0.555
2018-05-20,0.8497,72.887088,-53.587725,0.9201
2018-05-21,0.7204,72.887092,-53.587743,0.3119
2018-05-22,0.7212,72.887089,-53.587758,0.0564
2018-05-23,0.7057,72.887091,-53.587771,0.027
2018-05-24,0.8235,72.887088,-53.587782,0.8206
2018-05-25,0.8239,72.887089,-53.587799,0.7543
2018-05-26,0.7273,72.887087,-53.587815,0.2036
2018-05-27,0.8953,72.887085,-53.587817,0.9409
2018-05-28,0.8157,72.887082,-53.587842,0.6899
2018-05-29,0.7627,72.887082,-53.587857,0.2818
2018-05-30,0.8122,72.887081,-53.587874,0.6811
2018-05-31,0.8987,72.887077,-53.587892,0.6232
2018-06-01,0.8575,72.887081,-53.587913,0.7543
2018-06-02,0.8508,72.88708,-53.587936,0.6689
2018-06-03,0.7663,72.887082,-53.587963,0.1913
2018-06-04,0.7664,72.88708,-53.587965,0.0739
2018-06-05,0.868,72.887076,-53.587983,0.7967
2018-06-06,0.7816,72.887075,-53.587994,0.828
2018-06-07,0.7975,72.887066,-53.588011,0.8413
2018-06-08,0.8922,72.887066,-53.588011,0.9762
2018-06-09,0.7683,72.88707,-53.588035,0.2835
2018-06-10,0.7285,72.887071,-53.588052,0.0767
2018-06-11,0.7143,72.887071,-53.588073,0.0355
2018-06-12,0.7315,72.887069,-53.588082,0.1856
2018-06-13,0.7775,72.887066,-53.588097,0.5999
2018-06-14,0.7171,72.887068,-53.588128,0.1188
2018-06-15,0.6858,72.887068,-53.588144,0.0954
2018-06-16,0.6848,72.887067,-53.588153,0.1412
2018-06-17,0.7231,72.887064,-53.588167,0.3023
2018-06-18,0.7576,72.887056,-53.588197,0.636
2018-06-19,0.8151,72.887059,-53.588208,0.7118
2018-06-20,0.7716,72.887055,-53.588225,0.6433
2018-06-21,0.7275,72.887053,-53.588239,0.4761
2018-06-22,0.7425,72.887059,-53.588252,0.6265
2018-06-23,0.6941,72.88705,-53.588256,0.1796
2018-06-24,0.755,72.887045,-53.588272,0.8936
2018-06-25,0.7892,72.887048,-53.588294,0.9273
2018-06-26,0.8006,72.887053,-53.588306,0.6058
2018-06-27,0.6751,72.887051,-53.588337,0.03
2018-06-28,0.646,72.887052,-53.588352,0.0061
2018-06-29,0.6827,72.887053,-53.588371,0.3892
2018-06-30,0.7596,72.887049,-53.58839,0.7179
2018-07-01,0.8318,72.887047,-53.588402,0.5777
2018-07-02,0.6718,72.887046,-53.588417,0.058
2018-07-03,0.6931,72.887044,-53.588442,0.3678
2018-07-04,0.7035,72.887046,-53.588456,0.561
2018-07-05,0.8242,72.887045,-53.588476,0.7188
2018-07-06,0.7312,72.887038,-53.588482,0.4187
2018-07-07,0.6966,72.887039,-53.588497,0.1797
2018-07-08,0.6707,72.887038,-53.588504,0.0252
2018-07-09,0.6665,72.887035,-53.588527,0.3831
2018-07-10,0.7272,72.887029,-53.58854,0.688
2018-07-11,0.8407,72.88703,-53.588558,0.9456
2018-07-12,0.7144,72.887033,-53.588575,0.8232
2018-07-13,0.7875,72.88703,-53.588597,0.7988
2018-07-14,0.7811,72.88703,-53.588604,0.8015
2018-07-15,0.7207,72.887031,-53.588621,0.7463
2018-07-16,0.6468,72.887032,-53.588645,0.8999
2018-07-17,0.5963,72.887025,-53.58866,0.1148
2018-07-18,0.5952,72.887023,-53.588688,0.0273
2018-07-19,0.572,72.887024,-53.588704,0.0009
2018-07-20,0.5556,72.887018,-53.588717,0.1209
2018-07-21,0.5439,72.887023,-53.588728,0.4277
2018-07-22,0.6567,72.886995,-53.588764,0.838
2018-07-23,0.7009,72.887013,-53.588759,0.8687
2018-07-24,0.6108,72.887017,-53.588779,0.5814
2018-07-25,0.7954,72.887017,-53.588786,0.89
2018-07-26,0.7048,72.887016,-53.588805,0.8021
2018-07-27,0.8356,72.887014,-53.588824,0.8554
2018-07-28,0.7628,72.887016,-53.588846,0.6574
2018-07-29,0.6486,72.88701,-53.588856,0.2343
2018-07-30,0.5568,72.887012,-53.588875,0.6828
2018-07-31,0.4438,72.887011,-53.588898,0.1548
2018-08-01,0.4567,72.887009,-53.588917,0.4133
2018-08-02,0.5679,72.887013,-53.588934,0.9334
2018-08-03,0.5697,72.887008,-53.588947,0.8228
2018-08-04,0.4499,72.887022,-53.588918,0.6485
2018-08-05,0.4282,72.887074,-53.588021,0.4622
2018-08-06,0.4319,72.887057,-53.588878,0.4593
2018-08-07,0.4321,72.887058,-53.588913,0.9693
2018-08-08,0.4405,72.887057,-53.588914,0.9927
2018-08-09,0.4517,72.88699,-53.588931,0.9497
2018-08-10,0.4398,72.887051,-53.588954,0.3259
2018-08-11,0.4114,72.887052,-53.588965,0.7016
2018-08-12,0.4259,72.887049,-53.588996,0.7259
2018-08-13,0.4436,72.887045,-53.589012,0.3299
2018-08-14,0.4696,72.887045,-53.58903,0.2116
2018-08-15,0.4673,72.887046,-53.589036,0.4769
2018-08-16,0.4763,72.887039,-53.589051,0.1179
2018-08-17,0.4995,72.887039,-53.58907,0.4018
2018-08-18,0.5232,72.887031,-53.589071,0.8682
2018-08-19,0.5026,72.887038,-53.589099,0.6963
2018-08-20,0.5937,72.887042,-53.589119,0.8828
2018-08-21,0.5017,72.887041,-53.589141,0.2934
2018-08-22,0.5494,72.887041,-53.589162,0.7743
2018-08-23,0.5532,72.886985,-53.589173,0.5661
2018-08-24,0.5324,72.887037,-53.589175,0.0882
2018-08-25,0.5845,72.887035,-53.589191,0.4409
2018-08-26,0.7474,72.887033,-53.589216,0.6402
2018-08-27,0.7494,72.887034,-53.589233,0.6592
2018-08-28,0.8889,72.88703,-53.589237,0.9061
2018-08-29,0.8014,72.887029,-53.589273,0.2599
2018-08-30,0.7829,72.887028,-53.589266,0.2945
2018-08-31,0.8698,72.887026,-53.589293,0.8253
2018-09-01,0.9376,72.887017,-53.589305,0.9104
2018-09-02,0.7783,72.886984,-53.589295,0.3098
2018-09-03,0.8031,72.887021,-53.589336,0.501
2018-09-04,0.7818,72.887024,-53.589346,0.2031
2018-09-05,0.7275,72.887022,-53.589376,0.0723
2018-09-06,0.7195,72.887023,-53.589381,0.1959
2018-09-07,0.7342,72.887018,-53.589396,0.5424
2018-09-08,0.6816,72.887021,-53.589425,0.5144
2018-09-09,0.6381,72.887016,-53.589424,0.3166
2018-09-10,0.7075,72.887016,-53.589438,0.6988
2018-09-11,0.6356,72.887011,-53.58946,0.2502
2018-09-12,0.6622,72.887013,-53.589482,0.4203
2018-09-13,0.6594,72.887016,-53.589497,0.2542
2018-09-14,0.6653,72.887004,-53.589504,0.5038
2018-09-15,0.6435,72.887006,-53.589526,0.6471
2019-05-01,0.7349,72.886747,-53.593134,0.1803
2019-05-02,0.7328,72.886747,-53.593163,0.109
2019-05-03,0.7255,72.886673,-53.593203,0.1285
2019-05-04,0.717,72.886742,-53.593188,0.1589
2019-05-05,0.7188,72.886737,-53.5932,0.2407
2019-05-06,0.7663,72.886736,-53.593227,0.5918
2019-05-07,0.7376,72.886733,-53.593226,0.2965
2019-05-08,0.7086,72.886734,-53.593256,0.1792
2019-05-09,0.709,72.886732,-53.593282,0.126
2019-05-10,0.7041,72.886737,-53.593294,0.1454
2019-05-11,0.704,72.886727,-53.593292,0.1497
2019-05-12,0.7018,72.886723,-53.593309,0.1107
2019-05-13,0.6965,72.88673,-53.593322,0.052
2019-05-14,0.6918,72.886726,-53.593338,0.0666
2019-05-15,0.6955,72.886725,-53.593363,0.1735
2019-05-16,0.7392,72.886722,-53.593371,0.7803
2019-05-17,0.8556,72.886723,-53.593396,0.9624
2019-05-18,0.7748,72.886723,-53.59341,0.6239
2019-05-19,0.7389,72.886721,-53.593424,0.2191
2019-05-20,0.7196,72.88672,-53.593438,0.0528
2019-05-21,0.7118,72.886719,-53.593458,0.1772
2019-05-22,0.7314,72.886716,-53.593467,0.2004
2019-05-23,0.717,72.88683,-53.5938,0.2643
2019-05-24,0.7123,72.886721,-53.593512,0.4809
2019-05-25,0.7129,72.88672,-53.593515,0.2298
2019-05-26,0.716,72.886718,-53.593534,0.3118
2019-05-27,0.7463,72.886713,-53.593555,0.5691
2019-05-28,0.7185,72.886712,-53.593568,0.5298
2019-05-29,0.7099,72.886711,-53.593581,0.5807
2019-05-30,0.7059,72.886645,-53.593439,0.2243
2019-05-31,0.6993,72.88671,-53.593621,0.4954
2019-06-01,0.6542,72.886706,-53.593624,0.2165
2019-06-02,0.6792,72.886709,-53.593645,0.4943
2019-06-03,0.6795,72.886708,-53.593674,0.4861
2019-06-04,0.8816,72.886704,-53.593692,0.4888
2019-06-05,0.8181,72.886702,-53.593716,0.7409
2019-06-06,0.7419,72.886703,-53.593725,0.5667
2019-06-07,0.7127,72.886702,-53.59374,0.4418
2019-06-08,0.681,72.886702,-53.593742,0.2042
2019-06-09,0.6251,72.886698,-53.593753,0.5231
2019-06-10,0.5576,72.886691,-53.59377,0.5786
2019-06-11,0.5048,72.886667,-53.593669,0.5837
2019-06-12,0.3871,72.886696,-53.593812,0.5127
2019-06-13,0.4513,72.886632,-53.593821,0.3845
2019-06-14,0.4908,72.886693,-53.593858,0.3855
2019-06-15,0.6415,72.886691,-53.59388,0.4915
2019-06-16,0.5574,72.886691,-53.593893,0.5492
2019-06-17,0.5317,72.886687,-53.593901,0.5333
2019-06-18,0.5473,72.886686,-53.593919,0.3719
2019-06-19,0.5335,72.886685,-53.59393,0.5514
2019-06-20,0.6449,72.886683,-53.593946,0.3629
2019-06-21,0.7062,72.886688,-53.593985,0.3437
2019-06-22,0.8568,72.886685,-53.593994,0.5716
2019-06-23,0.8121,72.886685,-53.594002,0.6173
2019-06-24,0.7223,72.886677,-53.594019,0.6136
2019-06-25,0.9081,72.886674,-53.594032,0.2134
2019-06-26,0.8008,72.886677,-53.594051,0.5535
2019-06-27,0.7568,72.886674,-53.594055,0.5959
2019-06-28,0.7275,72.886677,-53.594078,0.2744
2019-06-29,0.6032,72.886679,-53.594102,0.4717
2019-06-30,0.5145,72.886673,-53.594115,0.457
2019-07-01,0.473,72.886677,-53.59413,0.5122
2019-07-02,0.4538,72.886671,-53.594149,0.5534
2019-07-03,0.4639,72.886667,-53.59416,0.4353
2019-07-04,0.4926,72.88667,-53.594184,0.5518
2019-07-05,0.4834,72.886671,-53.594202,0.4836
2019-07-06,0.4364,72.886665,-53.594223,0.5494
2019-07-07,0.4457,72.886662,-53.594232,0.5388
2019-07-08,0.4365,72.886668,-53.59425,0.5742
2019-07-09,0.4397,72.886665,-53.594269,0.6035
2019-07-10,0.4302,72.886662,-53.59429,0.6262
2019-07-11,0.4752,72.886656,-53.5943,0.5948
2019-07-12,0.4363,72.886658,-53.594332,0.5893
2019-07-13,0.4514,72.886659,-53.594347,0.4406
2019-07-14,0.4513,72.886654,-53.594355,0.4868
2019-07-15,0.4432,72.886659,-53.594382,0.5802
2019-07-16,0.4248,72.886653,-53.594387,0.5311
2019-07-17,0.4156,72.886653,-53.594415,0.5111
2019-07-18,0.4226,72.886647,-53.594413,0.4878
2019-07-19,0.3917,72.88665,-53.594441,0.3904
2019-07-23,0.3779,72.886639,-53.594507,0.5934
2019-07-24,0.3723,72.886638,-53.594513,0.4785
2019-07-25,0.3717,72.886636,-53.594546,0.4374
2019-07-26,0.3657,72.886639,-53.594571,0.5598
2019-07-27,0.4132,72.886635,-53.594572,0.4861
2019-07-28,0.3887,72.886635,-53.594592,0.5122
2019-07-29,0.3353,72.886636,-53.594611,0.458
2019-07-30,0.3001,72.886633,-53.594642,0.5375
2019-07-31,0.284,72.886634,-53.594661,0.5163
2019-08-01,0.2778,72.886626,-53.594671,0.4665
2019-08-02,0.2949,72.88662,-53.594684,0.4374
2019-08-03,0.323,72.88662,-53.594691,0.4141
2019-08-04,0.3648,72.886568,-53.59449,0.2182
2019-08-05,0.3867,72.886617,-53.594725,0.1197
2019-08-06,0.3753,72.886614,-53.594733,0.3323
2019-08-07,0.3411,72.886615,-53.594754,0.5487
2019-08-08,0.3829,72.886612,-53.594766,0.4862
2019-08-09,0.3777,72.886614,-53.594775,0.4647
2019-08-10,0.355,72.886571,-53.594713,0.6292
2019-08-11,0.3511,72.88661,-53.594793,0.5532
2019-08-12,0.3668,72.886614,-53.594834,0.5712
2019-08-13,0.3277,72.886609,-53.594832,0.631
2019-08-14,0.3484,72.886606,-53.594841,0.4837
2019-08-15,0.3081,72.886605,-53.594865,0.6302
2019-08-16,0.3426,72.886603,-53.594878,0.5091
2019-08-17,0.3219,72.886604,-53.59489,0.6824
2019-08-18,0.3378,72.886606,-53.594906,0.4176
2019-08-19,0.3613,72.886602,-53.594908,0.6413
2019-08-22,0.3981,72.886604,-53.594966,0.4955
2019-08-23,0.3297,72.886595,-53.594995,0.6038
2019-08-24,0.4051,72.886595,-53.594999,0.673
2019-08-25,0.4044,72.886595,-53.595009,0.7116
2019-08-26,0.3847,72.886595,-53.595017,0.7367
2019-08-27,0.3306,72.886597,-53.595039,0.7151
2019-08-28,0.3572,72.886592,-53.595053,0.4167
2019-08-29,0.3202,72.886593,-53.595064,0.5318
2019-08-30,0.3153,72.88659,-53.595077,0.5961
2019-08-31,0.3646,72.886512,-53.595165,0.4445
2019-09-01,0.3165,72.886585,-53.59511,0.4544
2019-09-02,0.3041,72.886586,-53.59513,0.3902
2019-09-03,0.3048,72.886586,-53.595136,0.4506
2019-09-04,0.3935,72.886587,-53.595154,0.5575
2019-09-05,0.3714,72.886586,-53.595174,0.4115
2019-09-06,0.2603,72.886588,-53.59519,0.4962
2019-09-07,0.3419,72.886588,-53.595203,0.7067
2019-09-09,0.5562,72.886583,-53.595229,0.3448
2019-09-11,0.7942,72.886579,-53.595259,0.5487
2019-09-12,0.6641,72.886577,-53.595266,0.6209
2019-09-14,0.7297,72.886571,-53.595296,0.4126
2019-09-15,0.3929,72.886574,-53.595332,0.7039
2020-05-01,0.8773,72.886335,-53.598741,0.632
2020-05-02,0.8108,72.886339,-53.598761,0.5628
2020-05-03,0.8381,72.88634,-53.598769,0.7447
2020-05-04,0.8625,72.886333,-53.598791,0.9808
2020-05-05,0.7509,72.886275,-53.598785,0.4847
2020-05-06,0.7876,72.886333,-53.598816,0.5642
2020-05-07,0.8649,72.886328,-53.598848,0.9321
2020-05-08,0.8878,72.886331,-53.598854,0.6347
2020-05-09,0.8739,72.886322,-53.598864,0.7974
2020-05-10,0.6808,72.886286,-53.599035,0.6122
2020-05-11,0.8285,72.886335,-53.598909,0.603
2020-05-12,0.7217,72.886318,-53.598918,0.3225
2020-05-13,0.6896,72.886319,-53.598945,0.3552
2020-05-14,0.8913,72.88632,-53.59896,0.8149
2020-05-15,0.7039,72.886321,-53.598966,0.4784
2020-05-16,0.6864,72.886261,-53.598982,0.1265
2020-05-17,0.6887,72.886302,-53.598967,0.128
2020-05-18,0.6807,72.88631,-53.599012,0.1811
2020-05-19,0.6665,72.886312,-53.599026,0.1856
2020-05-20,0.6708,72.88631,-53.599047,0.3405
2020-05-21,0.6747,72.88631,-53.59906,0.0665
2020-05-22,0.661,72.886306,-53.599071,0.1522
2020-05-23,0.6572,72.886303,-53.599102,0.1898
2020-05-24,0.6664,72.886307,-53.599107,0.1824
2020-05-25,0.8456,72.886304,-53.59912,0.7356
2020-05-26,0.7403,72.886305,-53.599135,0.7457
2020-05-27,0.8611,72.886304,-53.599145,0.854
2020-05-28,0.7716,72.886306,-53.599162,0.5961
2020-05-29,0.8282,72.886302,-53.59917,0.673
2020-05-30,0.7227,72.886241,-53.599173,0.3981
2020-05-31,0.8422,72.886301,-53.599197,0.4626
2020-06-01,0.8617,72.886301,-53.599218,0.6857
2020-06-02,0.8712,72.886296,-53.599246,0.8965
2020-06-03,0.8164,72.886301,-53.599251,0.8578
2020-06-04,0.7083,72.886294,-53.599273,0.2054
2020-06-05,0.7332,72.886296,-53.59928,0.1646
2020-06-06,0.784,72.886298,-53.599304,0.4218
2020-06-07,0.7718,72.886249,-53.599446,0.618
2020-06-08,0.8917,72.886292,-53.599333,0.8794
2020-06-09,0.7416,72.886291,-53.599343,0.6922
2020-06-10,0.7106,72.886288,-53.599361,0.5476
2020-06-11,0.8158,72.886288,-53.599376,0.7542
2020-06-12,0.7112,72.886284,-53.599377,0.4623
2020-06-13,0.6959,72.886285,-53.599402,0.1092
2020-06-14,0.672,72.886288,-53.599413,0.168
2020-06-15,0.8836,72.886282,-53.599446,0.9121
2020-06-16,0.7152,72.886282,-53.599458,0.6521
2020-06-17,0.8288,72.886279,-53.599475,0.6318
2020-06-18,0.6601,72.88628,-53.599486,0.1136
2020-06-19,0.63,72.886282,-53.599499,0.146
2020-06-20,0.6276,72.88621,-53.59944,0.1344
2020-06-21,0.817,72.886278,-53.599531,0.4984
2020-06-22,0.6084,72.886281,-53.599549,0.2387
2020-06-23,0.6452,72.886277,-53.599549,0.3184
2020-06-24,0.7613,72.886278,-53.599571,0.5432
2020-06-25,0.753,72.886274,-53.599585,0.9355
2020-06-26,0.6346,72.886275,-53.599599,0.319
2020-06-27,0.5946,72.886278,-53.599609,0.4506
2020-06-28,0.6114,72.886267,-53.599621,0.1613
2020-06-29,0.7822,72.886249,-53.599638,0.5725
2020-06-30,0.5881,72.88627,-53.599655,0.385
2020-07-01,0.4608,72.886275,-53.599675,0.1795
2020-07-02,0.716,72.886268,-53.599702,0.42
2020-07-04,0.6689,72.886266,-53.599737,0.7662
2020-07-11,0.4083,72.886258,-53.599842,0.2916
2020-07-18,0.6595,72.886246,-53.599958,0.6667
2020-07-27,0.4906,72.886237,-53.600079,1.0
2020-07-28,0.4881,72.886203,-53.600111,0.6176
2020-07-29,0.429,72.886236,-53.600128,0.1599
2020-07-31,0.447,72.886232,-53.600152,0.5
2020-08-01,0.5995,72.886234,-53.600159,0.4352
2020-08-02,0.4312,72.886233,-53.600173,0.5096
2020-08-03,0.5181,72.886233,-53.600202,0.3302
2020-08-04,0.6864,72.886232,-53.60021,0.0
2020-08-05,0.7324,72.886234,-53.600219,0.5
2020-08-06,0.8161,72.886234,-53.600234,0.5
2020-08-07,0.6825,72.886231,-53.600246,0.626
2020-08-08,0.6948,72.8862,-53.600268,0.5425
2020-08-09,0.7824,72.882996,-53.600376,0.1305
2020-08-10,0.7455,72.882996,-53.600376,0.1651
2020-08-11,0.7584,72.882996,-53.600376,0.2308
2020-08-12,0.7218,72.882996,-53.600376,0.32
2020-08-13,0.9172,72.882996,-53.600376,0.0
2020-08-14,0.8253,72.882996,-53.600376,0.0588
2020-08-15,0.782,72.882996,-53.600376,0.0209
2020-08-16,0.7449,72.882996,-53.600376,0.2345
2020-08-17,0.7136,72.882996,-53.600376,0.2022
2020-08-18,0.5786,72.882996,-53.600376,0.0
2020-08-19,0.4752,72.882996,-53.600376,0.126
2020-08-20,0.4722,72.883818,-53.600411,0.3558
2020-08-21,0.5117,72.882996,-53.600376,0.0219
2020-08-22,0.5344,72.882996,-53.600376,0.3174
2020-08-23,0.5419,72.882996,-53.600376,0.5023
2020-08-24,0.5149,72.882996,-53.600376,0.8376
2020-08-25,0.5656,72.882996,-53.600376,0.979
2020-08-26,0.5759,72.882996,-53.600376,0.8697
2020-08-27,0.6082,72.882996,-53.600376,0.5463
2020-08-28,0.654,72.882996,-53.600376,0.3448
2020-08-29,0.6243,72.882996,-53.600376,0.4238
2020-08-31,0.6332,72.882996,-53.600376,0.2947
2020-09-01,0.8865,72.882996,-53.600376,0.6124
2020-09-02,0.8894,72.882996,-53.600376,0.6667
2020-09-03,0.8385,72.882996,-53.600376,0.4
2020-09-04,0.8302,72.882996,-53.600376,1.0
2020-09-05,0.8186,72.882996,-53.600376,1.0
2020-09-07,0.8394,72.882996,-53.600376,1.0
2020-09-08,0.9128,72.882996,-53.600376,0.3128
2020-09-11,0.8451,72.882996,-53.600376,0.3448
2020-09-12,0.7834,72.882996,-53.600376,0.6948
2020-09-13,0.8509,72.882996,-53.600376,0.8378
2020-09-14,0.8018,72.882996,-53.600376,0.4566
2021-05-01,0.8218,72.886029,-53.604322,0.1366
2021-05-02,0.7957,72.886026,-53.604364,0.0564
2021-05-03,0.7964,72.886026,-53.604395,0.0242
2021-05-04,0.7814,72.886019,-53.604384,0.0387
2021-05-05,0.7807,72.886012,-53.604404,0.0356
2021-05-06,0.7765,72.886011,-53.604418,0.14
2021-05-07,0.7741,72.886013,-53.604421,0.2232
2021-05-08,0.9306,72.886007,-53.604451,0.3612
2021-05-09,0.9028,72.886003,-53.604471,0.3766
2021-05-10,0.9413,72.88601,-53.604494,0.277
2021-05-11,0.87,72.886022,-53.604497,0.2394
2021-05-14,0.8879,72.886019,-53.604554,0.2295
2021-05-15,0.8862,72.886013,-53.604562,0.1808
2021-05-19,0.8606,72.886006,-53.604618,0.3809
2021-05-25,0.8625,72.886012,-53.604704,0.319
2021-05-26,0.8097,72.886006,-53.60469,0.3362
2021-05-27,0.711,72.886003,-53.604729,0.1803
2021-05-28,0.7502,72.886004,-53.604781,0.179
2021-05-29,0.7674,72.885998,-53.604776,0.5
2021-05-30,0.8829,72.886001,-53.604786,0.7228
2021-05-31,0.905,72.886,-53.604798,0.9857
2021-06-01,0.8191,72.885998,-53.604829,0.8786
2021-06-02,0.8122,72.886002,-53.60483,0.0015
2021-06-03,0.778,72.885992,-53.604808,0.1309
2021-06-04,0.7443,72.885994,-53.604878,0.1465
2021-06-05,0.7227,72.885992,-53.604872,0.1959
2021-06-06,0.7118,72.885994,-53.604914,0.4089
2021-06-07,0.7188,72.885993,-53.604941,0.503
2021-06-08,0.7105,72.885994,-53.604916,0.479
2021-06-09,0.698,72.885988,-53.60491,0.3028
2021-06-10,0.7141,72.885979,-53.604949,0.1429
2021-06-11,0.6829,72.885984,-53.605024,0.263
2021-06-12,0.7171,72.885974,-53.605054,0.3438
2021-06-13,0.6263,72.885984,-53.604972,0.5843
2021-06-14,0.6939,72.885988,-53.604989,0.4823
2021-06-15,0.676,72.885986,-53.604992,0.2527
2021-06-16,0.6743,72.885996,-53.605026,0.2083
2021-06-17,0.7166,72.885996,-53.605078,0.6888
2021-06-18,0.6564,72.885985,-53.605056,0.0992
2021-06-19,0.637,72.885964,-53.605095,0.1
2021-06-20,0.622,72.885968,-53.605093,0.4044
2021-06-21,0.6316,72.885959,-53.605128,0.2191
2021-06-22,0.6231,72.88596,-53.605134,0.0615
2021-06-23,0.5902,72.88596,-53.605147,0.2109
2021-06-24,0.65,72.885959,-53.605186,0.0
2021-06-25,0.9088,72.885952,-53.605184,0.5862
2021-06-26,0.8171,72.885962,-53.605212,0.122
2021-06-27,0.773,72.885959,-53.60521,0.0
2021-06-28,0.7181,72.885964,-53.605209,0.4643
2021-06-29,0.6032,72.88596,-53.605244,1.0
2021-07-01,0.8549,72.885958,-53.605275,0.0
2021-07-04,0.867,72.885962,-53.605314,0.3333
2021-07-05,0.7866,72.885959,-53.605337,0.0
2021-07-06,0.8312,72.885954,-53.605334,0.7926
2021-07-08,0.8286,72.885963,-53.60539,0.5
2021-07-09,0.8129,72.885958,-53.605376,0.2713
2021-07-10,0.7606,72.885958,-53.6054,0.0289
2021-07-11,0.7737,72.88595,-53.605404,0.288
2021-07-12,0.7389,72.88595,-53.605423,0.3255
2021-07-14,0.5636,72.885948,-53.605443,1.0
2021-07-15,0.7539,72.885944,-53.605569,0.0989
2021-07-16,0.5991,72.885956,-53.605515,0.5
2021-07-18,0.4718,72.885948,-53.605517,0.9291
2021-07-21,0.5382,72.885952,-53.605574,0.1373
2021-07-22,0.5301,72.885955,-53.60559,0.5
2021-07-23,0.5237,72.885943,-53.605589,0.25
2021-07-25,0.476,72.885943,-53.6056,0.4782
2021-07-29,0.4517,72.885932,-53.605692,0.5
2021-07-30,0.4427,72.885924,-53.60575,0.2966
2021-07-31,0.4525,72.885922,-53.605732,0.6711
2021-08-01,0.4533,72.885931,-53.605742,0.4898
2021-08-02,0.469,72.885918,-53.605773,0.0206
2021-08-03,0.4745,72.885918,-53.60577,0.295
2021-08-05,0.496,72.88591,-53.605839,0.6352
2021-08-06,0.5523,72.885912,-53.605839,0.0
2021-08-07,0.5453,72.885902,-53.605826,0.125
2021-08-08,0.5505,72.885902,-53.605843,0.317
2021-08-09,0.5637,72.885906,-53.605906,0.2903
2021-08-11,0.638,72.88591,-53.605907,1.0
2021-08-12,0.6515,72.885918,-53.605942,0.0
2021-08-14,0.5358,72.885914,-53.605985,1.0
2021-08-15,0.5074,72.885915,-53.605995,0.6188
2021-08-16,0.459,72.885914,-53.605998,0.3206
2021-08-17,0.4758,72.885919,-53.606014,0.5
2021-08-30,0.8011,72.885908,-53.606216,0.8768
2021-08-31,0.8145,72.885909,-53.606234,0.5549
2021-09-01,0.7897,72.885908,-53.606225,0.5
2021-09-02,0.646,72.885903,-53.606284,0.0
2021-09-06,0.8919,72.885898,-53.606312,1.0
2021-09-11,0.7194,72.885912,-53.606394,0.0768
2021-09-12,0.7466,72.885905,-53.606387,0.0987
2021-09-13,0.8458,72.885886,-53.606407,0.8502
2021-09-14,0.8238,72.885886,-53.606408,0.3111
2022-05-01,0.8264,72.88568,-53.60975,0.0952
2022-05-02,0.843,72.885674,-53.609778,0.3175
2022-05-03,0.8304,72.885676,-53.609801,0.3224
2022-05-07,0.8267,72.885677,-53.609854,0.5714
2022-05-08,0.8176,72.885675,-53.609852,0.2963
2022-05-09,0.8794,72.885671,-53.609876,0.6
2022-05-10,0.8628,72.885673,-53.609898,0.0
2022-05-12,0.8273,72.885672,-53.609914,0.1538
2022-05-13,0.8159,72.885668,-53.609932,0.1195
2022-05-14,0.8154,72.885669,-53.60996,0.0106
2022-05-16,0.8402,72.885663,-53.609971,0.1299
2022-05-17,0.8214,72.885663,-53.609998,0.6667
2022-05-18,0.8023,72.885664,-53.610021,0.3324
2022-05-19,0.8355,72.885666,-53.610029,0.6839
2022-05-20,0.8374,72.885657,-53.610034,0.0264
2022-05-22,0.904,72.885659,-53.610067,0.2306
2022-05-23,0.8914,72.885656,-53.610085,0.6705
2022-05-24,0.892,72.885658,-53.610107,0.5
2022-05-26,0.8384,72.885658,-53.610121,0.3408
2022-05-27,0.8588,72.885657,-53.610142,0.0
2022-05-28,0.8657,72.885655,-53.610152,0.1903
2022-05-29,0.9081,72.885657,-53.61017,0.7407
2022-05-30,0.9095,72.885654,-53.610182,0.6134
2022-06-01,0.8519,72.885654,-53.610225,0.6345
2022-06-03,0.9088,72.885653,-53.61025,0.5053
2022-06-04,0.8391,72.885647,-53.610258,0.0
2022-06-07,0.8136,72.885647,-53.610313,0.7895
2022-06-08,0.9009,72.885647,-53.610318,0.4662
2022-06-09,0.9251,72.88565,-53.610345,0.0
2022-06-10,0.8668,72.885647,-53.610358,0.4
2022-06-11,0.843,72.885644,-53.610371,1.0
2022-06-13,0.8853,72.885638,-53.610404,1.0
2022-06-15,0.8627,72.885573,-53.610278,0.4665
2022-06-17,0.7736,72.885636,-53.610449,1.0
2022-06-18,0.8336,72.885637,-53.610474,1.0
2022-06-19,0.8395,72.885638,-53.610478,0.2145
2022-06-20,0.7915,72.885633,-53.610502,0.0803
2022-06-22,0.9124,72.885636,-53.610526,0.3251
2022-06-23,0.8579,72.885637,-53.61054,0.2503
2022-06-24,0.8383,72.885638,-53.610565,0.1855
2022-06-27,0.7338,72.88563,-53.610591,0.2776
2022-06-28,0.7521,72.885631,-53.610615,0.0024
2022-06-29,0.7315,72.885629,-53.610639,0.5385
2022-06-30,0.7876,72.8856,-53.610625,0.4951
2022-07-01,0.7474,72.885632,-53.61067,0.4664
2022-07-02,0.7351,72.885628,-53.610678,0.4957
2022-07-03,0.7306,72.885625,-53.610687,0.2334
2022-07-04,0.6953,72.885624,-53.6107,0.368
2022-07-05,0.674,72.885619,-53.61072,0.6588
2022-07-06,0.6578,72.885617,-53.610721,0.4644
2022-07-07,0.6359,72.885618,-53.610745,0.4578
2022-07-08,0.5753,72.885622,-53.61076,0.4723
2022-07-10,0.5155,72.885619,-53.610789,0.7273
2022-07-11,0.5038,72.885618,-53.6108,0.476
2022-07-12,0.5083,72.885613,-53.610816,0.4411
2022-07-13,0.4251,72.885612,-53.610839,0.4528
2022-07-14,0.4387,72.885608,-53.610837,0.6339
2022-07-17,0.528,72.885608,-53.610887,0.6686
2022-07-22,0.522,72.885614,-53.61099,0.7021
2022-07-24,0.5843,72.885604,-53.611009,0.4877
2022-07-25,0.5678,72.885605,-53.611046,0.2938
2022-07-26,0.585,72.885603,-53.611061,0.3701
2022-07-27,0.5902,72.885606,-53.611074,0.694
2022-07-28,0.5868,72.885519,-53.611052,0.7015
2022-07-29,0.5848,72.885602,-53.611109,0.3268
2022-07-30,0.5496,72.885602,-53.611126,0.2959
2022-07-31,0.5049,72.885604,-53.611135,0.5127
2022-08-01,0.5133,72.885598,-53.611154,0.5422
2022-08-02,0.5502,72.885596,-53.611163,0.2513
2022-08-08,0.559,72.885593,-53.611263,0.6014
2022-08-10,0.7987,72.885584,-53.611272,0.7028
2022-08-13,0.6092,72.885591,-53.611338,0.7293
2022-08-14,0.5898,72.885587,-53.611339,0.5
2022-08-15,0.5194,72.885588,-53.611361,0.1158
2022-08-16,0.5214,72.885584,-53.611385,0.5
2022-08-19,0.7964,72.885582,-53.611425,0.3408
2022-08-21,0.7033,72.885585,-53.611442,0.5615
2022-08-22,0.8217,72.885586,-53.61146,0.2799
2022-08-23,0.6906,72.885601,-53.611314,0.6501
2022-08-24,0.6213,72.885577,-53.611485,0.6384
2022-08-25,0.5621,72.885573,-53.611498,0.4
2022-08-28,0.7634,72.885581,-53.61156,0.6667
2022-09-01,0.6793,72.885574,-53.611602,0.1568
2022-09-06,0.7428,72.885532,-53.611575,0.0
2023-05-02,0.7591,72.885358,-53.615104,0.3811
2023-05-03,0.8971,72.885363,-53.615128,1.0
2023-05-06,0.8738,72.88534,-53.614881,0.6806
2023-05-07,0.8989,72.885359,-53.615164,0.1787
2023-05-09,0.8812,72.885352,-53.615195,0.6
2023-05-10,0.819,72.885361,-53.615224,0.1575
2023-05-11,0.7809,72.885351,-53.615218,0.3406
2023-05-12,0.7968,72.885359,-53.615244,0.3186
2023-05-13,0.878,72.885356,-53.615263,0.655
2023-05-14,0.8585,72.885345,-53.615257,0.25
2023-05-15,0.848,72.885352,-53.615282,0.509
2023-05-16,0.7948,72.885347,-53.615322,0.3404
2023-05-17,0.8057,72.885349,-53.615308,0.2948
2023-05-18,0.8559,72.885338,-53.615302,0.3068
2023-05-19,0.7943,72.88535,-53.615341,0.4007
2023-05-21,0.847,72.885345,-53.615387,0.8239
2023-05-22,0.8201,72.885342,-53.6154,0.6351
2023-05-24,0.8286,72.885342,-53.61543,0.6669
2023-05-26,0.912,72.885338,-53.615431,0.8379
2023-05-27,0.9454,72.885341,-53.615455,0.9587
2023-05-28,0.8786,72.885341,-53.615469,0.68
2023-05-29,0.8002,72.885344,-53.615494,0.5931
2023-05-30,0.9214,72.885345,-53.615495,0.718
2023-05-31,0.9163,72.885205,-53.615211,0.0
2023-06-04,0.9134,72.885164,-53.615424,0.5
2023-06-05,0.8185,72.885332,-53.615593,0.0
2023-06-06,0.7959,72.885329,-53.615614,0.4127
2023-06-08,0.8026,72.885323,-53.61563,0.3001
2023-06-09,0.7995,72.885329,-53.61565,0.0
2023-06-10,0.9322,72.885341,-53.615708,0.6172
2023-06-11,0.8473,72.885337,-53.615689,0.0
2023-06-13,0.9598,72.88545,-53.614858,0.0
2023-06-14,0.811,72.885325,-53.615722,0.1372
2023-06-15,0.7933,72.885328,-53.615756,0.6399
2023-06-16,0.8746,72.885328,-53.615763,0.578
2023-06-19,0.9127,72.88523,-53.615824,0.0
2023-06-21,0.8901,72.885321,-53.615822,0.1429
2023-06-22,0.8625,72.885321,-53.615839,0.4095
2023-06-23,0.8,72.885234,-53.615796,0.4953
2023-06-24,0.8192,72.885324,-53.615864,0.9392
2023-06-25,0.7457,72.885321,-53.615887,0.3716
2023-06-26,0.7672,72.885319,-53.615898,0.2802
2023-06-27,0.7896,72.885315,-53.615918,0.4879
2023-06-28,0.7586,72.885319,-53.615941,0.6941
2023-06-29,0.7352,72.885318,-53.61595,0.3186
2023-06-30,0.801,72.885309,-53.615956,0.6141
2023-07-01,0.8173,72.885312,-53.615967,0.9721
2023-07-02,0.7115,72.885313,-53.615988,0.36
2023-07-03,0.6617,72.885309,-53.615997,0.393
2023-07-06,0.7355,72.885305,-53.616037,1.0
2023-07-08,0.7066,72.885237,-53.615935,0.3614
2023-07-09,0.7924,72.885305,-53.616092,0.4177
2023-07-12,0.5873,72.885299,-53.616126,0.3185
2023-07-17,0.5825,72.885296,-53.616224,0.251
2023-07-18,0.564,72.8853,-53.616237,0.457
2023-07-22,0.4788,72.8853,-53.616311,0.4049
2023-07-24,0.5226,72.885291,-53.616345,0.3794
2023-07-25,0.5355,72.885296,-53.616358,0.5897
2023-07-27,0.4921,72.88529,-53.61638,0.4486
2023-07-31,0.5288,72.885282,-53.616434,0.4014
2023-08-02,0.4797,72.885282,-53.616471,1.0
2023-08-03,0.5609,72.885289,-53.616484,0.5318
2023-08-07,0.5089,72.885282,-53.616527,0.4769
2023-08-14,0.4606,72.885292,-53.61668,0.5277
2023-08-18,0.4648,72.885324,-53.615948,0.1255
2023-08-19,0.429,72.88533,-53.616011,0.0
2023-08-20,0.4421,72.885264,-53.61673,0.0
2023-08-22,0.4115,72.885255,-53.616774,0.0
2023-08-24,0.4322,72.885264,-53.616864,0.0209
2023-08-25,0.6421,72.885256,-53.616827,0.0
2023-08-26,0.5614,72.885263,-53.616818,0.25
2023-08-27,0.4954,72.885264,-53.616819,0.0
2023-08-28,0.5116,72.885252,-53.616837,0.1512
2023-08-30,0.7349,72.885258,-53.616874,0.0
2023-08-31,0.8776,72.885271,-53.616889,0.0
2023-09-08,0.905,72.885253,-53.617015,0.0
2023-09-09,0.8197,72.885254,-53.616988,0.0891
2023-09-10,0.7568,72.885269,-53.617034,0.0809
2023-09-12,0.7862,72.885251,-53.617026,0.125
